Timestamp,Temperature,Humidity,CO2,Noise,Pressure,Predicted_Temperature,Predicted_Humidity,Predicted_CO2,Predicted_Noise,Predicted_Pressure
2023-07-01 00:00:00,22.05,53.416666666666664,544.9166666666666,43.0,1000.6666666666666,22.05,53.41666666666667,544.9166666666667,43.00000000000001,1000.6666666666666
2023-07-01 01:00:00,21.349999999999998,53.0,513.1666666666666,39.333333333333336,1000.4499999999999,21.349999999999998,53.0,513.1666666666666,39.333333333333336,1000.4499999999999
2023-07-01 02:00:00,21.099999999999998,53.0,503.25,39.25,1000.1750000000001,21.099999999999998,52.99999999999999,503.25,39.25,1000.1750000000001
2023-07-01 03:00:00,20.883333333333333,53.75,499.25,39.25,999.9833333333332,20.883333333333333,53.74999999999999,499.25,39.25,999.9833333333332
2023-07-01 04:00:00,20.7,54.083333333333336,489.4166666666667,39.333333333333336,999.5,20.7,54.08333333333333,489.4166666666667,39.333333333333336,999.5
2023-07-01 05:00:00,20.55,55.0,484.8333333333333,39.416666666666664,999.2833333333333,20.55,54.99999999999999,484.8333333333333,39.416666666666664,999.2833333333333
2023-07-01 06:00:00,20.833333333333332,55.416666666666664,502.5,39.333333333333336,999.0,20.833333333333332,55.41666666666666,502.5,39.333333333333336,999.0
2023-07-01 07:00:00,21.0,55.0,500.72727272727275,39.63636363636363,998.7818181818183,21.0,54.99999999999999,500.72727272727275,39.63636363636363,998.7818181818183
2023-07-01 08:00:00,21.241666666666667,54.0,522.6666666666666,40.75,998.6333333333333,21.241666666666667,54.0,522.6666666666667,40.75,998.6333333333333
2023-07-01 09:00:00,21.741666666666664,53.083333333333336,490.1666666666667,45.666666666666664,998.4499999999999,21.741666666666664,53.083333333333336,490.16666666666674,45.66666666666667,998.4499999999999
2023-07-01 10:00:00,22.166666666666668,52.416666666666664,490.1666666666667,42.583333333333336,998.3499999999999,22.166666666666668,52.41666666666667,490.1666666666667,42.583333333333336,998.3499999999999
2023-07-01 11:00:00,22.675,50.916666666666664,511.3333333333333,40.666666666666664,998.15,22.675,50.91666666666668,511.33333333333337,40.666666666666664,998.15
2023-07-01 12:00:00,22.991666666666664,49.583333333333336,529.1666666666666,44.25,997.5583333333334,22.991666666666664,49.58333333333335,529.1666666666666,44.25,997.5583333333334
2023-07-01 13:00:00,22.933333333333334,48.916666666666664,503.5,40.833333333333336,997.0916666666667,22.933333333333334,48.91666666666668,503.5,40.833333333333336,997.0916666666667
2023-07-01 14:00:00,22.566666666666666,48.916666666666664,454.3333333333333,40.916666666666664,996.8000000000001,22.566666666666666,48.91666666666668,454.3333333333333,40.916666666666664,996.8000000000001
2023-07-01 15:00:00,22.491666666666664,48.75,446.5833333333333,41.083333333333336,996.4083333333333,22.491666666666664,48.750000000000014,446.5833333333333,41.083333333333336,996.4083333333333
2023-07-01 16:00:00,22.316666666666666,49.0,446.5,40.5,995.9666666666667,22.316666666666666,49.00000000000001,446.5,40.5,995.9666666666667
2023-07-01 17:00:00,22.3,49.0,441.5,40.333333333333336,995.4583333333334,22.3,49.00000000000001,441.5,40.333333333333336,995.4583333333334
2023-07-01 18:00:00,22.19090909090909,50.09090909090909,445.8181818181818,40.36363636363637,994.8727272727273,22.19090909090909,50.0909090909091,445.8181818181818,40.36363636363637,994.8727272727273
2023-07-01 19:00:00,22.03333333333333,52.083333333333336,444.8333333333333,40.083333333333336,994.2666666666668,22.03333333333333,52.08333333333334,444.83333333333326,40.083333333333336,994.2666666666668
2023-07-01 20:00:00,21.958333333333332,53.833333333333336,440.6666666666667,40.333333333333336,993.6333333333333,21.958333333333332,53.83333333333334,440.66666666666663,40.333333333333336,993.6333333333333
2023-07-01 21:00:00,21.875,54.0,437.4166666666667,40.166666666666664,993.3583333333332,21.875,54.00000000000001,437.41666666666663,40.166666666666664,993.3583333333332
2023-07-01 22:00:00,21.708333333333332,54.333333333333336,431.5833333333333,40.5,992.9,21.708333333333332,54.33333333333334,431.58333333333326,40.5,992.9
2023-07-01 23:00:00,21.516666666666666,55.5,427.5,40.416666666666664,992.4166666666666,21.516666666666666,55.50000000000001,427.49999999999994,40.41666666666667,992.4166666666666
2023-07-02 00:00:00,21.375,56.25,432.9166666666667,40.083333333333336,991.85,21.375,56.25000000000001,432.91666666666663,40.08333333333334,991.85
2023-07-02 01:00:00,21.791666666666668,56.333333333333336,443.8333333333333,39.583333333333336,991.2833333333333,21.791666666666668,56.33333333333334,443.83333333333326,39.58333333333334,991.2833333333333
2023-07-02 02:00:00,22.0,56.0,453.5,39.5,990.6,22.0,56.000000000000014,453.49999999999994,39.5,990.6
2023-07-02 03:00:00,22.008333333333336,56.666666666666664,457.9166666666667,39.916666666666664,990.0833333333334,22.008333333333336,56.66666666666668,457.91666666666663,39.91666666666667,990.0833333333334
2023-07-02 04:00:00,21.983333333333334,57.0,449.9166666666667,39.5,989.6,21.983333333333334,57.000000000000014,449.91666666666663,39.50000000000001,989.6
2023-07-02 05:00:00,21.9,57.0,450.8181818181818,39.54545454545455,989.0,21.9,57.000000000000014,450.81818181818176,39.545454545454554,989.0
2023-07-02 06:00:00,21.741666666666664,57.416666666666664,441.1666666666667,39.583333333333336,988.6166666666667,21.741666666666664,57.41666666666667,441.16666666666663,39.58333333333334,988.6166666666667
2023-07-02 07:00:00,21.7,58.0,444.75,40.0,988.225,21.7,58.0,444.74999999999994,40.00000000000001,988.225
2023-07-02 08:00:00,21.508333333333336,58.333333333333336,437.25,40.416666666666664,988.0666666666666,21.508333333333336,58.333333333333336,437.24999999999994,40.41666666666667,988.0666666666666
2023-07-02 09:00:00,21.208333333333332,58.833333333333336,430.0,39.666666666666664,988.3583333333332,21.208333333333332,58.833333333333336,429.99999999999994,39.66666666666667,988.3583333333332
2023-07-02 10:00:00,21.2,57.416666666666664,428.75,40.833333333333336,988.8416666666667,21.2,57.41666666666667,428.74999999999994,40.83333333333334,988.8416666666667
2023-07-02 11:00:00,21.108333333333334,55.666666666666664,423.3333333333333,40.916666666666664,989.2333333333335,21.108333333333334,55.666666666666664,423.33333333333326,40.91666666666667,989.2333333333335
2023-07-02 12:00:00,21.066666666666666,53.666666666666664,415.0833333333333,41.833333333333336,989.5500000000001,21.066666666666666,53.666666666666664,415.08333333333326,41.833333333333336,989.5500000000001
2023-07-02 13:00:00,21.116666666666667,52.0,415.0,41.916666666666664,989.6583333333333,21.116666666666667,52.0,415.0,41.916666666666664,989.6583333333333
2023-07-02 14:00:00,20.958333333333332,51.0,411.9166666666667,41.5,989.6833333333334,20.958333333333332,51.0,411.9166666666667,41.5,989.6833333333334
2023-07-02 15:00:00,20.808333333333334,50.583333333333336,404.75,42.0,990.1500000000001,20.808333333333334,50.583333333333336,404.75,42.0,990.1500000000001
2023-07-02 16:00:00,20.545454545454547,50.63636363636363,403.0,42.18181818181818,990.1545454545455,20.545454545454547,50.636363636363626,403.0,42.18181818181818,990.1545454545455
2023-07-02 17:00:00,20.375,50.916666666666664,401.6666666666667,41.666666666666664,989.8249999999999,20.375,50.91666666666666,401.6666666666667,41.666666666666664,989.8249999999999
2023-07-02 18:00:00,20.349999999999998,51.75,433.3333333333333,43.416666666666664,989.3416666666667,20.349999999999998,51.74999999999999,433.3333333333333,43.416666666666664,989.3416666666667
2023-07-02 19:00:00,20.55,52.0,454.9166666666667,42.416666666666664,988.9499999999999,20.55,52.0,454.9166666666667,42.416666666666664,988.9499999999999
2023-07-02 20:00:00,21.0,52.0,420.1666666666667,41.0,988.5583333333334,21.0,52.0,420.16666666666663,41.0,988.5583333333334
2023-07-02 21:00:00,21.391666666666666,52.0,495.0833333333333,43.75,988.5083333333333,21.391666666666666,52.00000000000001,495.08333333333337,43.75,988.5083333333333
2023-07-02 22:00:00,21.325,52.0,459.75,43.166666666666664,988.25,21.325,52.00000000000001,459.75,43.166666666666664,988.25
2023-07-02 23:00:00,20.625,52.583333333333336,441.5833333333333,43.333333333333336,987.9583333333334,20.625,52.583333333333336,441.5833333333333,43.333333333333336,987.9583333333334
2023-07-03 00:00:00,19.900000000000002,53.0,442.0833333333333,39.583333333333336,987.8333333333334,19.9,52.999999999999986,442.08333333333326,39.583333333333336,987.8333333333334
2023-07-03 01:00:00,19.216666666666665,53.083333333333336,434.6666666666667,39.666666666666664,987.6750000000001,19.21666666666666,53.083333333333314,434.66666666666663,39.666666666666664,987.6750000000001
2023-07-03 02:00:00,18.791666666666668,53.916666666666664,432.3333333333333,39.416666666666664,987.6500000000001,18.791666666666664,53.91666666666664,432.3333333333333,39.416666666666664,987.6500000000001
2023-07-03 03:00:00,18.472727272727273,54.27272727272727,424.72727272727275,39.54545454545455,987.5,18.47272727272727,54.272727272727245,424.72727272727275,39.54545454545455,987.5
2023-07-03 04:00:00,18.4,55.416666666666664,420.0833333333333,39.416666666666664,987.1166666666667,18.399999999999995,55.416666666666636,420.0833333333333,39.416666666666664,987.1166666666667
2023-07-03 05:00:00,18.5,56.166666666666664,409.0,39.5,986.65,18.499999999999996,56.166666666666636,408.99999999999994,39.50000000000001,986.65
2023-07-03 06:00:00,18.59166666666667,57.166666666666664,409.75,40.083333333333336,986.6,18.591666666666665,57.166666666666636,409.74999999999994,40.08333333333334,986.6
2023-07-03 07:00:00,18.875,58.5,406.1666666666667,40.25,986.7833333333333,18.874999999999996,58.49999999999997,406.16666666666663,40.25000000000001,986.7833333333333
2023-07-03 08:00:00,19.075,59.916666666666664,397.6666666666667,41.333333333333336,987.2833333333333,19.074999999999996,59.916666666666636,397.66666666666663,41.33333333333334,987.2833333333333
2023-07-03 09:00:00,19.341666666666665,59.0,416.5833333333333,42.5,987.85,19.34166666666666,58.99999999999998,416.58333333333326,42.50000000000001,987.85
2023-07-03 10:00:00,19.099999999999998,59.0,413.3333333333333,43.25,988.4166666666666,19.099999999999994,58.99999999999997,413.33333333333326,43.25000000000001,988.4166666666666
2023-07-03 11:00:00,19.55,58.5,450.9166666666667,45.5,989.1,19.549999999999997,58.49999999999998,450.9166666666667,45.50000000000001,989.1
2023-07-03 12:00:00,20.141666666666666,57.0,461.75,44.0,989.5166666666668,20.141666666666666,56.99999999999999,461.75,44.00000000000001,989.5166666666668
2023-07-03 13:00:00,20.88181818181818,55.45454545454545,474.54545454545456,51.54545454545455,990.0727272727272,20.88181818181818,55.45454545454545,474.5454545454546,51.545454545454554,990.0727272727272
2023-07-03 14:00:00,21.416666666666668,54.583333333333336,498.75,51.166666666666664,990.4499999999999,21.416666666666668,54.58333333333334,498.75000000000006,51.16666666666667,990.4499999999999
2023-07-03 15:00:00,21.84166666666667,54.0,539.0,45.833333333333336,990.9,21.84166666666667,54.000000000000014,539.0000000000001,45.83333333333334,990.9
2023-07-03 16:00:00,22.358333333333334,53.25,625.25,46.333333333333336,991.4583333333334,22.35833333333333,53.250000000000014,625.2500000000001,46.33333333333334,991.4583333333334
2023-07-03 17:00:00,21.708333333333332,53.0,585.5,46.833333333333336,991.875,21.708333333333332,53.00000000000001,585.5000000000001,46.83333333333334,991.875
2023-07-03 18:00:00,21.041666666666668,52.666666666666664,484.0833333333333,43.0,992.2333333333332,21.041666666666668,52.666666666666664,484.08333333333337,43.0,992.2333333333332
2023-07-03 19:00:00,20.058333333333334,52.75,451.4166666666667,43.25,992.475,20.058333333333334,52.74999999999999,451.4166666666667,43.25,992.475
2023-07-03 20:00:00,21.216666666666665,53.416666666666664,594.5833333333334,45.5,992.6750000000001,21.216666666666665,53.41666666666667,594.5833333333335,45.50000000000001,992.6750000000001
2023-07-03 21:00:00,21.733333333333334,52.5,639.9166666666666,43.916666666666664,992.8583333333332,21.73333333333333,52.50000000000001,639.9166666666667,43.91666666666667,992.8583333333332
2023-07-03 22:00:00,21.650000000000002,53.75,565.8333333333334,45.666666666666664,993.1916666666667,21.650000000000002,53.75000000000001,565.8333333333335,45.66666666666667,993.1916666666667
2023-07-03 23:00:00,21.358333333333334,53.833333333333336,548.1666666666666,46.5,993.2916666666666,21.358333333333334,53.833333333333336,548.1666666666667,46.50000000000001,993.2916666666666
2023-07-04 00:00:00,19.71818181818182,54.0,439.1818181818182,41.54545454545455,993.4272727272728,19.718181818181815,53.99999999999998,439.18181818181813,41.54545454545455,993.4272727272728
2023-07-04 01:00:00,19.25,54.416666666666664,430.25,41.333333333333336,993.5416666666666,19.249999999999996,54.416666666666636,430.24999999999994,41.333333333333336,993.5416666666666
2023-07-04 02:00:00,18.841666666666665,55.0,420.3333333333333,41.25,993.5916666666667,18.84166666666666,54.99999999999997,420.33333333333326,41.25000000000001,993.5916666666667
2023-07-04 03:00:00,18.516666666666666,56.0,407.0,41.083333333333336,993.5166666666668,18.516666666666662,55.999999999999964,406.99999999999994,41.08333333333334,993.5166666666668
2023-07-04 04:00:00,18.375,56.0,407.4166666666667,41.583333333333336,993.5833333333334,18.374999999999996,55.999999999999964,407.41666666666663,41.58333333333334,993.5833333333334
2023-07-04 05:00:00,18.083333333333332,57.0,409.9166666666667,41.25,993.5749999999999,18.08333333333333,56.999999999999964,409.91666666666663,41.25000000000001,993.5749999999999
2023-07-04 06:00:00,18.041666666666668,57.0,406.25,41.416666666666664,993.5916666666667,18.041666666666664,56.999999999999964,406.24999999999994,41.41666666666667,993.5916666666667
2023-07-04 07:00:00,18.058333333333334,57.666666666666664,416.8333333333333,42.0,993.5583333333334,18.05833333333333,57.66666666666662,416.8333333333333,42.00000000000001,993.5583333333334
2023-07-04 08:00:00,18.866666666666667,57.333333333333336,467.0833333333333,42.0,994.1416666666668,18.866666666666664,57.33333333333331,467.0833333333333,42.00000000000001,994.1416666666668
2023-07-04 09:00:00,19.433333333333334,57.0,501.8333333333333,47.25,994.5833333333334,19.43333333333333,56.99999999999998,501.83333333333337,47.25000000000001,994.5833333333334
2023-07-04 10:00:00,19.95,56.166666666666664,499.1666666666667,41.416666666666664,994.9916666666667,19.949999999999996,56.16666666666665,499.1666666666667,41.41666666666667,994.9916666666667
2023-07-04 11:00:00,20.454545454545453,55.09090909090909,555.6363636363636,43.54545454545455,995.5181818181819,20.454545454545453,55.09090909090908,555.6363636363637,43.545454545454554,995.5181818181819
2023-07-04 12:00:00,21.858333333333334,55.583333333333336,735.1666666666666,46.083333333333336,995.9499999999999,21.85833333333333,55.58333333333334,735.1666666666669,46.08333333333334,995.9499999999999
2023-07-04 13:00:00,22.258333333333336,55.083333333333336,768.5,44.166666666666664,996.0916666666667,22.258333333333333,55.08333333333334,768.5000000000002,44.16666666666667,996.0916666666667
2023-07-04 14:00:00,22.108333333333334,55.0,550.4166666666666,43.75,996.475,22.108333333333334,55.00000000000001,550.4166666666667,43.75000000000001,996.475
2023-07-04 15:00:00,21.916666666666668,55.666666666666664,464.5833333333333,43.083333333333336,996.875,21.916666666666668,55.66666666666667,464.58333333333326,43.08333333333334,996.875
2023-07-04 16:00:00,21.96666666666667,56.416666666666664,571.0833333333334,45.083333333333336,997.3666666666667,21.96666666666667,56.41666666666667,571.0833333333335,45.08333333333334,997.3666666666667
2023-07-04 17:00:00,22.291666666666668,56.083333333333336,567.5833333333334,42.416666666666664,997.875,22.291666666666668,56.08333333333334,567.5833333333335,42.41666666666667,997.875
2023-07-04 18:00:00,22.633333333333336,56.0,577.5833333333334,41.583333333333336,998.2583333333333,22.633333333333336,56.000000000000014,577.5833333333335,41.58333333333334,998.2583333333333
2023-07-04 19:00:00,22.866666666666664,56.0,664.0833333333334,41.75,998.8666666666667,22.86666666666666,56.000000000000014,664.0833333333335,41.75000000000001,998.8666666666667
2023-07-04 20:00:00,22.991666666666664,56.0,679.0,41.416666666666664,999.0833333333334,22.99166666666666,56.000000000000014,679.0000000000001,41.41666666666667,999.0833333333334
2023-07-04 21:00:00,23.0,55.416666666666664,582.6666666666666,40.25,999.5083333333333,23.0,55.41666666666668,582.6666666666667,40.25,999.5083333333333
2023-07-04 22:00:00,22.8,55.0,552.0909090909091,40.27272727272727,1000.1636363636363,22.8,55.000000000000014,552.0909090909092,40.27272727272727,1000.1636363636363
2023-07-04 23:00:00,22.5,54.166666666666664,537.8333333333334,40.416666666666664,1000.625,22.5,54.16666666666668,537.8333333333334,40.416666666666664,1000.625
2023-07-05 00:00:00,22.34166666666667,54.0,598.0,52.583333333333336,1001.275,22.34166666666667,54.00000000000001,598.0000000000001,52.58333333333334,1001.275
2023-07-05 01:00:00,21.075,54.666666666666664,511.6666666666667,38.916666666666664,1001.8000000000001,21.075,54.66666666666666,511.6666666666667,38.916666666666664,1001.8000000000001
2023-07-05 02:00:00,20.225,56.0,477.9166666666667,38.916666666666664,1002.1916666666666,20.225,55.999999999999986,477.9166666666667,38.916666666666664,1002.1916666666666
2023-07-05 03:00:00,19.825,56.0,471.9166666666667,38.5,1002.7083333333334,19.824999999999996,55.99999999999998,471.9166666666667,38.5,1002.7083333333334
2023-07-05 04:00:00,19.45,56.0,474.75,39.0,1003.225,19.449999999999996,55.99999999999998,474.75,39.0,1003.225
2023-07-05 05:00:00,19.416666666666668,56.5,477.5833333333333,39.083333333333336,1003.6916666666666,19.416666666666664,56.49999999999998,477.5833333333333,39.083333333333336,1003.6916666666666
2023-07-05 06:00:00,20.041666666666668,56.0,518.8333333333334,39.833333333333336,1004.3833333333333,20.041666666666668,55.999999999999986,518.8333333333335,39.83333333333334,1004.3833333333333
2023-07-05 07:00:00,20.958333333333332,55.083333333333336,562.3333333333334,40.0,1005.0083333333333,20.958333333333332,55.08333333333333,562.3333333333335,40.0,1005.0083333333333
2023-07-05 08:00:00,21.641666666666666,52.666666666666664,578.5833333333334,41.666666666666664,1005.5749999999999,21.641666666666666,52.666666666666664,578.5833333333335,41.66666666666666,1005.5749999999999
2023-07-05 09:00:00,22.563636363636363,50.27272727272727,566.3636363636364,40.63636363636363,1006.3545454545455,22.563636363636363,50.27272727272729,566.3636363636365,40.636363636363626,1006.3545454545455
2023-07-05 10:00:00,23.333333333333332,48.416666666666664,584.4166666666666,40.416666666666664,1006.9250000000001,23.333333333333332,48.416666666666686,584.4166666666667,40.41666666666666,1006.9250000000001
2023-07-05 11:00:00,23.59166666666667,46.0,602.3333333333334,41.083333333333336,1007.6166666666667,23.59166666666667,46.00000000000002,602.3333333333335,41.08333333333333,1007.6166666666667
2023-07-05 12:00:00,23.75,44.333333333333336,601.0833333333334,41.166666666666664,1008.025,23.75,44.33333333333337,601.0833333333335,41.16666666666666,1008.025
2023-07-05 13:00:00,24.150000000000002,43.416666666666664,657.9166666666666,46.666666666666664,1008.2083333333334,24.15,43.4166666666667,657.9166666666667,46.66666666666666,1008.2083333333334
2023-07-05 14:00:00,24.741666666666664,44.333333333333336,753.8333333333334,43.666666666666664,1008.125,24.74166666666666,44.33333333333338,753.8333333333335,43.666666666666664,1008.125
2023-07-05 15:00:00,24.675,42.583333333333336,607.0,39.916666666666664,1007.9083333333333,24.675,42.58333333333338,607.0000000000001,39.91666666666666,1007.9083333333333
2023-07-05 16:00:00,24.34166666666667,42.0,520.5833333333334,41.0,1007.625,24.34166666666667,42.00000000000004,520.5833333333334,40.99999999999999,1007.625
2023-07-05 17:00:00,24.066666666666666,43.0,521.25,40.666666666666664,1007.6083333333335,24.066666666666666,43.000000000000036,521.25,40.66666666666666,1007.6083333333335
2023-07-05 18:00:00,23.683333333333334,44.583333333333336,504.6666666666667,39.916666666666664,1007.375,23.683333333333334,44.583333333333364,504.6666666666667,39.91666666666666,1007.375
2023-07-05 19:00:00,23.25,46.833333333333336,504.25,41.916666666666664,1007.1999999999999,23.25,46.83333333333336,504.25,41.91666666666666,1007.1999999999999
2023-07-05 20:00:00,23.027272727272727,47.90909090909091,486.72727272727275,41.18181818181818,1007.1454545454545,23.027272727272727,47.90909090909092,486.72727272727275,41.18181818181817,1007.1454545454545
2023-07-05 21:00:00,22.8,49.416666666666664,490.5,40.333333333333336,1006.7166666666667,22.8,49.41666666666668,490.5,40.33333333333333,1006.7166666666667
2023-07-05 22:00:00,22.325,50.5,620.25,58.25,1006.3583333333332,22.324999999999996,50.50000000000001,620.2500000000001,58.25,1006.3583333333332
2023-07-05 23:00:00,21.458333333333332,52.166666666666664,547.3333333333334,40.666666666666664,1005.9416666666666,21.458333333333332,52.166666666666664,547.3333333333335,40.66666666666666,1005.9416666666666
2023-07-06 00:00:00,19.908333333333335,54.75,439.25,39.166666666666664,1005.5416666666666,19.90833333333333,54.74999999999998,439.24999999999994,39.166666666666664,1005.5416666666666
2023-07-06 01:00:00,19.349999999999998,56.583333333333336,422.8333333333333,38.416666666666664,1005.3083333333334,19.349999999999994,56.583333333333314,422.83333333333326,38.416666666666664,1005.3083333333334
2023-07-06 02:00:00,19.14166666666667,57.833333333333336,421.25,38.666666666666664,1004.7083333333334,19.141666666666666,57.8333333333333,421.24999999999994,38.66666666666667,1004.7083333333334
2023-07-06 03:00:00,19.175,58.916666666666664,448.0,38.333333333333336,1004.1416666666668,19.174999999999997,58.91666666666663,448.0,38.33333333333334,1004.1416666666668
2023-07-06 04:00:00,19.641666666666666,59.0,484.6666666666667,38.166666666666664,1003.6833333333334,19.641666666666662,58.99999999999997,484.6666666666667,38.16666666666667,1003.6833333333334
2023-07-06 05:00:00,19.841666666666665,59.0,491.0,38.666666666666664,1003.5083333333333,19.84166666666666,58.99999999999997,491.0,38.66666666666667,1003.5083333333333
2023-07-06 06:00:00,19.85833333333333,58.666666666666664,502.0833333333333,39.083333333333336,1003.1916666666666,19.858333333333327,58.666666666666636,502.0833333333333,39.08333333333334,1003.1916666666666
2023-07-06 07:00:00,20.05454545454546,58.0,497.45454545454544,39.36363636363637,1003.1272727272727,20.05454545454546,57.99999999999998,497.45454545454544,39.363636363636374,1003.1272727272727
2023-07-06 08:00:00,20.625,57.166666666666664,521.1666666666666,40.416666666666664,1003.0833333333334,20.625,57.16666666666666,521.1666666666667,40.41666666666667,1003.0833333333334
2023-07-06 09:00:00,21.0,55.583333333333336,484.3333333333333,40.0,1003.2583333333333,21.0,55.58333333333333,484.3333333333333,40.0,1003.2583333333333
2023-07-06 10:00:00,21.341666666666665,54.333333333333336,486.4166666666667,41.083333333333336,1003.2666666666668,21.341666666666665,54.333333333333336,486.4166666666667,41.083333333333336,1003.2666666666668
2023-07-06 11:00:00,21.625,54.0,508.75,42.583333333333336,1003.4916666666667,21.625,54.0,508.75,42.58333333333334,1003.4916666666667
2023-07-06 12:00:00,22.15833333333333,53.0,547.5833333333334,42.333333333333336,1003.9583333333334,22.15833333333333,53.00000000000001,547.5833333333335,42.333333333333336,1003.9583333333334
2023-07-06 13:00:00,22.375,53.916666666666664,525.9166666666666,45.666666666666664,1004.4333333333334,22.375,53.91666666666667,525.9166666666666,45.66666666666667,1004.4333333333334
2023-07-06 14:00:00,22.358333333333334,55.416666666666664,586.4166666666666,48.25,1005.1583333333333,22.358333333333334,55.41666666666667,586.4166666666667,48.25000000000001,1005.1583333333333
2023-07-06 15:00:00,21.974999999999998,58.416666666666664,514.5,43.416666666666664,1005.8000000000001,21.974999999999998,58.416666666666664,514.5,43.416666666666664,1005.8000000000001
2023-07-06 16:00:00,22.083333333333332,59.0,520.8333333333334,51.083333333333336,1006.4416666666666,22.083333333333332,59.0,520.8333333333334,51.083333333333336,1006.4416666666666
2023-07-06 17:00:00,22.40833333333333,58.916666666666664,540.0,44.333333333333336,1007.1666666666666,22.40833333333333,58.916666666666664,540.0,44.333333333333336,1007.1666666666666
2023-07-06 18:00:00,22.7,58.90909090909091,548.6363636363636,46.09090909090909,1007.5181818181819,22.7,58.909090909090914,548.6363636363636,46.09090909090909,1007.5181818181819
2023-07-06 19:00:00,23.125,58.5,601.5,48.166666666666664,1007.9583333333334,23.125,58.500000000000014,601.5000000000001,48.166666666666664,1007.9583333333334
2023-07-06 20:00:00,23.358333333333334,58.0,595.0833333333334,58.583333333333336,1008.4916666666667,23.358333333333334,58.000000000000014,595.0833333333335,58.58333333333334,1008.4916666666667
2023-07-06 21:00:00,23.375,58.0,642.0833333333334,50.166666666666664,1009.1666666666666,23.374999999999996,58.000000000000014,642.0833333333335,50.166666666666664,1009.1666666666666
2023-07-06 22:00:00,23.125,57.083333333333336,526.0,42.333333333333336,1009.7583333333333,23.125,57.08333333333336,526.0,42.333333333333336,1009.7583333333333
2023-07-06 23:00:00,22.325,58.25,547.3333333333334,42.75,1010.2666666666668,22.325,58.25,547.3333333333335,42.75,1010.2666666666668
2023-07-07 00:00:00,21.316666666666666,59.666666666666664,507.1666666666667,38.166666666666664,1010.7583333333333,21.316666666666666,59.66666666666666,507.1666666666667,38.166666666666664,1010.7583333333333
2023-07-07 01:00:00,20.849999999999998,60.583333333333336,493.0,38.166666666666664,1011.0666666666666,20.849999999999998,60.58333333333332,493.0,38.166666666666664,1011.0666666666666
2023-07-07 02:00:00,20.408333333333335,61.0,494.0,38.0,1011.3916666666665,20.408333333333335,60.99999999999998,494.0,38.0,1011.3916666666665
2023-07-07 03:00:00,20.033333333333335,61.0,528.3333333333334,38.083333333333336,1011.7333333333332,20.033333333333335,60.99999999999998,528.3333333333334,38.083333333333336,1011.7333333333332
2023-07-07 04:00:00,19.783333333333335,61.166666666666664,522.6666666666666,38.166666666666664,1012.2583333333333,19.78333333333333,61.166666666666636,522.6666666666666,38.166666666666664,1012.2583333333333
2023-07-07 05:00:00,19.845454545454547,62.18181818181818,514.9090909090909,38.18181818181818,1012.6727272727272,19.845454545454547,62.18181818181815,514.9090909090909,38.18181818181818,1012.6727272727272
2023-07-07 06:00:00,20.058333333333334,63.0,526.0,39.166666666666664,1013.3583333333332,20.058333333333337,62.99999999999998,526.0,39.166666666666664,1013.3583333333332
2023-07-07 07:00:00,20.858333333333334,62.833333333333336,629.9166666666666,39.5,1013.9499999999999,20.858333333333334,62.833333333333314,629.9166666666666,39.5,1013.9499999999999
2023-07-07 08:00:00,22.0,61.833333333333336,668.1666666666666,41.166666666666664,1014.5583333333334,22.0,61.83333333333333,668.1666666666667,41.166666666666664,1014.5583333333334
2023-07-07 09:00:00,22.75,59.583333333333336,586.5,39.5,1015.0166666666668,22.75,59.583333333333336,586.5000000000001,39.5,1015.0166666666668
2023-07-07 10:00:00,23.075,57.75,510.5833333333333,39.333333333333336,1015.6583333333333,23.075,57.75,510.58333333333326,39.333333333333336,1015.6583333333333
2023-07-07 11:00:00,23.40833333333333,56.416666666666664,495.5833333333333,39.5,1016.6083333333332,23.40833333333333,56.41666666666668,495.58333333333326,39.5,1016.6083333333332
2023-07-07 12:00:00,23.566666666666666,54.5,497.4166666666667,39.5,1017.0416666666666,23.566666666666666,54.500000000000014,497.41666666666663,39.49999999999999,1017.0416666666666
2023-07-07 13:00:00,23.575000000000003,52.916666666666664,495.5833333333333,39.333333333333336,1017.4583333333334,23.575000000000003,52.91666666666668,495.58333333333326,39.33333333333333,1017.4583333333334
2023-07-07 14:00:00,23.5,52.0,490.0833333333333,39.5,1017.8000000000001,23.5,52.000000000000014,490.08333333333326,39.49999999999999,1017.8000000000001
2023-07-07 15:00:00,23.427272727272726,51.09090909090909,483.09090909090907,39.90909090909091,1018.1909090909091,23.427272727272726,51.09090909090911,483.090909090909,39.9090909090909,1018.1909090909091
2023-07-07 16:00:00,23.25,51.166666666666664,481.25,39.75,1018.6,23.25,51.16666666666668,481.24999999999994,39.74999999999999,1018.6
2023-07-07 17:00:00,23.258333333333336,51.0,477.75,40.333333333333336,1018.5916666666667,23.258333333333336,51.000000000000014,477.74999999999994,40.33333333333333,1018.5916666666667
2023-07-07 18:00:00,23.241666666666664,51.333333333333336,476.5,39.833333333333336,1018.625,23.241666666666664,51.33333333333335,476.49999999999994,39.83333333333333,1018.625
2023-07-07 19:00:00,23.2,52.0,476.0,39.583333333333336,1018.8583333333332,23.2,52.000000000000014,475.99999999999994,39.58333333333333,1018.8583333333332
2023-07-07 20:00:00,23.2,53.0,474.9166666666667,39.916666666666664,1018.9916666666667,23.2,53.000000000000014,474.91666666666663,39.91666666666666,1018.9916666666667
2023-07-07 21:00:00,23.11666666666667,53.5,475.6666666666667,39.416666666666664,1019.3333333333334,23.11666666666667,53.500000000000014,475.66666666666663,39.41666666666666,1019.3333333333334
2023-07-07 22:00:00,23.03333333333333,54.0,476.9166666666667,39.416666666666664,1019.5416666666666,23.03333333333333,54.00000000000001,476.91666666666663,39.41666666666666,1019.5416666666666
2023-07-07 23:00:00,22.916666666666668,53.416666666666664,478.9166666666667,39.166666666666664,1019.8166666666666,22.916666666666668,53.41666666666667,478.91666666666663,39.16666666666666,1019.8166666666666
2023-07-08 00:00:00,22.766666666666666,53.0,478.0833333333333,38.916666666666664,1019.975,22.766666666666666,53.00000000000001,478.08333333333326,38.91666666666666,1019.975
2023-07-08 01:00:00,22.683333333333334,53.0,485.0833333333333,38.75,1020.025,22.683333333333334,53.00000000000001,485.08333333333326,38.74999999999999,1020.025
2023-07-08 02:00:00,22.563636363636366,53.0,495.3636363636364,38.54545454545455,1020.3363636363637,22.563636363636366,53.00000000000001,495.3636363636363,38.54545454545454,1020.3363636363637
2023-07-08 03:00:00,22.358333333333334,53.0,506.9166666666667,38.833333333333336,1020.4416666666666,22.358333333333334,53.0,506.9166666666667,38.83333333333333,1020.4416666666666
2023-07-08 04:00:00,22.241666666666664,53.0,502.9166666666667,38.5,1020.6083333333335,22.241666666666664,53.0,502.9166666666667,38.49999999999999,1020.6083333333335
2023-07-08 05:00:00,22.141666666666666,53.0,494.5833333333333,38.833333333333336,1020.7916666666666,22.141666666666666,53.0,494.58333333333326,38.83333333333333,1020.7916666666666
2023-07-08 06:00:00,22.058333333333334,53.5,516.25,38.833333333333336,1021.0500000000001,22.058333333333334,53.5,516.25,38.83333333333333,1021.0500000000001
2023-07-08 07:00:00,22.09166666666667,54.25,495.75,38.666666666666664,1021.4250000000001,22.09166666666667,54.25,495.75,38.66666666666666,1021.4250000000001
2023-07-08 08:00:00,22.59166666666667,55.0,487.9166666666667,39.083333333333336,1021.5416666666666,22.59166666666667,55.00000000000001,487.91666666666663,39.08333333333333,1021.5416666666666
2023-07-08 09:00:00,23.224999999999998,54.916666666666664,491.1666666666667,38.916666666666664,1021.5749999999999,23.224999999999998,54.91666666666668,491.16666666666663,38.91666666666666,1021.5749999999999
2023-07-08 10:00:00,23.708333333333332,54.0,498.75,39.5,1021.7083333333334,23.708333333333332,54.000000000000014,498.74999999999994,39.49999999999999,1021.7083333333334
2023-07-08 11:00:00,24.099999999999998,53.083333333333336,498.25,39.666666666666664,1021.7000000000002,24.099999999999998,53.08333333333336,498.24999999999994,39.66666666666666,1021.7000000000002
2023-07-08 12:00:00,24.433333333333334,52.083333333333336,504.8333333333333,39.0,1021.7666666666668,24.433333333333334,52.083333333333364,504.83333333333326,38.99999999999999,1021.7666666666668
2023-07-08 13:00:00,24.6,52.0,507.09090909090907,39.18181818181818,1021.8,24.6,52.00000000000003,507.090909090909,39.18181818181817,1021.8
2023-07-08 14:00:00,24.458333333333332,52.583333333333336,505.6666666666667,39.333333333333336,1021.9416666666666,24.458333333333332,52.583333333333364,505.66666666666663,39.33333333333333,1021.9416666666666
2023-07-08 15:00:00,24.399999999999995,53.583333333333336,508.4166666666667,39.25,1021.9,24.399999999999995,53.583333333333364,508.41666666666663,39.24999999999999,1021.9
2023-07-08 16:00:00,24.399999999999995,54.25,507.8333333333333,39.666666666666664,1021.8333333333334,24.399999999999995,54.25000000000003,507.83333333333326,39.66666666666666,1021.8333333333334
2023-07-08 17:00:00,24.416666666666668,55.0,511.5,39.166666666666664,1021.6083333333332,24.416666666666668,55.00000000000003,511.49999999999994,39.16666666666666,1021.6083333333332
2023-07-08 18:00:00,24.5,53.583333333333336,512.5,39.166666666666664,1021.5416666666666,24.5,53.583333333333364,512.5,39.16666666666666,1021.5416666666666
2023-07-08 19:00:00,24.45,51.666666666666664,510.0833333333333,39.583333333333336,1021.5833333333334,24.45,51.66666666666669,510.08333333333326,39.58333333333333,1021.5833333333334
2023-07-08 20:00:00,24.391666666666666,51.25,511.8333333333333,39.5,1021.7083333333334,24.391666666666666,51.25000000000003,511.83333333333326,39.49999999999999,1021.7083333333334
2023-07-08 21:00:00,24.3,52.0,541.3333333333334,40.916666666666664,1021.9916666666667,24.3,52.00000000000002,541.3333333333334,40.91666666666666,1021.9916666666667
2023-07-08 22:00:00,24.308333333333334,52.0,576.9166666666666,41.0,1022.1416666666668,24.308333333333334,52.00000000000002,576.9166666666666,40.99999999999999,1022.1416666666668
2023-07-08 23:00:00,24.233333333333334,52.0,603.6666666666666,43.333333333333336,1022.4250000000001,24.233333333333334,52.00000000000002,603.6666666666667,43.33333333333333,1022.4250000000001
2023-07-09 00:00:00,24.136363636363637,51.54545454545455,667.0909090909091,47.09090909090909,1022.5727272727272,24.136363636363633,51.54545454545457,667.0909090909092,47.09090909090909,1022.5727272727272
2023-07-09 01:00:00,23.925,50.583333333333336,621.0,45.583333333333336,1022.5833333333334,23.924999999999997,50.58333333333336,621.0000000000001,45.58333333333333,1022.5833333333334
2023-07-09 02:00:00,23.55,50.0,640.8333333333334,43.333333333333336,1022.6833333333334,23.549999999999997,50.000000000000014,640.8333333333335,43.33333333333333,1022.6833333333334
2023-07-09 03:00:00,22.933333333333334,51.583333333333336,605.8333333333334,39.75,1022.5583333333334,22.933333333333334,51.58333333333334,605.8333333333335,39.74999999999999,1022.5583333333334
2023-07-09 04:00:00,22.733333333333334,54.083333333333336,568.5833333333334,39.833333333333336,1022.5583333333334,22.733333333333334,54.08333333333334,568.5833333333335,39.83333333333333,1022.5583333333334
2023-07-09 05:00:00,22.633333333333336,55.5,555.5833333333334,40.0,1022.6500000000001,22.633333333333336,55.50000000000001,555.5833333333335,39.99999999999999,1022.6500000000001
2023-07-09 06:00:00,22.566666666666666,56.25,548.75,39.5,1022.9666666666667,22.566666666666666,56.25000000000001,548.7500000000001,39.5,1022.9666666666667
2023-07-09 07:00:00,22.5,57.0,546.5833333333334,39.5,1023.3499999999999,22.5,57.00000000000001,546.5833333333335,39.5,1023.3499999999999
2023-07-09 08:00:00,22.733333333333334,58.0,575.0833333333334,40.25,1023.3249999999999,22.733333333333334,58.0,575.0833333333335,40.25,1023.3249999999999
2023-07-09 09:00:00,23.525000000000002,57.75,673.5833333333334,40.0,1023.1833333333334,23.525,57.75000000000001,673.5833333333335,40.0,1023.1833333333334
2023-07-09 10:00:00,24.308333333333334,57.0,689.5833333333334,41.083333333333336,1022.9666666666667,24.30833333333333,57.00000000000002,689.5833333333335,41.083333333333336,1022.9666666666667
2023-07-09 11:00:00,25.0,57.81818181818182,691.1818181818181,44.72727272727273,1022.9090909090909,24.999999999999996,57.81818181818185,691.1818181818182,44.72727272727273,1022.9090909090909
2023-07-09 12:00:00,25.675,56.25,675.4166666666666,42.833333333333336,1022.8916666666665,25.674999999999997,56.25000000000004,675.4166666666667,42.833333333333336,1022.8916666666665
2023-07-09 13:00:00,26.175,53.75,728.9166666666666,45.75,1022.6999999999999,26.174999999999997,53.75000000000004,728.9166666666667,45.75,1022.6999999999999
2023-07-09 14:00:00,26.125,51.583333333333336,663.9166666666666,45.25,1022.35,26.124999999999996,51.58333333333338,663.9166666666667,45.25,1022.35
2023-07-09 15:00:00,26.208333333333332,49.75,627.0833333333334,47.666666666666664,1022.1750000000001,26.20833333333333,49.75000000000004,627.0833333333335,47.666666666666664,1022.1750000000001
2023-07-09 16:00:00,26.2,48.333333333333336,617.25,44.333333333333336,1021.7416666666667,26.2,48.33333333333338,617.25,44.33333333333333,1021.7416666666667
2023-07-09 17:00:00,26.241666666666664,46.916666666666664,638.1666666666666,43.833333333333336,1021.3333333333334,26.24166666666666,46.916666666666714,638.1666666666667,43.83333333333333,1021.3333333333334
2023-07-09 18:00:00,25.8,45.75,572.1666666666666,47.25,1020.975,25.8,45.75000000000004,572.1666666666666,47.24999999999999,1020.975
2023-07-09 19:00:00,25.575,45.0,583.1666666666666,47.833333333333336,1020.8000000000001,25.575,45.000000000000036,583.1666666666666,47.83333333333333,1020.8000000000001
2023-07-09 20:00:00,24.916666666666668,45.166666666666664,535.25,43.416666666666664,1020.6666666666666,24.916666666666668,45.16666666666669,535.25,43.41666666666666,1020.6666666666666
2023-07-09 21:00:00,24.075,46.583333333333336,517.6666666666666,43.416666666666664,1020.5583333333334,24.075,46.58333333333336,517.6666666666666,43.41666666666666,1020.5583333333334
2023-07-09 22:00:00,23.136363636363637,49.0,520.4545454545455,43.36363636363637,1020.5272727272727,23.136363636363637,49.000000000000014,520.4545454545455,43.36363636363636,1020.5272727272727
2023-07-09 23:00:00,22.233333333333334,51.333333333333336,544.9166666666666,43.083333333333336,1020.8166666666666,22.233333333333334,51.333333333333336,544.9166666666667,43.08333333333333,1020.8166666666666
2023-07-10 00:00:00,21.241666666666667,53.166666666666664,537.75,43.166666666666664,1020.5416666666666,21.241666666666667,53.16666666666666,537.7500000000001,43.166666666666664,1020.5416666666666
2023-07-10 01:00:00,20.125,54.75,519.0833333333334,42.75,1020.1416666666668,20.125,54.74999999999998,519.0833333333335,42.75,1020.1416666666668
2023-07-10 02:00:00,20.275000000000002,53.666666666666664,463.0,40.666666666666664,1019.7666666666668,20.275000000000002,53.66666666666664,463.0,40.66666666666666,1019.7666666666668
2023-07-10 03:00:00,20.116666666666667,53.916666666666664,465.5833333333333,40.916666666666664,1019.6333333333333,20.116666666666667,53.91666666666664,465.5833333333333,40.916666666666664,1019.6333333333333
2023-07-10 04:00:00,19.825,54.0,451.1666666666667,41.25,1019.1916666666666,19.824999999999996,53.99999999999997,451.1666666666667,41.25,1019.1916666666666
2023-07-10 05:00:00,19.458333333333332,55.0,448.8333333333333,41.25,1018.8416666666667,19.45833333333333,54.99999999999997,448.8333333333333,41.25,1018.8416666666667
2023-07-10 06:00:00,20.0,55.916666666666664,472.6666666666667,42.5,1018.5333333333333,19.999999999999996,55.91666666666664,472.6666666666667,42.5,1018.5333333333333
2023-07-10 07:00:00,20.849999999999998,56.583333333333336,486.1666666666667,50.083333333333336,1018.25,20.849999999999998,56.58333333333332,486.16666666666674,50.083333333333336,1018.25
2023-07-10 08:00:00,22.349999999999998,54.666666666666664,473.6666666666667,41.083333333333336,1017.9499999999999,22.349999999999998,54.666666666666664,473.66666666666663,41.08333333333333,1017.9499999999999
2023-07-10 09:00:00,23.081818181818182,52.36363636363637,472.3636363636364,41.18181818181818,1017.4454545454545,23.081818181818182,52.36363636363638,472.3636363636363,41.18181818181817,1017.4454545454545
2023-07-10 10:00:00,24.241666666666664,50.083333333333336,502.9166666666667,41.833333333333336,1017.0166666666668,24.241666666666664,50.08333333333336,502.9166666666667,41.83333333333333,1017.0166666666668
2023-07-10 11:00:00,25.016666666666666,49.166666666666664,537.3333333333334,42.75,1016.6166666666667,25.016666666666666,49.1666666666667,537.3333333333334,42.74999999999999,1016.6166666666667
2023-07-10 12:00:00,25.2,49.083333333333336,548.3333333333334,43.5,1016.2666666666668,25.2,49.08333333333337,548.3333333333334,43.49999999999999,1016.2666666666668
2023-07-10 13:00:00,24.21666666666667,50.416666666666664,507.0833333333333,44.0,1016.5083333333333,24.21666666666667,50.416666666666686,507.0833333333333,43.99999999999999,1016.5083333333333
2023-07-10 14:00:00,23.633333333333336,52.666666666666664,506.4166666666667,44.083333333333336,1016.725,23.633333333333336,52.66666666666668,506.4166666666667,44.083333333333336,1016.725
2023-07-10 15:00:00,23.375,52.75,523.9166666666666,48.333333333333336,1016.4666666666667,23.375,52.750000000000014,523.9166666666666,48.333333333333336,1016.4666666666667
2023-07-10 16:00:00,23.391666666666666,53.75,506.4166666666667,44.0,1016.25,23.391666666666666,53.750000000000014,506.4166666666667,44.0,1016.25
2023-07-10 17:00:00,23.241666666666664,54.083333333333336,507.4166666666667,44.0,1015.8583333333332,23.241666666666664,54.08333333333335,507.4166666666667,44.0,1015.8583333333332
2023-07-10 18:00:00,22.816666666666666,55.75,507.4166666666667,44.75,1015.4,22.816666666666666,55.75000000000001,507.41666666666663,44.75,1015.4
2023-07-10 19:00:00,22.183333333333334,56.0,474.0,44.0,1015.1583333333333,22.183333333333334,56.0,473.99999999999994,44.0,1015.1583333333333
2023-07-10 20:00:00,22.10909090909091,56.63636363636363,534.5454545454545,54.54545454545455,1014.8636363636364,22.10909090909091,56.63636363636363,534.5454545454545,54.54545454545455,1014.8636363636364
2023-07-10 21:00:00,22.849999999999998,57.0,606.75,44.666666666666664,1014.75,22.849999999999998,57.00000000000001,606.7500000000001,44.666666666666664,1014.75
2023-07-10 22:00:00,22.933333333333334,57.0,614.5833333333334,48.083333333333336,1014.6166666666667,22.933333333333334,57.00000000000001,614.5833333333335,48.083333333333336,1014.6166666666667
2023-07-10 23:00:00,22.40833333333333,57.833333333333336,558.1666666666666,44.25,1014.3333333333334,22.40833333333333,57.83333333333333,558.1666666666667,44.25,1014.3333333333334
2023-07-11 00:00:00,22.141666666666666,58.916666666666664,543.25,44.0,1014.025,22.141666666666666,58.91666666666666,543.2500000000001,44.0,1014.025
2023-07-11 01:00:00,21.974999999999998,59.25,521.8333333333334,44.0,1013.8416666666667,21.974999999999998,59.24999999999999,521.8333333333334,44.0,1013.8416666666667
2023-07-11 02:00:00,21.71666666666667,60.416666666666664,502.3333333333333,43.916666666666664,1013.5583333333334,21.71666666666667,60.41666666666666,502.3333333333333,43.916666666666664,1013.5583333333334
2023-07-11 03:00:00,21.53333333333333,61.166666666666664,517.0833333333334,44.0,1013.275,21.533333333333335,61.16666666666666,517.0833333333334,44.0,1013.275
2023-07-11 04:00:00,21.366666666666664,62.0,517.3333333333334,43.583333333333336,1013.2666666666668,21.366666666666667,61.99999999999999,517.3333333333334,43.583333333333336,1013.2666666666668
2023-07-11 05:00:00,21.59166666666667,61.333333333333336,540.1666666666666,40.333333333333336,1013.2416666666667,21.591666666666672,61.33333333333333,540.1666666666667,40.333333333333336,1013.2416666666667
2023-07-11 06:00:00,21.600000000000005,61.0,528.8333333333334,40.166666666666664,1013.3583333333332,21.600000000000005,60.99999999999999,528.8333333333335,40.166666666666664,1013.3583333333332
2023-07-11 07:00:00,21.545454545454547,61.0,527.0909090909091,40.36363636363637,1013.5,21.545454545454547,60.99999999999999,527.0909090909092,40.36363636363637,1013.5
2023-07-11 08:00:00,21.316666666666666,61.0,520.4166666666666,41.916666666666664,1013.625,21.316666666666666,60.99999999999999,520.4166666666666,41.916666666666664,1013.625
2023-07-11 09:00:00,21.133333333333333,61.333333333333336,489.0833333333333,47.416666666666664,1013.7333333333332,21.133333333333336,61.33333333333332,489.0833333333333,47.416666666666664,1013.7333333333332
2023-07-11 10:00:00,22.308333333333334,58.75,537.25,43.333333333333336,1013.725,22.308333333333334,58.75,537.25,43.333333333333336,1013.725
2023-07-11 11:00:00,21.866666666666664,57.0,468.6666666666667,45.5,1013.6,21.866666666666664,57.00000000000001,468.66666666666663,45.5,1013.6
2023-07-11 12:00:00,21.753846153846155,56.38461538461539,500.38461538461536,43.84615384615385,1013.8076923076923,21.753846153846155,56.38461538461538,500.38461538461536,43.84615384615385,1013.8076923076923
2023-07-11 13:00:00,21.65833333333333,55.25,495.4166666666667,44.75,1013.6916666666666,21.65833333333333,55.25,495.4166666666667,44.75,1013.6916666666666
2023-07-11 14:00:00,22.066666666666666,55.0,509.5,50.333333333333336,1013.375,22.066666666666666,55.00000000000001,509.50000000000006,50.333333333333336,1013.375
2023-07-11 15:00:00,22.474999999999998,56.0,501.5,47.25,1012.75,22.474999999999998,56.000000000000014,501.5,47.25,1012.75
2023-07-11 16:00:00,22.724999999999998,55.583333333333336,514.5833333333334,46.916666666666664,1012.275,22.724999999999998,55.58333333333335,514.5833333333334,46.916666666666664,1012.275
2023-07-11 17:00:00,22.84166666666667,54.916666666666664,572.0833333333334,48.166666666666664,1011.875,22.84166666666667,54.91666666666668,572.0833333333335,48.166666666666664,1011.875
2023-07-11 18:00:00,22.766666666666666,53.5,572.75,39.666666666666664,1011.3583333333332,22.766666666666666,53.500000000000014,572.7500000000001,39.66666666666666,1011.3583333333332
2023-07-11 19:00:00,22.441666666666666,53.0,542.0,41.083333333333336,1010.7333333333332,22.441666666666666,53.00000000000001,542.0,41.08333333333333,1010.7333333333332
2023-07-11 20:00:00,21.933333333333334,54.083333333333336,516.4166666666666,42.833333333333336,1009.9250000000001,21.933333333333334,54.08333333333334,516.4166666666666,42.833333333333336,1009.9250000000001
2023-07-11 21:00:00,21.525000000000002,57.0,476.25,43.916666666666664,1009.2166666666667,21.525000000000002,57.0,476.24999999999994,43.916666666666664,1009.2166666666667
2023-07-11 22:00:00,21.175,58.0,467.25,41.75,1008.125,21.175,57.999999999999986,467.24999999999994,41.75,1008.125
2023-07-11 23:00:00,20.908333333333335,58.666666666666664,480.1666666666667,55.833333333333336,1007.7916666666666,20.908333333333335,58.66666666666665,480.16666666666674,55.83333333333334,1007.7916666666666
2023-07-12 00:00:00,20.527272727272727,60.81818181818182,470.27272727272725,40.36363636363637,1007.2818181818183,20.527272727272727,60.8181818181818,470.27272727272725,40.36363636363637,1007.2818181818183
2023-07-12 01:00:00,20.341666666666665,63.083333333333336,465.3333333333333,39.833333333333336,1006.9916666666667,20.34166666666667,63.083333333333314,465.3333333333333,39.833333333333336,1006.9916666666667
2023-07-12 02:00:00,20.191666666666666,64.66666666666667,461.25,39.5,1006.625,20.19166666666667,64.66666666666663,461.25,39.5,1006.625
2023-07-12 03:00:00,20.291666666666668,65.66666666666667,471.5,39.333333333333336,1006.1333333333333,20.29166666666667,65.66666666666663,471.5,39.333333333333336,1006.1333333333333
2023-07-12 04:00:00,20.40833333333333,66.0,477.6666666666667,39.25,1005.7333333333332,20.408333333333335,65.99999999999997,477.6666666666667,39.25,1005.7333333333332
2023-07-12 05:00:00,20.441666666666666,66.0,483.5,39.25,1005.3083333333334,20.44166666666667,65.99999999999997,483.5,39.25000000000001,1005.3083333333334
2023-07-12 06:00:00,20.566666666666666,66.0,489.8333333333333,39.083333333333336,1004.8833333333333,20.56666666666667,65.99999999999997,489.8333333333333,39.08333333333334,1004.8833333333333
2023-07-12 07:00:00,20.6,66.0,483.8333333333333,41.583333333333336,1004.6416666666668,20.600000000000005,65.99999999999997,483.8333333333333,41.58333333333334,1004.6416666666668
2023-07-12 08:00:00,20.6,65.66666666666667,482.5,47.416666666666664,1004.7166666666667,20.600000000000005,65.66666666666663,482.5,47.41666666666668,1004.7166666666667
2023-07-12 09:00:00,20.825,64.58333333333333,488.75,42.0,1004.8416666666667,20.825000000000003,64.58333333333329,488.75,42.00000000000001,1004.8416666666667
2023-07-12 10:00:00,21.349999999999998,63.166666666666664,502.1666666666667,45.833333333333336,1004.5166666666668,21.35,63.16666666666666,502.1666666666667,45.83333333333334,1004.5166666666668
2023-07-12 11:00:00,21.536363636363635,62.54545454545455,506.1818181818182,44.72727272727273,1004.1636363636364,21.53636363636364,62.54545454545454,506.1818181818182,44.727272727272734,1004.1636363636364
2023-07-12 12:00:00,21.875,62.0,535.6666666666666,45.333333333333336,1004.1500000000001,21.875000000000004,62.0,535.6666666666667,45.33333333333334,1004.1500000000001
2023-07-12 13:00:00,22.09166666666667,62.25,578.5,49.083333333333336,1004.0333333333333,22.091666666666672,62.25,578.5000000000001,49.08333333333335,1004.0333333333333
2023-07-12 14:00:00,22.400000000000002,62.75,579.6666666666666,48.916666666666664,1003.4499999999999,22.400000000000006,62.75,579.6666666666667,48.91666666666668,1003.4499999999999
2023-07-12 15:00:00,22.483333333333334,62.0,547.5833333333334,45.5,1003.3833333333333,22.483333333333338,62.00000000000001,547.5833333333335,45.50000000000001,1003.3833333333333
2023-07-12 16:00:00,22.55,61.166666666666664,557.6666666666666,45.416666666666664,1003.5749999999999,22.550000000000004,61.16666666666667,557.6666666666667,45.41666666666667,1003.5749999999999
2023-07-12 17:00:00,22.866666666666664,60.916666666666664,602.5833333333334,45.583333333333336,1003.475,22.866666666666667,60.91666666666667,602.5833333333335,45.58333333333334,1003.475
2023-07-12 18:00:00,22.96666666666667,60.25,569.8333333333334,43.583333333333336,1003.2083333333334,22.96666666666667,60.25000000000001,569.8333333333335,43.58333333333334,1003.2083333333334
2023-07-12 19:00:00,22.90833333333333,61.0,586.8333333333334,43.833333333333336,1003.125,22.908333333333335,61.00000000000001,586.8333333333335,43.83333333333334,1003.125
2023-07-12 20:00:00,23.041666666666668,60.416666666666664,597.0833333333334,45.833333333333336,1003.1750000000001,23.041666666666668,60.41666666666667,597.0833333333335,45.83333333333334,1003.1750000000001
2023-07-12 21:00:00,22.375,60.75,514.6666666666666,44.166666666666664,1003.4,22.375,60.75,514.6666666666666,44.16666666666667,1003.4
2023-07-12 22:00:00,21.79090909090909,61.0,486.6363636363636,44.27272727272727,1003.4636363636364,21.790909090909093,60.99999999999999,486.63636363636357,44.27272727272728,1003.4636363636364
2023-07-12 23:00:00,21.45,61.0,506.75,42.416666666666664,1003.3083333333333,21.450000000000003,60.99999999999999,506.75,42.41666666666667,1003.3083333333333
2023-07-13 00:00:00,21.25,60.666666666666664,520.8333333333334,37.0,1003.3416666666667,21.25,60.66666666666666,520.8333333333334,37.00000000000001,1003.3416666666667
2023-07-13 01:00:00,20.866666666666664,61.0,497.5,37.25,1003.3666666666667,20.866666666666664,60.999999999999986,497.5,37.25000000000001,1003.3666666666667
2023-07-13 02:00:00,20.516666666666666,61.0,474.25,37.083333333333336,1003.2083333333334,20.516666666666666,60.99999999999998,474.25,37.08333333333334,1003.2083333333334
2023-07-13 03:00:00,20.258333333333333,61.0,467.9166666666667,37.666666666666664,1003.2333333333332,20.258333333333333,60.99999999999998,467.9166666666667,37.66666666666667,1003.2333333333332
2023-07-13 04:00:00,20.1,61.0,476.9166666666667,37.166666666666664,1003.375,20.1,60.99999999999998,476.9166666666667,37.16666666666667,1003.375
2023-07-13 05:00:00,19.95,61.0,477.3333333333333,37.333333333333336,1003.4833333333332,19.949999999999996,60.99999999999998,477.3333333333333,37.33333333333334,1003.4833333333332
2023-07-13 06:00:00,19.9,61.0,475.1666666666667,37.75,1003.7083333333334,19.899999999999995,60.99999999999997,475.1666666666667,37.75000000000001,1003.7083333333334
2023-07-13 07:00:00,20.075,61.0,504.0833333333333,39.0,1003.9916666666667,20.075,60.99999999999998,504.0833333333333,39.00000000000001,1003.9916666666667
2023-07-13 08:00:00,20.675,60.583333333333336,480.4166666666667,39.583333333333336,1004.2416666666667,20.675,60.58333333333332,480.4166666666667,39.58333333333334,1004.2416666666667
2023-07-13 09:00:00,21.054545454545455,59.09090909090909,467.45454545454544,39.27272727272727,1004.5727272727272,21.054545454545455,59.09090909090908,467.4545454545454,39.27272727272728,1004.5727272727272
2023-07-13 10:00:00,21.05,58.166666666666664,461.8333333333333,40.0,1004.8083333333334,21.05,58.16666666666665,461.83333333333326,40.00000000000001,1004.8083333333334
2023-07-13 11:00:00,22.09166666666667,57.5,502.3333333333333,39.833333333333336,1005.1416666666668,22.09166666666667,57.50000000000001,502.3333333333333,39.83333333333334,1005.1416666666668
2023-07-13 12:00:00,22.291666666666668,55.833333333333336,509.75,40.333333333333336,1005.3416666666667,22.291666666666668,55.83333333333334,509.75,40.33333333333334,1005.3416666666667
2023-07-13 13:00:00,22.483333333333334,54.166666666666664,518.0833333333334,41.166666666666664,1005.5749999999999,22.483333333333334,54.16666666666668,518.0833333333334,41.16666666666666,1005.5749999999999
2023-07-13 14:00:00,22.2,54.0,490.3333333333333,43.166666666666664,1005.6916666666667,22.2,54.00000000000001,490.33333333333326,43.166666666666664,1005.6916666666667
2023-07-13 15:00:00,22.40833333333333,54.0,503.25,41.833333333333336,1005.6083333333335,22.40833333333333,54.00000000000001,503.25,41.83333333333333,1005.6083333333335
2023-07-13 16:00:00,22.191666666666666,54.0,500.0,42.833333333333336,1005.8583333333332,22.191666666666666,54.00000000000001,500.0,42.833333333333336,1005.8583333333332
2023-07-13 17:00:00,22.55,54.0,516.5,40.916666666666664,1005.6833333333334,22.55,54.000000000000014,516.5,40.91666666666666,1005.6833333333334
2023-07-13 18:00:00,22.308333333333334,54.833333333333336,519.75,49.333333333333336,1005.7666666666668,22.308333333333334,54.83333333333334,519.75,49.333333333333336,1005.7666666666668
2023-07-13 19:00:00,21.78333333333333,56.0,463.5833333333333,43.166666666666664,1005.8583333333332,21.78333333333333,56.0,463.58333333333326,43.166666666666664,1005.8583333333332
2023-07-13 20:00:00,21.981818181818184,56.90909090909091,471.3636363636364,44.72727272727273,1005.9,21.981818181818184,56.909090909090914,471.3636363636363,44.72727272727273,1005.9
2023-07-13 21:00:00,22.316666666666666,57.0,476.75,46.333333333333336,1006.0833333333334,22.316666666666666,57.00000000000001,476.74999999999994,46.333333333333336,1006.0833333333334
2023-07-13 22:00:00,22.150000000000002,57.0,471.6666666666667,41.916666666666664,1006.3666666666667,22.150000000000002,57.00000000000001,471.66666666666663,41.916666666666664,1006.3666666666667
2023-07-13 23:00:00,21.974999999999998,57.25,473.0,44.416666666666664,1006.5916666666667,21.974999999999998,57.25000000000001,472.99999999999994,44.416666666666664,1006.5916666666667
2023-07-14 00:00:00,21.974999999999998,58.0,519.1666666666666,42.583333333333336,1006.8083333333333,21.974999999999998,58.0,519.1666666666666,42.583333333333336,1006.8083333333333
2023-07-14 01:00:00,22.141666666666666,57.25,610.6666666666666,38.166666666666664,1007.0749999999999,22.141666666666666,57.25000000000001,610.6666666666667,38.16666666666666,1007.0749999999999
2023-07-14 02:00:00,21.900000000000002,55.666666666666664,584.5,38.083333333333336,1007.3083333333333,21.900000000000002,55.66666666666667,584.5000000000001,38.08333333333333,1007.3083333333333
2023-07-14 03:00:00,21.691666666666666,54.25,583.4166666666666,38.0,1007.5333333333333,21.691666666666666,54.25,583.4166666666667,37.99999999999999,1007.5333333333333
2023-07-14 04:00:00,21.316666666666666,53.083333333333336,601.4166666666666,38.333333333333336,1007.9333333333334,21.316666666666666,53.083333333333336,601.4166666666667,38.33333333333333,1007.9333333333334
2023-07-14 05:00:00,20.916666666666668,53.0,615.0833333333334,37.833333333333336,1008.1333333333333,20.916666666666668,52.99999999999999,615.0833333333335,37.83333333333333,1008.1333333333333
2023-07-14 06:00:00,21.116666666666667,53.333333333333336,727.0,37.916666666666664,1008.5416666666666,21.116666666666664,53.33333333333333,727.0000000000002,37.91666666666666,1008.5416666666666
2023-07-14 07:00:00,21.61818181818182,53.81818181818182,785.1818181818181,38.63636363636363,1009.0,21.618181818181817,53.81818181818182,785.1818181818184,38.636363636363626,1009.0
2023-07-14 08:00:00,22.333333333333332,52.25,624.5,39.666666666666664,1009.4499999999999,22.33333333333333,52.25000000000001,624.5000000000001,39.66666666666666,1009.4499999999999
2023-07-14 09:00:00,22.941666666666666,49.5,495.8333333333333,39.5,1009.8916666666668,22.941666666666666,49.500000000000014,495.8333333333333,39.49999999999999,1009.8916666666668
2023-07-14 10:00:00,23.53333333333333,47.833333333333336,535.75,40.25,1010.4416666666666,23.53333333333333,47.83333333333336,535.75,40.24999999999999,1010.4416666666666
2023-07-14 11:00:00,23.78333333333333,46.166666666666664,529.1666666666666,40.583333333333336,1010.975,23.78333333333333,46.16666666666669,529.1666666666666,40.58333333333333,1010.975
2023-07-14 12:00:00,23.53333333333333,44.583333333333336,488.5,38.833333333333336,1011.1999999999999,23.53333333333333,44.583333333333364,488.5,38.83333333333333,1011.1999999999999
2023-07-14 13:00:00,23.275000000000002,44.0,482.9166666666667,41.333333333333336,1011.4083333333333,23.275000000000002,44.00000000000003,482.9166666666667,41.33333333333333,1011.4083333333333
2023-07-14 14:00:00,22.90833333333333,44.0,508.6666666666667,39.75,1011.475,22.90833333333333,44.00000000000002,508.6666666666667,39.74999999999999,1011.475
2023-07-14 15:00:00,22.766666666666666,44.666666666666664,504.75,39.916666666666664,1011.6666666666666,22.766666666666666,44.666666666666686,504.75,39.91666666666666,1011.6666666666666
2023-07-14 16:00:00,22.433333333333334,45.75,464.0,40.583333333333336,1011.6500000000001,22.433333333333334,45.75000000000001,464.0,40.58333333333333,1011.6500000000001
2023-07-14 17:00:00,22.166666666666668,47.666666666666664,454.0833333333333,42.083333333333336,1011.5583333333334,22.166666666666668,47.66666666666667,454.0833333333333,42.08333333333333,1011.5583333333334
2023-07-14 18:00:00,22.572727272727274,48.45454545454545,561.3636363636364,40.54545454545455,1011.5363636363636,22.572727272727274,48.45454545454547,561.3636363636364,40.54545454545455,1011.5363636363636
2023-07-14 19:00:00,22.941666666666666,49.0,609.0,39.333333333333336,1011.6,22.941666666666666,49.000000000000014,609.0000000000001,39.33333333333333,1011.6
2023-07-14 20:00:00,23.041666666666668,49.0,594.6666666666666,41.75,1011.7666666666668,23.041666666666668,49.000000000000014,594.6666666666666,41.75,1011.7666666666668
2023-07-14 21:00:00,23.108333333333334,48.333333333333336,525.9166666666666,41.5,1011.9416666666666,23.108333333333334,48.33333333333336,525.9166666666666,41.49999999999999,1011.9416666666666
2023-07-14 22:00:00,22.441666666666666,49.0,474.0833333333333,45.25,1011.9833333333332,22.441666666666666,49.00000000000001,474.0833333333333,45.24999999999999,1011.9833333333332
2023-07-14 23:00:00,22.099999999999998,49.583333333333336,473.3333333333333,41.833333333333336,1012.1166666666667,22.099999999999998,49.58333333333334,473.3333333333333,41.83333333333333,1012.1166666666667
2023-07-15 00:00:00,21.633333333333336,50.333333333333336,476.4166666666667,42.916666666666664,1012.1999999999999,21.633333333333336,50.333333333333336,476.4166666666667,42.91666666666666,1012.1999999999999
2023-07-15 01:00:00,22.058333333333334,51.0,576.0833333333334,39.583333333333336,1012.2416666666667,22.058333333333334,51.00000000000001,576.0833333333335,39.58333333333333,1012.2416666666667
2023-07-15 02:00:00,22.366666666666664,51.0,569.9166666666666,37.833333333333336,1012.0916666666667,22.366666666666664,51.00000000000001,569.9166666666667,37.83333333333333,1012.0916666666667
2023-07-15 03:00:00,22.399999999999995,51.0,563.75,38.0,1011.875,22.399999999999995,51.00000000000001,563.7500000000001,37.99999999999999,1011.875
2023-07-15 04:00:00,22.241666666666664,50.25,550.0,37.75,1011.7249999999999,22.241666666666664,50.25000000000001,550.0000000000001,37.74999999999999,1011.7249999999999
2023-07-15 05:00:00,22.2,50.81818181818182,574.3636363636364,38.09090909090909,1011.2727272727273,22.2,50.81818181818183,574.3636363636365,38.090909090909086,1011.2727272727273
2023-07-15 06:00:00,22.066666666666666,51.0,592.1666666666666,37.833333333333336,1010.9833333333332,22.066666666666666,51.00000000000001,592.1666666666667,37.83333333333333,1010.9833333333332
2023-07-15 07:00:00,21.891666666666666,51.833333333333336,605.75,40.0,1010.9333333333334,21.891666666666666,51.83333333333334,605.7500000000001,39.99999999999999,1010.9333333333334
2023-07-15 08:00:00,21.45,52.916666666666664,494.5,40.416666666666664,1011.1416666666668,21.45,52.916666666666664,494.5,40.41666666666666,1011.1416666666668
2023-07-15 09:00:00,21.425,53.833333333333336,494.0,41.666666666666664,1011.0916666666667,21.425,53.833333333333336,494.0,41.66666666666666,1011.0916666666667
2023-07-15 10:00:00,21.5,54.583333333333336,499.3333333333333,42.25,1010.8416666666667,21.5,54.583333333333336,499.3333333333333,42.25,1010.8416666666667
2023-07-15 11:00:00,21.400000000000002,55.0,499.1666666666667,41.166666666666664,1010.525,21.400000000000002,55.0,499.1666666666667,41.166666666666664,1010.525
2023-07-15 12:00:00,21.150000000000002,56.0,482.4166666666667,43.5,1009.8000000000001,21.150000000000002,55.99999999999999,482.4166666666667,43.5,1009.8000000000001
2023-07-15 13:00:00,20.891666666666666,56.666666666666664,460.9166666666667,42.666666666666664,1008.9250000000001,20.891666666666666,56.66666666666666,460.91666666666663,42.666666666666664,1008.9250000000001
2023-07-15 14:00:00,20.875,57.0,466.5833333333333,42.916666666666664,1008.25,20.875,56.99999999999999,466.58333333333326,42.916666666666664,1008.25
2023-07-15 15:00:00,21.2,57.0,484.9166666666667,40.833333333333336,1007.65,21.2,57.0,484.9166666666667,40.833333333333336,1007.65
2023-07-15 16:00:00,21.418181818181818,56.09090909090909,501.3636363636364,41.36363636363637,1006.7090909090908,21.418181818181818,56.09090909090909,501.3636363636364,41.36363636363637,1006.7090909090908
2023-07-15 17:00:00,21.416666666666668,56.0,490.6666666666667,40.583333333333336,1006.1166666666667,21.416666666666668,56.0,490.6666666666667,40.583333333333336,1006.1166666666667
2023-07-15 18:00:00,21.825,56.583333333333336,492.8333333333333,41.5,1005.2583333333333,21.825,56.58333333333334,492.8333333333333,41.50000000000001,1005.2583333333333
2023-07-15 19:00:00,22.175,57.0,482.5,39.666666666666664,1005.0083333333333,22.175,57.00000000000001,482.49999999999994,39.66666666666667,1005.0083333333333
2023-07-15 20:00:00,22.224999999999998,57.416666666666664,453.75,40.416666666666664,1004.8416666666667,22.224999999999998,57.41666666666667,453.74999999999994,40.41666666666667,1004.8416666666667
2023-07-15 21:00:00,22.391666666666666,58.5,516.5833333333334,43.166666666666664,1004.2833333333333,22.391666666666666,58.5,516.5833333333334,43.16666666666667,1004.2833333333333
2023-07-15 22:00:00,22.399999999999995,59.0,524.6666666666666,41.416666666666664,1003.7166666666667,22.399999999999995,59.0,524.6666666666666,41.41666666666667,1003.7166666666667
2023-07-15 23:00:00,22.508333333333336,59.75,571.4166666666666,43.5,1003.3916666666665,22.508333333333336,59.75000000000001,571.4166666666667,43.50000000000001,1003.3916666666665
2023-07-16 00:00:00,22.71666666666667,61.0,610.9166666666666,44.0,1003.2916666666666,22.716666666666672,61.00000000000001,610.9166666666667,44.00000000000001,1003.2916666666666
2023-07-16 01:00:00,22.849999999999998,61.0,682.4166666666666,38.083333333333336,1002.0916666666667,22.849999999999994,61.00000000000001,682.4166666666666,38.08333333333334,1002.0916666666667
2023-07-16 02:00:00,22.71818181818182,61.0,632.0,38.27272727272727,1001.8181818181819,22.718181818181815,61.00000000000001,632.0,38.27272727272728,1001.8181818181819
2023-07-16 03:00:00,22.383333333333336,61.0,595.5833333333334,37.916666666666664,1001.2083333333334,22.383333333333336,61.0,595.5833333333334,37.91666666666667,1001.2083333333334
2023-07-16 04:00:00,21.416666666666668,61.5,520.3333333333334,38.0,1001.0666666666666,21.41666666666667,61.49999999999999,520.3333333333333,38.00000000000001,1001.0666666666666
2023-07-16 05:00:00,20.958333333333332,62.0,520.6666666666666,38.5,1001.275,20.958333333333336,61.999999999999986,520.6666666666666,38.50000000000001,1001.275
2023-07-16 06:00:00,20.683333333333334,63.0,516.4166666666666,38.5,1001.3666666666667,20.683333333333337,62.999999999999986,516.4166666666666,38.50000000000001,1001.3666666666667
2023-07-16 07:00:00,20.6,62.333333333333336,507.25,38.666666666666664,1001.65,20.600000000000005,62.33333333333332,507.25,38.66666666666667,1001.65
2023-07-16 08:00:00,20.7,62.0,527.6666666666666,38.5,1001.8000000000001,20.700000000000003,61.999999999999986,527.6666666666666,38.50000000000001,1001.8000000000001
2023-07-16 09:00:00,20.775000000000002,62.666666666666664,514.25,39.583333333333336,1001.4416666666666,20.775000000000006,62.66666666666665,514.25,39.58333333333334,1001.4416666666666
2023-07-16 10:00:00,20.849999999999998,63.0,486.75,40.5,1001.3249999999999,20.85,62.999999999999986,486.75,40.50000000000001,1001.3249999999999
2023-07-16 11:00:00,21.608333333333334,61.5,525.3333333333334,43.166666666666664,1001.2833333333333,21.608333333333338,61.49999999999999,525.3333333333334,43.16666666666667,1001.2833333333333
2023-07-16 12:00:00,22.108333333333334,59.583333333333336,501.0,45.25,1001.5,22.108333333333334,59.583333333333336,501.0,45.25000000000001,1001.5
2023-07-16 13:00:00,22.10909090909091,59.0,507.0,46.90909090909091,1001.7090909090908,22.10909090909091,59.0,507.0,46.909090909090914,1001.7090909090908
2023-07-16 14:00:00,22.150000000000002,58.916666666666664,495.0833333333333,46.25,1001.8166666666666,22.150000000000002,58.916666666666664,495.08333333333326,46.25000000000001,1001.8166666666666
2023-07-16 15:00:00,22.391666666666666,58.0,536.0,44.416666666666664,1002.2333333333332,22.391666666666666,58.0,536.0,44.41666666666667,1002.2333333333332
2023-07-16 16:00:00,22.125,58.666666666666664,495.0,43.333333333333336,1002.7083333333334,22.125,58.666666666666664,495.0,43.33333333333334,1002.7083333333334
2023-07-16 17:00:00,22.208333333333332,59.0,512.0833333333334,46.916666666666664,1002.7916666666666,22.208333333333332,59.0,512.0833333333334,46.91666666666667,1002.7916666666666
2023-07-16 18:00:00,22.458333333333332,58.333333333333336,519.0833333333334,41.833333333333336,1003.0083333333333,22.458333333333332,58.33333333333334,519.0833333333334,41.83333333333334,1003.0083333333333
2023-07-16 19:00:00,22.391666666666666,58.0,524.5,42.583333333333336,1003.4166666666666,22.391666666666666,58.0,524.5,42.58333333333334,1003.4166666666666
2023-07-16 20:00:00,22.308333333333334,58.0,539.5,47.333333333333336,1003.6,22.308333333333334,58.0,539.5,47.33333333333334,1003.6
2023-07-16 21:00:00,22.03333333333333,58.0,505.4166666666667,41.583333333333336,1004.0500000000001,22.03333333333333,58.0,505.4166666666667,41.58333333333334,1004.0500000000001
2023-07-16 22:00:00,21.775000000000002,58.25,507.0,45.083333333333336,1004.1916666666667,21.775000000000002,58.24999999999999,507.0,45.08333333333334,1004.1916666666667
2023-07-16 23:00:00,20.458333333333332,59.416666666666664,443.6666666666667,43.75,1004.2333333333332,20.458333333333332,59.41666666666664,443.66666666666663,43.75000000000001,1004.2333333333332
2023-07-17 00:00:00,20.636363636363637,60.09090909090909,519.3636363636364,48.81818181818182,1004.2545454545453,20.636363636363637,60.09090909090908,519.3636363636365,48.81818181818183,1004.2545454545453
2023-07-17 01:00:00,20.441666666666666,60.0,510.25,44.5,1004.225,20.441666666666666,59.99999999999998,510.25,44.50000000000001,1004.225
2023-07-17 02:00:00,20.7,60.0,522.75,42.333333333333336,1004.3000000000001,20.7,59.999999999999986,522.7500000000001,42.33333333333334,1004.3000000000001
2023-07-17 03:00:00,20.7,60.0,517.0833333333334,42.083333333333336,1004.275,20.7,59.999999999999986,517.0833333333335,42.08333333333334,1004.275
2023-07-17 04:00:00,20.658333333333335,60.0,551.4166666666666,42.0,1004.3666666666667,20.658333333333335,59.999999999999986,551.4166666666667,42.00000000000001,1004.3666666666667
2023-07-17 05:00:00,20.583333333333332,60.0,516.3333333333334,40.416666666666664,1004.5166666666668,20.583333333333332,59.999999999999986,516.3333333333335,40.41666666666667,1004.5166666666668
2023-07-17 06:00:00,20.416666666666668,60.0,497.8333333333333,40.75,1004.5333333333333,20.416666666666668,59.99999999999998,497.8333333333333,40.75000000000001,1004.5333333333333
2023-07-17 07:00:00,20.416666666666668,60.083333333333336,503.1666666666667,41.666666666666664,1004.5916666666667,20.416666666666668,60.083333333333314,503.1666666666667,41.66666666666667,1004.5916666666667
2023-07-17 08:00:00,19.866666666666667,60.583333333333336,450.6666666666667,45.75,1004.6999999999999,19.866666666666664,60.58333333333331,450.6666666666667,45.75000000000001,1004.6999999999999
2023-07-17 09:00:00,20.400000000000002,60.416666666666664,444.5833333333333,42.916666666666664,1004.775,20.400000000000002,60.41666666666664,444.58333333333326,42.91666666666667,1004.775
2023-07-17 10:00:00,21.008333333333333,58.916666666666664,460.3333333333333,45.5,1005.025,21.008333333333333,58.91666666666665,460.33333333333326,45.50000000000001,1005.025
2023-07-17 11:00:00,20.672727272727272,58.0,457.8181818181818,48.54545454545455,1005.0636363636364,20.672727272727272,57.999999999999986,457.8181818181818,48.545454545454554,1005.0636363636364
2023-07-17 12:00:00,20.716666666666665,56.75,455.9166666666667,44.25,1005.1750000000001,20.716666666666665,56.74999999999999,455.91666666666663,44.25000000000001,1005.1750000000001
2023-07-17 13:00:00,20.841666666666665,55.25,463.25,43.0,1005.1333333333333,20.841666666666665,55.24999999999999,463.24999999999994,43.00000000000001,1005.1333333333333
2023-07-17 14:00:00,20.633333333333333,56.0,457.5,43.0,1005.3166666666666,20.633333333333333,55.99999999999999,457.49999999999994,43.00000000000001,1005.3166666666666
2023-07-17 15:00:00,20.275000000000002,56.833333333333336,453.6666666666667,42.916666666666664,1005.25,20.275000000000002,56.83333333333332,453.66666666666663,42.91666666666667,1005.25
2023-07-17 16:00:00,20.025000000000002,57.0,444.9166666666667,43.333333333333336,1005.1583333333333,20.025000000000002,56.999999999999986,444.91666666666663,43.33333333333334,1005.1583333333333
2023-07-17 17:00:00,19.516666666666666,57.583333333333336,422.6666666666667,42.25,1004.9499999999999,19.516666666666662,57.583333333333314,422.66666666666663,42.25000000000001,1004.9499999999999
2023-07-17 18:00:00,19.558333333333334,58.0,427.4166666666667,42.0,1004.8249999999999,19.55833333333333,57.99999999999997,427.41666666666663,42.00000000000001,1004.8249999999999
2023-07-17 19:00:00,19.45,58.0,453.5,45.5,1004.6833333333334,19.449999999999996,57.99999999999997,453.5,45.50000000000001,1004.6833333333334
2023-07-17 20:00:00,20.05,57.5,483.6666666666667,43.25,1004.6,20.05,57.499999999999986,483.6666666666667,43.25000000000001,1004.6
2023-07-17 21:00:00,19.433333333333334,59.083333333333336,443.4166666666667,40.666666666666664,1004.6416666666668,19.43333333333333,59.08333333333331,443.4166666666667,40.66666666666667,1004.6416666666668
2023-07-17 22:00:00,19.754545454545454,60.0,452.3636363636364,40.36363636363637,1004.6454545454545,19.75454545454545,59.99999999999997,452.3636363636364,40.363636363636374,1004.6454545454545
2023-07-17 23:00:00,20.266666666666666,59.5,449.75,39.416666666666664,1004.7083333333334,20.266666666666666,59.49999999999998,449.74999999999994,39.41666666666667,1004.7083333333334
2023-07-18 00:00:00,20.708333333333332,58.583333333333336,457.75,42.5,1004.9833333333332,20.708333333333332,58.58333333333332,457.74999999999994,42.50000000000001,1004.9833333333332
2023-07-18 01:00:00,20.008333333333333,56.833333333333336,449.3333333333333,41.583333333333336,1005.4666666666667,20.008333333333333,56.83333333333332,449.33333333333326,41.58333333333334,1005.4666666666667
2023-07-18 02:00:00,19.391666666666666,55.083333333333336,439.75,38.083333333333336,1005.9,19.391666666666662,55.083333333333314,439.75,38.08333333333333,1005.9
2023-07-18 03:00:00,18.891666666666666,54.25,434.3333333333333,38.0,1006.125,18.891666666666662,54.24999999999997,434.3333333333333,37.99999999999999,1006.125
2023-07-18 04:00:00,18.516666666666666,54.0,425.75,38.083333333333336,1006.4083333333333,18.516666666666662,53.999999999999964,425.75,38.08333333333333,1006.4083333333333
2023-07-18 05:00:00,18.391666666666666,54.583333333333336,418.25,38.25,1006.6583333333333,18.391666666666662,54.5833333333333,418.24999999999994,38.24999999999999,1006.6583333333333
2023-07-18 06:00:00,18.441666666666666,54.25,414.3333333333333,38.166666666666664,1006.8166666666666,18.441666666666663,54.249999999999964,414.33333333333326,38.16666666666666,1006.8166666666666
2023-07-18 07:00:00,19.591666666666665,54.166666666666664,454.5833333333333,38.333333333333336,1007.1416666666668,19.59166666666666,54.16666666666664,454.5833333333333,38.33333333333333,1007.1416666666668
2023-07-18 08:00:00,20.983333333333334,52.333333333333336,467.25,38.916666666666664,1007.4916666666667,20.983333333333334,52.33333333333333,467.24999999999994,38.91666666666666,1007.4916666666667
2023-07-18 09:00:00,22.018181818181816,50.45454545454545,483.90909090909093,39.09090909090909,1007.7454545454547,22.018181818181816,50.45454545454546,483.9090909090909,39.090909090909086,1007.7454545454547
2023-07-18 10:00:00,22.633333333333336,48.833333333333336,490.8333333333333,40.416666666666664,1008.0666666666666,22.633333333333336,48.83333333333335,490.8333333333333,40.41666666666666,1008.0666666666666
2023-07-18 11:00:00,22.916666666666668,47.916666666666664,486.75,41.25,1008.1750000000001,22.916666666666668,47.91666666666668,486.75,41.24999999999999,1008.1750000000001
2023-07-18 12:00:00,22.575,48.0,471.1666666666667,40.333333333333336,1008.3083333333333,22.575,48.000000000000014,471.1666666666667,40.33333333333333,1008.3083333333333
2023-07-18 13:00:00,21.825,48.0,466.9166666666667,42.583333333333336,1008.2166666666667,21.825,48.00000000000001,466.9166666666667,42.58333333333333,1008.2166666666667
2023-07-18 14:00:00,21.40833333333333,48.0,462.0833333333333,42.75,1008.1166666666667,21.40833333333333,48.0,462.0833333333333,42.74999999999999,1008.1166666666667
2023-07-18 15:00:00,21.025,49.5,455.9166666666667,44.0,1007.9083333333333,21.025,49.49999999999999,455.9166666666667,43.99999999999999,1007.9083333333333
2023-07-18 16:00:00,20.9,49.833333333333336,461.1666666666667,41.0,1007.5916666666667,20.9,49.83333333333333,461.1666666666667,40.99999999999999,1007.5916666666667
2023-07-18 17:00:00,20.775000000000002,50.0,440.6666666666667,40.916666666666664,1007.4916666666667,20.775000000000002,49.99999999999999,440.6666666666667,40.91666666666666,1007.4916666666667
2023-07-18 18:00:00,20.791666666666668,50.75,428.6666666666667,39.5,1007.225,20.791666666666668,50.74999999999999,428.66666666666663,39.49999999999999,1007.225
2023-07-18 19:00:00,20.358333333333334,51.75,438.9166666666667,40.333333333333336,1006.7916666666666,20.358333333333334,51.749999999999986,438.91666666666663,40.33333333333333,1006.7916666666666
2023-07-18 20:00:00,20.263636363636365,52.90909090909091,457.27272727272725,41.18181818181818,1006.3363636363636,20.263636363636365,52.90909090909089,457.27272727272725,41.18181818181817,1006.3363636363636
2023-07-18 21:00:00,20.633333333333333,54.0,461.5,39.916666666666664,1006.0333333333333,20.633333333333333,53.99999999999999,461.49999999999994,39.91666666666666,1006.0333333333333
2023-07-18 22:00:00,20.708333333333332,54.416666666666664,450.0833333333333,40.333333333333336,1005.9499999999999,20.708333333333332,54.41666666666666,450.08333333333326,40.33333333333333,1005.9499999999999
2023-07-18 23:00:00,20.508333333333333,53.5,443.1666666666667,39.833333333333336,1006.0749999999999,20.508333333333333,53.499999999999986,443.16666666666663,39.83333333333333,1006.0749999999999
2023-07-19 00:00:00,20.224999999999998,51.166666666666664,446.25,41.583333333333336,1006.1083333333335,20.224999999999998,51.16666666666665,446.25,41.58333333333333,1006.1083333333335
2023-07-19 01:00:00,19.416666666666668,50.5,435.5,39.25,1005.9583333333334,19.416666666666664,50.49999999999998,435.49999999999994,39.24999999999999,1005.9583333333334
2023-07-19 02:00:00,18.766666666666666,51.25,447.8333333333333,39.0,1005.8166666666666,18.766666666666662,51.24999999999997,447.8333333333333,38.99999999999999,1005.8166666666666
2023-07-19 03:00:00,18.133333333333333,52.416666666666664,472.9166666666667,37.833333333333336,1005.6416666666668,18.13333333333333,52.41666666666663,472.9166666666667,37.83333333333333,1005.6416666666668
2023-07-19 04:00:00,17.483333333333334,53.333333333333336,473.9166666666667,37.916666666666664,1005.6333333333333,17.48333333333333,53.33333333333329,473.9166666666667,37.91666666666666,1005.6333333333333
2023-07-19 05:00:00,17.375,53.666666666666664,456.0833333333333,38.0,1005.5083333333333,17.374999999999996,53.666666666666615,456.0833333333333,38.0,1005.5083333333333
2023-07-19 06:00:00,18.325,52.583333333333336,437.75,38.083333333333336,1005.6083333333335,18.324999999999996,52.5833333333333,437.75,38.08333333333333,1005.6083333333335
2023-07-19 07:00:00,19.11818181818182,51.09090909090909,426.8181818181818,40.09090909090909,1005.6818181818181,19.118181818181817,51.090909090909065,426.81818181818176,40.090909090909086,1005.6818181818181
2023-07-19 08:00:00,19.266666666666666,49.25,402.5,38.0,1005.7666666666668,19.266666666666662,49.24999999999997,402.49999999999994,37.99999999999999,1005.7666666666668
2023-07-19 09:00:00,19.341666666666665,49.0,407.0,38.25,1005.9083333333333,19.34166666666666,48.99999999999998,407.0,38.249999999999986,1005.9083333333333
2023-07-19 10:00:00,19.55,48.333333333333336,401.5833333333333,38.166666666666664,1005.9,19.549999999999997,48.333333333333314,401.5833333333333,38.16666666666665,1005.9
2023-07-19 11:00:00,20.008333333333333,47.333333333333336,405.25,38.416666666666664,1005.8583333333332,20.008333333333333,47.33333333333332,405.25,38.41666666666665,1005.8583333333332
2023-07-19 12:00:00,20.316666666666666,46.166666666666664,408.6666666666667,39.0,1005.6833333333334,20.316666666666666,46.16666666666665,408.6666666666667,38.99999999999999,1005.6833333333334
2023-07-19 13:00:00,20.425,46.083333333333336,414.1666666666667,39.583333333333336,1005.5416666666666,20.425,46.08333333333332,414.1666666666667,39.583333333333336,1005.5416666666666
2023-07-19 14:00:00,20.083333333333332,46.833333333333336,411.6666666666667,39.166666666666664,1005.2666666666668,20.083333333333332,46.83333333333332,411.6666666666667,39.166666666666664,1005.2666666666668
2023-07-19 15:00:00,19.908333333333335,47.0,404.6666666666667,39.166666666666664,1005.025,19.90833333333333,46.99999999999998,404.6666666666667,39.166666666666664,1005.025
2023-07-19 16:00:00,19.827272727272728,47.63636363636363,403.09090909090907,39.45454545454545,1004.7454545454547,19.827272727272724,47.63636363636361,403.09090909090907,39.45454545454545,1004.7454545454547
2023-07-19 17:00:00,19.59166666666667,49.25,399.0833333333333,39.916666666666664,1004.1,19.591666666666665,49.24999999999998,399.0833333333333,39.916666666666664,1004.1
2023-07-19 18:00:00,19.591666666666665,51.333333333333336,398.5,39.5,1003.5416666666666,19.59166666666666,51.333333333333314,398.49999999999994,39.5,1003.5416666666666
2023-07-19 19:00:00,19.466666666666665,52.5,403.75,39.083333333333336,1003.15,19.46666666666666,52.49999999999998,403.74999999999994,39.083333333333336,1003.15
2023-07-19 20:00:00,19.375,53.25,403.5,38.833333333333336,1002.8833333333333,19.374999999999996,53.24999999999998,403.49999999999994,38.833333333333336,1002.8833333333333
2023-07-19 21:00:00,19.525000000000002,49.916666666666664,407.4166666666667,38.333333333333336,1002.875,19.525,49.91666666666664,407.41666666666663,38.333333333333336,1002.875
2023-07-19 22:00:00,19.266666666666666,48.0,409.1666666666667,41.583333333333336,1002.7583333333333,19.266666666666662,47.99999999999997,409.1666666666667,41.583333333333336,1002.7583333333333
2023-07-19 23:00:00,18.90833333333333,48.0,419.4166666666667,42.083333333333336,1002.6999999999999,18.908333333333328,47.99999999999997,419.4166666666667,42.083333333333336,1002.6999999999999
2023-07-20 00:00:00,18.254545454545454,48.90909090909091,428.72727272727275,38.63636363636363,1002.4545454545455,18.25454545454545,48.90909090909087,428.7272727272728,38.63636363636363,1002.4545454545455
2023-07-20 01:00:00,17.3,50.416666666666664,450.4166666666667,40.5,1002.225,17.299999999999997,50.416666666666615,450.41666666666674,40.5,1002.225
2023-07-20 02:00:00,16.733333333333334,51.0,445.0,38.666666666666664,1002.025,16.73333333333333,50.99999999999994,445.0,38.666666666666664,1002.025
2023-07-20 03:00:00,16.349999999999998,52.0,449.75,38.0,1001.9666666666667,16.349999999999994,51.99999999999994,449.75,38.0,1001.9666666666667
2023-07-20 04:00:00,15.866666666666667,52.083333333333336,434.5,38.0,1001.7166666666667,15.866666666666664,52.08333333333327,434.5,38.0,1001.7166666666667
2023-07-20 05:00:00,15.608333333333333,53.25,442.4166666666667,38.083333333333336,1001.625,15.608333333333329,53.249999999999936,442.4166666666667,38.083333333333336,1001.625
2023-07-20 06:00:00,16.008333333333333,54.416666666666664,436.1666666666667,37.833333333333336,1001.7083333333334,16.00833333333333,54.4166666666666,436.1666666666667,37.833333333333336,1001.7083333333334
2023-07-20 07:00:00,17.083333333333332,55.416666666666664,440.25,39.416666666666664,1001.9250000000001,17.08333333333333,55.416666666666615,440.25,39.416666666666664,1001.9250000000001
2023-07-20 08:00:00,18.958333333333332,53.25,397.75,37.75,1002.1416666666668,18.95833333333333,53.24999999999997,397.74999999999994,37.75,1002.1416666666668
2023-07-20 09:00:00,20.354545454545455,50.18181818181818,413.09090909090907,38.0,1002.1272727272727,20.354545454545455,50.181818181818166,413.090909090909,38.0,1002.1272727272727
2023-07-20 10:00:00,21.366666666666664,47.583333333333336,428.5,38.333333333333336,1002.3000000000001,21.366666666666664,47.583333333333336,428.5,38.333333333333336,1002.3000000000001
2023-07-20 11:00:00,22.03333333333333,46.083333333333336,445.3333333333333,38.333333333333336,1002.6666666666666,22.03333333333333,46.08333333333334,445.3333333333333,38.333333333333336,1002.6666666666666
2023-07-20 12:00:00,22.349999999999998,44.833333333333336,452.0833333333333,38.833333333333336,1002.6916666666667,22.349999999999998,44.83333333333334,452.0833333333333,38.833333333333336,1002.6916666666667
2023-07-20 13:00:00,22.133333333333336,44.0,447.1666666666667,39.166666666666664,1002.6,22.133333333333336,44.000000000000014,447.1666666666667,39.166666666666664,1002.6
2023-07-20 14:00:00,21.849999999999998,44.0,448.0833333333333,39.166666666666664,1002.4250000000001,21.849999999999998,44.000000000000014,448.0833333333333,39.166666666666664,1002.4250000000001
2023-07-20 15:00:00,21.88333333333333,44.75,466.75,40.5,1002.475,21.88333333333333,44.750000000000014,466.75,40.5,1002.475
2023-07-20 16:00:00,22.141666666666666,45.0,535.1666666666666,41.333333333333336,1002.725,22.141666666666666,45.00000000000001,535.1666666666666,41.333333333333336,1002.725
2023-07-20 17:00:00,22.483333333333334,45.75,531.0833333333334,42.166666666666664,1002.7916666666666,22.483333333333334,45.750000000000014,531.0833333333334,42.166666666666664,1002.7916666666666
2023-07-20 18:00:00,22.463636363636365,46.54545454545455,491.09090909090907,41.18181818181818,1002.6181818181817,22.463636363636365,46.54545454545456,491.09090909090907,41.18181818181818,1002.6181818181817
2023-07-20 19:00:00,22.28333333333333,48.666666666666664,482.3333333333333,39.916666666666664,1002.0833333333334,22.28333333333333,48.66666666666667,482.3333333333333,39.916666666666664,1002.0833333333334
2023-07-20 20:00:00,22.275000000000002,47.416666666666664,511.5833333333333,40.833333333333336,1001.975,22.275000000000002,47.41666666666667,511.58333333333337,40.833333333333336,1001.975
2023-07-20 21:00:00,22.291666666666668,47.5,494.4166666666667,48.5,1002.1416666666668,22.291666666666668,47.50000000000001,494.4166666666667,48.5,1002.1416666666668
2023-07-20 22:00:00,20.858333333333334,49.416666666666664,498.5,46.583333333333336,1002.4499999999999,20.858333333333334,49.41666666666666,498.50000000000006,46.583333333333336,1002.4499999999999
2023-07-20 23:00:00,19.008333333333333,52.083333333333336,484.8333333333333,48.833333333333336,1002.2166666666667,19.00833333333333,52.08333333333331,484.83333333333337,48.83333333333334,1002.2166666666667
2023-07-21 00:00:00,17.775000000000002,53.666666666666664,481.9166666666667,46.083333333333336,1002.1,17.775,53.66666666666662,481.91666666666674,46.08333333333334,1002.1
2023-07-21 01:00:00,16.791666666666668,55.25,477.75,40.666666666666664,1001.9666666666667,16.791666666666664,55.24999999999995,477.75000000000006,40.66666666666667,1001.9666666666667
2023-07-21 02:00:00,15.736363636363636,56.27272727272727,465.90909090909093,37.54545454545455,1001.6727272727272,15.736363636363633,56.27272727272721,465.909090909091,37.54545454545455,1001.6727272727272
2023-07-21 03:00:00,15.275,57.75,461.25,37.25,1001.4916666666667,15.274999999999997,57.74999999999992,461.25000000000006,37.25,1001.4916666666667
2023-07-21 04:00:00,15.058333333333332,58.916666666666664,456.0,37.416666666666664,1001.4583333333334,15.058333333333328,58.916666666666586,456.00000000000006,37.41666666666667,1001.4583333333334
2023-07-21 05:00:00,15.141666666666666,60.833333333333336,462.1666666666667,37.166666666666664,1001.5333333333333,15.141666666666662,60.83333333333326,462.16666666666674,37.16666666666667,1001.5333333333333
2023-07-21 06:00:00,15.666666666666666,63.166666666666664,438.0,37.333333333333336,1001.6583333333333,15.666666666666663,63.16666666666659,438.0,37.33333333333334,1001.6583333333333
2023-07-21 07:00:00,16.333333333333332,64.33333333333333,394.9166666666667,37.583333333333336,1001.9416666666666,16.333333333333332,64.33333333333326,394.9166666666667,37.58333333333334,1001.9416666666666
2023-07-21 08:00:00,18.166666666666668,63.25,469.75,37.833333333333336,1002.15,18.166666666666668,63.24999999999996,469.75,37.83333333333334,1002.15
2023-07-21 09:00:00,19.983333333333334,60.333333333333336,604.0833333333334,39.916666666666664,1002.4166666666666,19.98333333333333,60.333333333333314,604.0833333333335,39.91666666666667,1002.4166666666666
2023-07-21 10:00:00,21.325,56.333333333333336,557.1666666666666,49.833333333333336,1002.7916666666666,21.325,56.333333333333336,557.1666666666667,49.83333333333334,1002.7916666666666
2023-07-21 11:00:00,22.38181818181818,52.90909090909091,525.7272727272727,39.63636363636363,1002.8818181818181,22.38181818181818,52.909090909090914,525.7272727272727,39.63636363636363,1002.8818181818181
2023-07-21 12:00:00,22.925,49.166666666666664,486.1666666666667,39.583333333333336,1002.8916666666665,22.925,49.16666666666668,486.1666666666667,39.583333333333336,1002.8916666666665
2023-07-21 13:00:00,23.03333333333333,47.25,522.1666666666666,43.666666666666664,1002.9166666666666,23.03333333333333,47.250000000000014,522.1666666666666,43.666666666666664,1002.9166666666666
2023-07-21 14:00:00,22.691666666666666,46.0,520.5833333333334,43.833333333333336,1003.0749999999999,22.691666666666666,46.000000000000014,520.5833333333334,43.833333333333336,1003.0749999999999
2023-07-21 15:00:00,22.575000000000003,46.0,531.5833333333334,45.166666666666664,1003.2583333333333,22.575000000000003,46.000000000000014,531.5833333333334,45.166666666666664,1003.2583333333333
2023-07-21 16:00:00,22.391666666666666,46.0,472.0833333333333,44.416666666666664,1003.1833333333334,22.391666666666666,46.00000000000001,472.0833333333333,44.416666666666664,1003.1833333333334
2023-07-21 17:00:00,21.45,46.583333333333336,453.75,46.25,1003.3083333333334,21.45,46.583333333333336,453.75,46.25,1003.3083333333334
2023-07-21 18:00:00,21.275000000000002,47.75,456.8333333333333,45.416666666666664,1003.775,21.275000000000002,47.75,456.8333333333333,45.416666666666664,1003.775
2023-07-21 19:00:00,20.675,50.0,439.75,45.916666666666664,1003.9833333333332,20.675,49.99999999999999,439.75,45.916666666666664,1003.9833333333332
2023-07-21 20:00:00,20.19090909090909,51.18181818181818,433.6363636363636,46.54545454545455,1004.0,20.19090909090909,51.181818181818166,433.6363636363636,46.545454545454554,1004.0
2023-07-21 21:00:00,19.833333333333332,52.0,433.0,45.416666666666664,1003.9666666666667,19.83333333333333,51.99999999999998,433.0,45.41666666666667,1003.9666666666667
2023-07-21 22:00:00,20.341666666666665,51.583333333333336,440.1666666666667,40.166666666666664,1004.1166666666667,20.341666666666665,51.58333333333332,440.16666666666663,40.166666666666664,1004.1166666666667
2023-07-21 23:00:00,20.125,51.75,455.6666666666667,43.916666666666664,1004.1333333333333,20.125,51.749999999999986,455.66666666666674,43.916666666666664,1004.1333333333333
2023-07-22 00:00:00,19.775000000000002,52.0,446.3333333333333,39.25,1004.2083333333334,19.775,51.99999999999998,446.33333333333326,39.25,1004.2083333333334
2023-07-22 01:00:00,19.083333333333332,53.0,438.9166666666667,39.083333333333336,1004.1,19.08333333333333,52.99999999999997,438.9166666666667,39.083333333333336,1004.1
2023-07-22 02:00:00,18.416666666666668,54.333333333333336,429.5,39.0,1003.8916666666665,18.416666666666664,54.3333333333333,429.5,39.0,1003.8916666666665
2023-07-22 03:00:00,17.916666666666668,55.666666666666664,411.0,38.666666666666664,1003.6833333333334,17.916666666666664,55.66666666666662,411.0,38.666666666666664,1003.6833333333334
2023-07-22 04:00:00,17.636363636363637,56.63636363636363,404.8181818181818,37.36363636363637,1003.5272727272727,17.636363636363633,56.63636363636359,404.8181818181818,37.36363636363637,1003.5272727272727
2023-07-22 05:00:00,17.433333333333334,57.5,403.1666666666667,37.0,1003.4666666666667,17.43333333333333,57.49999999999996,403.1666666666667,37.0,1003.4666666666667
2023-07-22 06:00:00,18.133333333333333,57.833333333333336,407.5,37.083333333333336,1003.4833333333332,18.13333333333333,57.83333333333329,407.49999999999994,37.083333333333336,1003.4833333333332
2023-07-22 07:00:00,19.466666666666665,56.75,463.6666666666667,37.25,1003.5833333333334,19.46666666666666,56.74999999999998,463.6666666666667,37.25,1003.5833333333334
2023-07-22 08:00:00,20.150000000000002,54.583333333333336,468.25,40.083333333333336,1003.625,20.150000000000002,54.58333333333332,468.25,40.083333333333336,1003.625
2023-07-22 09:00:00,20.566666666666666,52.916666666666664,438.0,41.5,1003.75,20.566666666666666,52.91666666666666,437.99999999999994,41.5,1003.75
2023-07-22 10:00:00,20.516666666666666,52.083333333333336,463.9166666666667,44.5,1004.025,20.516666666666666,52.08333333333332,463.91666666666674,44.50000000000001,1004.025
2023-07-22 11:00:00,20.241666666666667,52.833333333333336,472.1666666666667,46.333333333333336,1004.0916666666667,20.241666666666667,52.83333333333332,472.16666666666674,46.33333333333334,1004.0916666666667
2023-07-22 12:00:00,20.108333333333334,53.25,410.3333333333333,48.5,1004.1833333333334,20.108333333333334,53.249999999999986,410.3333333333333,48.50000000000001,1004.1833333333334
2023-07-22 13:00:00,19.563636363636366,54.72727272727273,403.6363636363636,45.0,1004.1181818181819,19.563636363636363,54.727272727272705,403.6363636363636,45.00000000000001,1004.1181818181819
2023-07-22 14:00:00,19.925,55.166666666666664,401.3333333333333,43.916666666666664,1003.8583333333332,19.924999999999997,55.16666666666665,401.33333333333326,43.91666666666667,1003.8583333333332
2023-07-22 15:00:00,20.041666666666668,53.833333333333336,410.4166666666667,44.0,1003.8666666666667,20.041666666666668,53.83333333333332,410.4166666666667,44.00000000000001,1003.8666666666667
2023-07-22 16:00:00,20.166666666666668,53.0,413.5833333333333,43.666666666666664,1003.9,20.166666666666668,52.999999999999986,413.5833333333333,43.66666666666667,1003.9
2023-07-22 17:00:00,20.48333333333333,53.5,494.4166666666667,44.25,1003.8249999999999,20.48333333333333,53.499999999999986,494.41666666666674,44.25000000000001,1003.8249999999999
2023-07-22 18:00:00,21.566666666666666,53.166666666666664,552.1666666666666,43.083333333333336,1004.0749999999999,21.566666666666666,53.166666666666664,552.1666666666667,43.08333333333334,1004.0749999999999
2023-07-22 19:00:00,22.558333333333334,52.583333333333336,690.8333333333334,47.416666666666664,1004.0583333333334,22.55833333333333,52.58333333333335,690.8333333333335,47.41666666666667,1004.0583333333334
2023-07-22 20:00:00,23.583333333333332,50.416666666666664,715.75,44.333333333333336,1004.0,23.58333333333333,50.416666666666686,715.7500000000001,44.333333333333336,1004.0
2023-07-22 21:00:00,24.0,49.25,623.5,40.833333333333336,1004.0666666666666,23.999999999999996,49.25000000000003,623.5000000000001,40.833333333333336,1004.0666666666666
2023-07-22 22:00:00,22.845454545454547,49.09090909090909,534.8181818181819,41.09090909090909,1004.2272727272727,22.845454545454547,49.09090909090911,534.8181818181819,41.09090909090909,1004.2272727272727
2023-07-22 23:00:00,20.633333333333333,51.25,462.8333333333333,38.5,1004.125,20.633333333333333,51.24999999999999,462.83333333333326,38.5,1004.125
2023-07-23 00:00:00,19.608333333333334,53.083333333333336,453.5833333333333,38.083333333333336,1004.125,19.60833333333333,53.083333333333314,453.5833333333333,38.083333333333336,1004.125
2023-07-23 01:00:00,18.891666666666666,54.25,448.5833333333333,38.25,1004.1583333333333,18.891666666666662,54.24999999999997,448.5833333333333,38.25,1004.1583333333333
2023-07-23 02:00:00,18.533333333333335,55.333333333333336,444.25,37.583333333333336,1004.0333333333333,18.53333333333333,55.3333333333333,444.25,37.583333333333336,1004.0333333333333
2023-07-23 03:00:00,18.325,56.333333333333336,440.8333333333333,37.25,1003.9,18.324999999999996,56.3333333333333,440.8333333333333,37.25,1003.9
2023-07-23 04:00:00,18.05,57.0,438.4166666666667,37.166666666666664,1003.7083333333334,18.049999999999997,56.999999999999964,438.4166666666667,37.166666666666664,1003.7083333333334
2023-07-23 05:00:00,17.891666666666666,57.166666666666664,444.1666666666667,37.0,1003.7166666666667,17.891666666666662,57.16666666666662,444.1666666666667,37.0,1003.7166666666667
2023-07-23 06:00:00,17.90909090909091,58.0,433.09090909090907,37.18181818181818,1003.7636363636364,17.909090909090907,57.99999999999995,433.09090909090907,37.18181818181818,1003.7636363636364
2023-07-23 07:00:00,18.291666666666668,58.833333333333336,446.1666666666667,37.333333333333336,1003.8916666666665,18.291666666666664,58.83333333333329,446.1666666666667,37.33333333333334,1003.8916666666665
2023-07-23 08:00:00,19.783333333333335,58.333333333333336,506.0,37.833333333333336,1004.0083333333333,19.78333333333333,58.33333333333331,506.0,37.83333333333334,1004.0083333333333
2023-07-23 09:00:00,21.116666666666667,56.25,503.4166666666667,39.166666666666664,1004.0583333333334,21.116666666666667,56.24999999999999,503.4166666666667,39.166666666666664,1004.0583333333334
2023-07-23 10:00:00,22.375,53.416666666666664,570.8333333333334,51.583333333333336,1004.3416666666667,22.375,53.41666666666667,570.8333333333335,51.58333333333334,1004.3416666666667
2023-07-23 11:00:00,23.15833333333333,54.583333333333336,595.1666666666666,53.25,1004.6500000000001,23.15833333333333,54.58333333333336,595.1666666666667,53.25000000000001,1004.6500000000001
2023-07-23 12:00:00,23.958333333333332,53.166666666666664,633.5,53.5,1004.625,23.95833333333333,53.16666666666669,633.5000000000001,53.50000000000001,1004.625
2023-07-23 13:00:00,22.933333333333334,52.083333333333336,501.75,41.5,1004.5916666666667,22.933333333333334,52.08333333333335,501.74999999999994,41.5,1004.5916666666667
2023-07-23 14:00:00,22.266666666666666,53.25,486.1666666666667,43.333333333333336,1004.1916666666666,22.266666666666666,53.25000000000001,486.1666666666667,43.33333333333334,1004.1916666666666
2023-07-23 15:00:00,22.89090909090909,53.27272727272727,585.4545454545455,55.63636363636363,1004.1,22.89090909090909,53.27272727272729,585.4545454545456,55.63636363636364,1004.1
2023-07-23 16:00:00,23.416666666666668,51.583333333333336,610.25,50.75,1004.025,23.416666666666668,51.58333333333336,610.2500000000001,50.75000000000001,1004.025
2023-07-23 17:00:00,23.59166666666667,50.666666666666664,610.5,50.583333333333336,1003.7416666666667,23.59166666666667,50.666666666666686,610.5000000000001,50.58333333333334,1003.7416666666667
2023-07-23 18:00:00,23.7,49.5,725.0,52.666666666666664,1003.4833333333332,23.699999999999996,49.50000000000002,725.0000000000001,52.66666666666667,1003.4833333333332
2023-07-23 19:00:00,23.28333333333333,48.0,549.0,50.666666666666664,1003.2166666666667,23.28333333333333,48.00000000000002,549.0,50.66666666666667,1003.2166666666667
2023-07-23 20:00:00,22.675,47.0,525.4166666666666,49.0,1002.975,22.675,47.000000000000014,525.4166666666666,49.0,1002.975
2023-07-23 21:00:00,22.375,48.166666666666664,642.9166666666666,46.5,1002.8666666666667,22.374999999999996,48.16666666666667,642.9166666666667,46.5,1002.8666666666667
2023-07-23 22:00:00,21.366666666666664,50.0,563.5,40.583333333333336,1002.6916666666667,21.366666666666664,50.0,563.5000000000001,40.583333333333336,1002.6916666666667
2023-07-23 23:00:00,20.20909090909091,51.0,519.0909090909091,40.36363636363637,1002.4727272727273,20.20909090909091,50.999999999999986,519.0909090909092,40.36363636363637,1002.4727272727273
2023-07-24 00:00:00,19.441666666666666,52.0,511.0833333333333,38.833333333333336,1002.1166666666667,19.441666666666663,51.99999999999998,511.08333333333337,38.833333333333336,1002.1166666666667
2023-07-24 01:00:00,18.866666666666664,52.416666666666664,496.5,37.916666666666664,1001.5749999999999,18.86666666666666,52.416666666666636,496.50000000000006,37.916666666666664,1001.5749999999999
2023-07-24 02:00:00,18.591666666666665,53.25,496.6666666666667,37.333333333333336,1000.9666666666667,18.59166666666666,53.249999999999964,496.66666666666674,37.333333333333336,1000.9666666666667
2023-07-24 03:00:00,18.791666666666668,54.0,491.8333333333333,38.166666666666664,1000.5749999999999,18.791666666666664,53.99999999999997,491.8333333333333,38.166666666666664,1000.5749999999999
2023-07-24 04:00:00,19.083333333333332,54.0,502.4166666666667,37.916666666666664,999.8666666666667,19.08333333333333,53.99999999999997,502.4166666666667,37.916666666666664,999.8666666666667
2023-07-24 05:00:00,19.133333333333336,54.0,489.5833333333333,38.333333333333336,999.625,19.133333333333333,53.99999999999997,489.5833333333333,38.333333333333336,999.625
2023-07-24 06:00:00,19.2,54.0,494.5833333333333,38.833333333333336,999.4250000000001,19.199999999999996,53.99999999999997,494.5833333333333,38.833333333333336,999.4250000000001
2023-07-24 07:00:00,19.675,53.833333333333336,557.25,46.5,999.1083333333332,19.674999999999997,53.833333333333314,557.2500000000001,46.50000000000001,999.1083333333332
2023-07-24 08:00:00,20.436363636363637,52.54545454545455,478.90909090909093,40.36363636363637,998.8454545454545,20.436363636363637,52.54545454545453,478.90909090909093,40.36363636363637,998.8454545454545
2023-07-24 09:00:00,20.625,52.666666666666664,427.6666666666667,39.25,998.4583333333334,20.625,52.66666666666666,427.66666666666663,39.25,998.4583333333334
2023-07-24 10:00:00,21.041666666666668,53.0,433.4166666666667,39.5,997.9916666666667,21.041666666666668,52.99999999999999,433.41666666666663,39.5,997.9916666666667
2023-07-24 11:00:00,21.075,54.0,443.8333333333333,40.0,997.5500000000001,21.075,53.99999999999999,443.83333333333326,40.0,997.5500000000001
2023-07-24 12:00:00,21.233333333333334,55.0,499.75,43.333333333333336,996.7916666666666,21.233333333333334,55.0,499.75,43.33333333333334,996.7916666666666
2023-07-24 13:00:00,21.358333333333334,55.666666666666664,542.5,41.75,996.4,21.358333333333334,55.666666666666664,542.5000000000001,41.75000000000001,996.4
2023-07-24 14:00:00,21.441666666666666,57.0,551.75,45.833333333333336,995.8416666666667,21.441666666666666,57.0,551.7500000000001,45.83333333333334,995.8416666666667
2023-07-24 15:00:00,21.5,57.0,487.8333333333333,45.166666666666664,995.0916666666667,21.5,57.0,487.8333333333333,45.16666666666667,995.0916666666667
2023-07-24 16:00:00,21.636363636363637,57.72727272727273,507.09090909090907,40.36363636363637,994.4,21.636363636363637,57.72727272727272,507.09090909090907,40.363636363636374,994.4
2023-07-24 17:00:00,21.90833333333333,58.0,504.3333333333333,39.75,993.7166666666667,21.90833333333333,58.0,504.3333333333333,39.75000000000001,993.7166666666667
2023-07-24 18:00:00,22.075000000000003,58.0,490.1666666666667,40.333333333333336,992.9083333333333,22.075000000000003,58.00000000000001,490.16666666666663,40.33333333333334,992.9083333333333
2023-07-24 19:00:00,22.2,58.833333333333336,513.0,41.166666666666664,992.0500000000001,22.2,58.83333333333334,513.0,41.16666666666667,992.0500000000001
2023-07-24 20:00:00,22.34166666666667,58.416666666666664,543.4166666666666,44.833333333333336,991.6333333333333,22.34166666666667,58.41666666666667,543.4166666666667,44.83333333333334,991.6333333333333
2023-07-24 21:00:00,22.95,58.583333333333336,595.6666666666666,43.666666666666664,991.4583333333334,22.95,58.58333333333335,595.6666666666667,43.66666666666667,991.4583333333334
2023-07-24 22:00:00,22.974999999999998,58.0,561.3333333333334,40.583333333333336,991.3666666666667,22.974999999999998,58.000000000000014,561.3333333333335,40.58333333333334,991.3666666666667
2023-07-24 23:00:00,23.03333333333333,58.0,613.5,45.166666666666664,991.2833333333333,23.03333333333333,58.000000000000014,613.5000000000001,45.16666666666667,991.2833333333333
2023-07-25 00:00:00,21.84166666666667,58.5,562.9166666666666,41.25,991.0083333333333,21.84166666666667,58.50000000000001,562.9166666666667,41.25000000000001,991.0083333333333
2023-07-25 01:00:00,20.536363636363635,60.54545454545455,491.6363636363636,38.09090909090909,991.0090909090909,20.536363636363635,60.54545454545453,491.6363636363636,38.0909090909091,991.0090909090909
2023-07-25 02:00:00,20.033333333333335,61.166666666666664,466.5833333333333,37.583333333333336,991.1166666666667,20.033333333333335,61.16666666666665,466.5833333333333,37.58333333333334,991.1166666666667
2023-07-25 03:00:00,19.741666666666667,62.0,460.5,37.666666666666664,991.3416666666667,19.741666666666667,61.99999999999998,460.5,37.66666666666667,991.3416666666667
2023-07-25 04:00:00,19.433333333333334,62.333333333333336,445.0833333333333,37.583333333333336,991.625,19.433333333333334,62.333333333333314,445.0833333333333,37.58333333333334,991.625
2023-07-25 05:00:00,19.316666666666666,63.0,447.6666666666667,37.416666666666664,991.7416666666667,19.316666666666666,62.99999999999998,447.6666666666667,37.41666666666667,991.7416666666667
2023-07-25 06:00:00,19.258333333333333,63.333333333333336,452.75,37.833333333333336,991.8833333333333,19.258333333333333,63.33333333333331,452.75,37.83333333333334,991.8833333333333
2023-07-25 07:00:00,19.375,64.0,455.8333333333333,38.833333333333336,992.0166666666668,19.375,63.99999999999998,455.8333333333333,38.83333333333334,992.0166666666668
2023-07-25 08:00:00,19.95,63.416666666666664,485.3333333333333,43.666666666666664,992.3333333333334,19.95,63.41666666666665,485.3333333333333,43.66666666666667,992.3333333333334
2023-07-25 09:00:00,20.483333333333334,61.833333333333336,475.1666666666667,44.166666666666664,992.5666666666666,20.483333333333338,61.83333333333332,475.1666666666667,44.16666666666667,992.5666666666666
2023-07-25 10:00:00,20.89090909090909,60.27272727272727,526.1818181818181,40.54545454545455,992.8909090909091,20.89090909090909,60.272727272727266,526.1818181818182,40.545454545454554,992.8909090909091
2023-07-25 11:00:00,21.724999999999998,57.416666666666664,541.5833333333334,47.416666666666664,993.0500000000001,21.724999999999998,57.41666666666667,541.5833333333335,47.41666666666667,993.0500000000001
2023-07-25 12:00:00,22.400000000000002,53.916666666666664,508.6666666666667,48.833333333333336,993.125,22.400000000000002,53.91666666666668,508.66666666666674,48.83333333333334,993.125
2023-07-25 13:00:00,22.516666666666666,52.166666666666664,519.75,50.333333333333336,993.4583333333334,22.516666666666666,52.16666666666668,519.75,50.33333333333334,993.4583333333334
2023-07-25 14:00:00,22.28333333333333,51.666666666666664,508.6666666666667,41.0,993.7666666666668,22.28333333333333,51.66666666666667,508.6666666666667,41.0,993.7666666666668
2023-07-25 15:00:00,22.150000000000002,50.666666666666664,497.75,40.583333333333336,993.9416666666666,22.150000000000002,50.66666666666667,497.75000000000006,40.583333333333336,993.9416666666666
2023-07-25 16:00:00,22.125,50.916666666666664,499.75,40.583333333333336,994.1916666666666,22.125,50.91666666666667,499.75,40.583333333333336,994.1916666666666
2023-07-25 17:00:00,22.175,51.0,471.3333333333333,41.166666666666664,994.3583333333332,22.175,51.00000000000001,471.3333333333333,41.166666666666664,994.3583333333332
2023-07-25 18:00:00,22.081818181818182,51.27272727272727,457.54545454545456,40.54545454545455,994.2818181818183,22.081818181818182,51.27272727272728,457.5454545454545,40.54545454545455,994.2818181818183
2023-07-25 19:00:00,22.108333333333334,52.5,503.3333333333333,50.666666666666664,994.5500000000001,22.108333333333334,52.50000000000001,503.33333333333337,50.66666666666667,994.5500000000001
2023-07-25 20:00:00,22.25,53.25,497.5,47.583333333333336,994.8416666666667,22.25,53.25000000000001,497.50000000000006,47.58333333333334,994.8416666666667
2023-07-25 21:00:00,22.233333333333334,54.0,500.5833333333333,51.0,994.9833333333332,22.233333333333334,54.00000000000001,500.58333333333337,51.00000000000001,994.9833333333332
2023-07-25 22:00:00,21.599999999999998,54.5,461.0,39.333333333333336,995.0666666666666,21.599999999999998,54.5,460.99999999999994,39.333333333333336,995.0666666666666
2023-07-25 23:00:00,21.133333333333336,55.666666666666664,472.6666666666667,38.416666666666664,995.1083333333332,21.133333333333336,55.66666666666666,472.66666666666663,38.416666666666664,995.1083333333332
2023-07-26 00:00:00,20.791666666666668,56.0,472.4166666666667,38.25,995.3916666666665,20.791666666666668,55.99999999999999,472.4166666666667,38.25,995.3916666666665
2023-07-26 01:00:00,20.333333333333332,56.5,457.0833333333333,37.25,995.6083333333332,20.333333333333332,56.499999999999986,457.08333333333326,37.25,995.6083333333332
2023-07-26 02:00:00,19.933333333333334,56.916666666666664,450.0833333333333,37.333333333333336,995.9833333333332,19.93333333333333,56.91666666666665,450.08333333333326,37.333333333333336,995.9833333333332
2023-07-26 03:00:00,19.7,56.0,465.6363636363636,37.0,996.3454545454545,19.699999999999996,55.99999999999998,465.6363636363636,37.0,996.3454545454545
2023-07-26 04:00:00,19.083333333333332,56.0,451.5833333333333,37.0,996.6583333333333,19.08333333333333,55.99999999999997,451.5833333333333,37.0,996.6583333333333
2023-07-26 05:00:00,18.716666666666665,56.0,447.0,37.083333333333336,997.0,18.71666666666666,55.99999999999997,447.0,37.083333333333336,997.0
2023-07-26 06:00:00,18.816666666666666,56.0,450.5833333333333,37.583333333333336,997.2583333333333,18.816666666666663,55.99999999999997,450.5833333333333,37.583333333333336,997.2583333333333
2023-07-26 07:00:00,19.333333333333332,56.0,469.25,37.75,997.475,19.33333333333333,55.99999999999998,469.25,37.75,997.475
2023-07-26 08:00:00,20.608333333333334,55.25,595.5833333333334,44.166666666666664,997.7916666666666,20.608333333333334,55.24999999999999,595.5833333333335,44.16666666666667,997.7916666666666
2023-07-26 09:00:00,21.816666666666666,53.583333333333336,695.8333333333334,44.333333333333336,998.2833333333333,21.816666666666663,53.58333333333334,695.8333333333335,44.33333333333334,998.2833333333333
2023-07-26 10:00:00,22.299999999999997,53.916666666666664,696.8333333333334,42.166666666666664,998.6916666666666,22.299999999999994,53.91666666666667,696.8333333333335,42.16666666666667,998.6916666666666
2023-07-26 11:00:00,22.3,52.666666666666664,578.9166666666666,39.0,999.025,22.3,52.66666666666667,578.9166666666667,39.0,999.025
2023-07-26 12:00:00,22.363636363636363,51.18181818181818,595.1818181818181,41.45454545454545,999.3090909090909,22.363636363636363,51.18181818181819,595.1818181818182,41.45454545454545,999.3090909090909
2023-07-26 13:00:00,22.25,51.166666666666664,599.1666666666666,43.416666666666664,999.4833333333332,22.25,51.16666666666667,599.1666666666667,43.416666666666664,999.4833333333332
2023-07-26 14:00:00,22.366666666666664,50.833333333333336,596.0833333333334,41.583333333333336,999.8000000000001,22.366666666666664,50.83333333333334,596.0833333333335,41.583333333333336,999.8000000000001
2023-07-26 15:00:00,21.099999999999998,51.166666666666664,527.6666666666666,41.416666666666664,999.8916666666665,21.099999999999998,51.16666666666666,527.6666666666667,41.416666666666664,999.8916666666665
2023-07-26 16:00:00,21.441666666666666,51.0,529.25,40.166666666666664,999.9,21.441666666666666,51.0,529.2500000000001,40.166666666666664,999.9
2023-07-26 17:00:00,21.150000000000002,51.666666666666664,508.3333333333333,39.833333333333336,999.8916666666665,21.150000000000002,51.66666666666666,508.3333333333333,39.833333333333336,999.8916666666665
2023-07-26 18:00:00,21.358333333333334,52.166666666666664,519.0,40.416666666666664,999.975,21.358333333333334,52.166666666666664,519.0,40.416666666666664,999.975
2023-07-26 19:00:00,21.875,52.0,529.25,44.333333333333336,999.6166666666667,21.875,52.00000000000001,529.25,44.33333333333334,999.6166666666667
2023-07-26 20:00:00,22.336363636363636,53.0,633.4545454545455,46.90909090909091,999.6636363636364,22.336363636363632,53.00000000000001,633.4545454545456,46.909090909090914,999.6636363636364
2023-07-26 21:00:00,22.333333333333332,53.0,570.4166666666666,43.75,999.7916666666666,22.333333333333332,53.00000000000001,570.4166666666667,43.75000000000001,999.7916666666666
2023-07-26 22:00:00,22.483333333333334,53.083333333333336,691.9166666666666,48.333333333333336,999.7583333333333,22.48333333333333,53.08333333333335,691.9166666666667,48.33333333333334,999.7583333333333
2023-07-26 23:00:00,21.558333333333334,53.583333333333336,628.5833333333334,42.416666666666664,999.7000000000002,21.55833333333333,53.583333333333336,628.5833333333335,42.416666666666664,999.7000000000002
2023-07-27 00:00:00,20.191666666666666,55.083333333333336,530.0,39.166666666666664,999.6833333333334,20.191666666666666,55.08333333333332,530.0000000000001,39.166666666666664,999.6833333333334
2023-07-27 01:00:00,19.5,56.5,550.4166666666666,38.916666666666664,999.5749999999999,19.499999999999996,56.49999999999998,550.4166666666667,38.916666666666664,999.5749999999999
2023-07-27 02:00:00,19.116666666666667,57.25,517.25,38.333333333333336,999.2666666666668,19.116666666666664,57.24999999999997,517.2500000000001,38.33333333333334,999.2666666666668
2023-07-27 03:00:00,18.75,58.0,517.8333333333334,38.333333333333336,999.0749999999999,18.749999999999996,57.999999999999964,517.8333333333335,38.33333333333334,999.0749999999999
2023-07-27 04:00:00,18.425,58.916666666666664,520.5,38.0,999.1750000000001,18.424999999999997,58.91666666666662,520.5000000000001,38.00000000000001,999.1750000000001
2023-07-27 05:00:00,18.172727272727272,59.36363636363637,492.45454545454544,38.18181818181818,999.2272727272727,18.17272727272727,59.363636363636324,492.45454545454544,38.18181818181819,999.2272727272727
2023-07-27 06:00:00,18.5,60.0,532.5,38.166666666666664,999.4,18.499999999999996,59.99999999999996,532.5000000000001,38.16666666666667,999.4
2023-07-27 07:00:00,18.875,60.583333333333336,538.0833333333334,38.583333333333336,999.5,18.874999999999996,60.5833333333333,538.0833333333335,38.58333333333334,999.5
2023-07-27 08:00:00,20.208333333333332,59.25,551.0833333333334,43.583333333333336,999.85,20.208333333333332,59.24999999999998,551.0833333333335,43.58333333333334,999.85
2023-07-27 09:00:00,20.833333333333332,57.583333333333336,531.75,44.25,1000.2166666666667,20.833333333333332,57.58333333333333,531.7500000000001,44.25000000000001,1000.2166666666667
2023-07-27 10:00:00,22.208333333333332,54.916666666666664,611.0833333333334,46.666666666666664,1000.4250000000001,22.208333333333332,54.91666666666667,611.0833333333335,46.66666666666667,1000.4250000000001
2023-07-27 11:00:00,22.666666666666668,51.833333333333336,535.3333333333334,44.416666666666664,1000.5333333333333,22.666666666666668,51.83333333333335,535.3333333333334,44.416666666666664,1000.5333333333333
2023-07-27 12:00:00,22.474999999999998,52.0,519.4166666666666,43.916666666666664,1000.6500000000001,22.474999999999998,52.000000000000014,519.4166666666666,43.916666666666664,1000.6500000000001
2023-07-27 13:00:00,22.25,51.833333333333336,507.6666666666667,47.416666666666664,1000.6833333333334,22.25,51.83333333333334,507.66666666666674,47.41666666666667,1000.6833333333334
2023-07-27 14:00:00,22.227272727272727,52.0,494.1818181818182,41.18181818181818,1000.7363636363636,22.227272727272727,52.00000000000001,494.18181818181813,41.18181818181818,1000.7363636363636
2023-07-27 15:00:00,22.075,51.833333333333336,481.3333333333333,42.916666666666664,1000.725,22.075,51.83333333333334,481.3333333333333,42.916666666666664,1000.725
2023-07-27 16:00:00,21.683333333333334,52.416666666666664,450.9166666666667,41.666666666666664,1000.6833333333334,21.683333333333334,52.416666666666664,450.91666666666663,41.666666666666664,1000.6833333333334
2023-07-27 17:00:00,22.075,52.583333333333336,477.4166666666667,42.75,1000.75,22.075,52.58333333333334,477.4166666666667,42.75,1000.75
2023-07-27 18:00:00,22.2,52.0,464.1666666666667,43.416666666666664,1000.8083333333333,22.2,52.00000000000001,464.1666666666667,43.416666666666664,1000.8083333333333
2023-07-27 19:00:00,21.491666666666664,53.666666666666664,437.1666666666667,43.25,1000.9499999999999,21.491666666666664,53.666666666666664,437.16666666666663,43.25000000000001,1000.9499999999999
2023-07-27 20:00:00,20.841666666666665,54.416666666666664,414.8333333333333,40.0,1001.4333333333334,20.841666666666665,54.41666666666666,414.83333333333326,40.0,1001.4333333333334
2023-07-27 21:00:00,20.30909090909091,55.45454545454545,411.6363636363636,44.45454545454545,1001.6727272727272,20.30909090909091,55.45454545454544,411.63636363636357,44.45454545454546,1001.6727272727272
2023-07-27 22:00:00,19.641666666666666,56.666666666666664,405.9166666666667,43.333333333333336,1001.9499999999999,19.641666666666662,56.66666666666664,405.91666666666663,43.33333333333334,1001.9499999999999
2023-07-27 23:00:00,19.116666666666667,58.666666666666664,435.0833333333333,39.25,1002.0,19.116666666666664,58.66666666666663,435.0833333333333,39.25000000000001,1002.0
2023-07-28 00:00:00,19.516666666666666,58.0,550.5,39.916666666666664,1001.9499999999999,19.516666666666662,57.99999999999997,550.5000000000001,39.91666666666667,1001.9499999999999
2023-07-28 01:00:00,19.066666666666666,56.916666666666664,569.1666666666666,38.25,1001.875,19.066666666666663,56.916666666666636,569.1666666666667,38.25,1001.875
2023-07-28 02:00:00,18.06,57.2,492.4,38.6,1001.74,18.059999999999995,57.19999999999997,492.4,38.60000000000001,1001.74
2023-07-28 03:00:00,18.058333333333334,57.75,521.8333333333334,38.083333333333336,1001.6500000000001,18.05833333333333,57.74999999999996,521.8333333333335,38.08333333333334,1001.6500000000001
2023-07-28 04:00:00,17.641666666666666,58.333333333333336,500.1666666666667,38.083333333333336,1001.7666666666668,17.641666666666662,58.333333333333286,500.16666666666674,38.08333333333334,1001.7666666666668
2023-07-28 05:00:00,17.3,60.54545454545455,442.27272727272725,38.0,1001.9545454545455,17.299999999999997,60.54545454545449,442.27272727272725,38.00000000000001,1001.9545454545455
2023-07-28 06:00:00,17.5,62.25,438.5,37.833333333333336,1002.2416666666667,17.5,62.24999999999995,438.5,37.83333333333334,1002.2416666666667
2023-07-28 07:00:00,17.525,63.416666666666664,429.5,38.25,1002.4499999999999,17.525,63.416666666666615,429.5,38.25000000000001,1002.4499999999999
2023-07-28 08:00:00,17.533333333333335,64.75,424.8333333333333,40.333333333333336,1002.5666666666666,17.533333333333335,64.74999999999994,424.8333333333333,40.33333333333334,1002.5666666666666
2023-07-28 09:00:00,18.383333333333333,65.83333333333333,436.0,40.0,1002.9666666666667,18.383333333333333,65.83333333333329,436.0,40.00000000000001,1002.9666666666667
2023-07-28 10:00:00,20.075,64.5,547.1666666666666,40.083333333333336,1003.4416666666666,20.075000000000003,64.49999999999997,547.1666666666666,40.08333333333334,1003.4416666666666
2023-07-28 11:00:00,20.418181818181818,63.09090909090909,575.2727272727273,40.54545454545455,1003.6090909090909,20.41818181818182,63.09090909090907,575.2727272727273,40.545454545454554,1003.6090909090909
2023-07-28 12:00:00,20.5,63.75,504.8333333333333,40.583333333333336,1003.625,20.500000000000004,63.74999999999998,504.8333333333333,40.58333333333334,1003.625
2023-07-28 13:00:00,21.724999999999998,62.166666666666664,623.1666666666666,41.333333333333336,1003.6416666666668,21.724999999999998,62.16666666666666,623.1666666666667,41.33333333333334,1003.6416666666668
2023-07-28 14:00:00,21.78333333333333,60.5,580.4166666666666,41.416666666666664,1003.7916666666666,21.78333333333333,60.49999999999999,580.4166666666667,41.41666666666667,1003.7916666666666
2023-07-28 15:00:00,22.041666666666668,60.75,502.9166666666667,37.833333333333336,1003.725,22.041666666666668,60.75,502.9166666666667,37.833333333333336,1003.725
2023-07-28 16:00:00,22.791666666666668,58.666666666666664,514.6666666666666,38.083333333333336,1003.725,22.791666666666668,58.66666666666667,514.6666666666666,38.083333333333336,1003.725
2023-07-28 17:00:00,23.083333333333332,56.166666666666664,610.4166666666666,40.0,1003.7833333333333,23.083333333333332,56.166666666666686,610.4166666666667,40.0,1003.7833333333333
2023-07-28 18:00:00,23.416666666666668,55.0,667.5833333333334,40.416666666666664,1003.7916666666666,23.416666666666664,55.00000000000002,667.5833333333335,40.416666666666664,1003.7916666666666
2023-07-28 19:00:00,23.399999999999995,55.0,606.5,41.333333333333336,1003.9166666666666,23.399999999999995,55.00000000000002,606.5000000000001,41.33333333333334,1003.9166666666666
2023-07-28 20:00:00,23.0,55.18181818181818,536.1818181818181,39.36363636363637,1004.0090909090909,23.0,55.181818181818194,536.1818181818181,39.36363636363637,1004.0090909090909
2023-07-28 21:00:00,22.2,55.416666666666664,485.3333333333333,39.333333333333336,1003.9333333333334,22.2,55.41666666666667,485.33333333333326,39.333333333333336,1003.9333333333334
2023-07-28 22:00:00,21.666666666666668,55.916666666666664,481.8333333333333,41.5,1003.9416666666666,21.666666666666668,55.916666666666664,481.83333333333326,41.50000000000001,1003.9416666666666
2023-07-28 23:00:00,21.125,57.166666666666664,474.8333333333333,45.416666666666664,1004.025,21.125,57.16666666666666,474.8333333333333,45.41666666666667,1004.025
2023-07-29 00:00:00,20.55,58.0,462.9166666666667,39.75,1004.025,20.55,57.999999999999986,462.9166666666667,39.75000000000001,1004.025
2023-07-29 01:00:00,20.125,58.916666666666664,458.9166666666667,40.416666666666664,1003.9666666666667,20.125,58.91666666666664,458.9166666666667,40.41666666666667,1003.9666666666667
2023-07-29 02:00:00,19.791666666666668,59.0,457.6666666666667,39.0,1003.7583333333333,19.791666666666664,58.99999999999997,457.6666666666667,39.00000000000001,1003.7583333333333
2023-07-29 03:00:00,18.833333333333332,60.166666666666664,445.9166666666667,38.333333333333336,1003.3166666666666,18.83333333333333,60.16666666666663,445.9166666666667,38.33333333333334,1003.3166666666666
2023-07-29 04:00:00,18.266666666666666,61.0,440.25,37.0,1002.9250000000001,18.266666666666662,60.99999999999996,440.25,37.00000000000001,1002.9250000000001
2023-07-29 05:00:00,17.875,61.833333333333336,443.5,37.0,1003.0,17.875,61.833333333333286,443.5,37.00000000000001,1003.0
2023-07-29 06:00:00,18.583333333333332,63.0,443.5,37.083333333333336,1002.8916666666665,18.583333333333332,62.99999999999996,443.5,37.08333333333334,1002.8916666666665
2023-07-29 07:00:00,20.163636363636364,61.54545454545455,471.1818181818182,37.0,1003.0454545454545,20.163636363636368,61.545454545454525,471.1818181818182,37.00000000000001,1003.0454545454545
2023-07-29 08:00:00,21.40833333333333,60.083333333333336,502.0,37.0,1003.1166666666667,21.40833333333333,60.08333333333333,502.0,37.00000000000001,1003.1166666666667
2023-07-29 09:00:00,22.25,57.5,500.6666666666667,38.75,1003.2416666666667,22.25,57.50000000000001,500.6666666666667,38.75000000000001,1003.2416666666667
2023-07-29 10:00:00,22.958333333333332,55.166666666666664,524.4166666666666,39.25,1003.2166666666667,22.958333333333332,55.16666666666668,524.4166666666666,39.25,1003.2166666666667
2023-07-29 11:00:00,23.53333333333333,52.916666666666664,506.8333333333333,38.166666666666664,1003.1083333333335,23.53333333333333,52.916666666666686,506.83333333333326,38.166666666666664,1003.1083333333335
2023-07-29 12:00:00,24.099999999999998,51.333333333333336,523.1666666666666,38.833333333333336,1002.9583333333334,24.099999999999998,51.333333333333364,523.1666666666666,38.833333333333336,1002.9583333333334
2023-07-29 13:00:00,24.166666666666668,51.0,518.0,38.333333333333336,1002.8499999999999,24.166666666666668,51.00000000000003,518.0,38.333333333333336,1002.8499999999999
2023-07-29 14:00:00,24.041666666666668,51.0,515.0833333333334,38.833333333333336,1002.7166666666667,24.041666666666668,51.00000000000003,515.0833333333334,38.833333333333336,1002.7166666666667
2023-07-29 15:00:00,24.100000000000005,50.166666666666664,514.0,39.0,1002.4083333333333,24.100000000000005,50.16666666666669,514.0,39.0,1002.4083333333333
2023-07-29 16:00:00,23.84166666666667,50.166666666666664,510.5833333333333,39.583333333333336,1002.1916666666666,23.84166666666667,50.16666666666669,510.58333333333326,39.583333333333336,1002.1916666666666
2023-07-29 17:00:00,23.718181818181815,51.0,512.1818181818181,38.27272727272727,1001.9363636363636,23.718181818181815,51.00000000000003,512.1818181818181,38.27272727272727,1001.9363636363636
2023-07-29 18:00:00,23.400000000000002,53.416666666666664,504.1666666666667,38.166666666666664,1001.7916666666666,23.400000000000002,53.416666666666686,504.16666666666663,38.166666666666664,1001.7916666666666
2023-07-29 19:00:00,23.150000000000002,56.333333333333336,498.9166666666667,39.333333333333336,1001.5833333333334,23.150000000000002,56.33333333333336,498.91666666666663,39.33333333333334,1001.5833333333334
2023-07-29 20:00:00,22.675,57.0,494.6666666666667,38.666666666666664,1001.5666666666666,22.675,57.000000000000014,494.66666666666663,38.66666666666667,1001.5666666666666
2023-07-29 21:00:00,22.133333333333336,57.666666666666664,489.5,38.583333333333336,1001.5166666666668,22.133333333333336,57.666666666666664,489.49999999999994,38.58333333333334,1001.5166666666668
2023-07-29 22:00:00,21.71666666666667,59.25,485.0833333333333,38.166666666666664,1001.5,21.71666666666667,59.24999999999999,485.08333333333326,38.16666666666667,1001.5
2023-07-29 23:00:00,21.55,60.0,489.8333333333333,38.916666666666664,1001.5416666666666,21.55,59.99999999999999,489.8333333333333,38.91666666666667,1001.5416666666666
2023-07-30 00:00:00,21.825,60.0,516.6666666666666,39.166666666666664,1001.5583333333334,21.825,60.0,516.6666666666666,39.16666666666667,1001.5583333333334
2023-07-30 01:00:00,21.758333333333336,60.0,528.5833333333334,37.916666666666664,1001.3166666666666,21.758333333333336,59.99999999999999,528.5833333333333,37.91666666666667,1001.3166666666666
2023-07-30 02:00:00,21.53333333333333,60.0,518.5833333333334,38.166666666666664,1001.0666666666666,21.53333333333333,59.99999999999999,518.5833333333334,38.16666666666667,1001.0666666666666
2023-07-30 03:00:00,21.483333333333334,60.916666666666664,523.9166666666666,37.416666666666664,1000.9250000000001,21.483333333333334,60.91666666666666,523.9166666666665,37.41666666666667,1000.9250000000001
2023-07-30 04:00:00,21.4,61.63636363636363,525.8181818181819,37.54545454545455,1000.8363636363636,21.400000000000002,61.636363636363626,525.8181818181819,37.545454545454554,1000.8363636363636
2023-07-30 05:00:00,21.5,62.0,514.5833333333334,37.0,1000.7416666666667,21.500000000000004,61.99999999999999,514.5833333333333,37.00000000000001,1000.7416666666667
2023-07-30 06:00:00,21.575000000000003,62.0,519.9166666666666,37.166666666666664,1000.8249999999999,21.575000000000006,61.99999999999999,519.9166666666665,37.16666666666667,1000.8249999999999
2023-07-30 07:00:00,21.61666666666667,62.0,521.0833333333334,37.416666666666664,1000.775,21.616666666666674,61.99999999999999,521.0833333333333,37.41666666666667,1000.775
2023-07-30 08:00:00,22.0,62.0,579.8333333333334,37.333333333333336,1000.875,22.000000000000004,62.0,579.8333333333334,37.33333333333334,1000.875
2023-07-30 09:00:00,22.46666666666667,61.333333333333336,585.5833333333334,37.666666666666664,1001.0083333333333,22.46666666666667,61.33333333333334,585.5833333333334,37.66666666666667,1001.0083333333333
2023-07-30 10:00:00,22.766666666666666,59.416666666666664,560.5833333333334,37.416666666666664,1001.1333333333333,22.766666666666666,59.41666666666667,560.5833333333335,37.41666666666667,1001.1333333333333
2023-07-30 11:00:00,23.191666666666666,58.083333333333336,597.0833333333334,39.166666666666664,1001.35,23.191666666666666,58.08333333333335,597.0833333333335,39.16666666666667,1001.35
2023-07-30 12:00:00,23.491666666666664,56.166666666666664,599.5833333333334,39.833333333333336,1001.6999999999999,23.491666666666664,56.166666666666686,599.5833333333335,39.83333333333334,1001.6999999999999
2023-07-30 13:00:00,23.708333333333332,54.25,593.0833333333334,39.75,1001.8249999999999,23.708333333333332,54.25000000000002,593.0833333333335,39.75,1001.8249999999999
2023-07-30 14:00:00,23.936363636363637,53.36363636363637,638.0,47.09090909090909,1001.8363636363636,23.936363636363634,53.363636363636395,638.0000000000001,47.0909090909091,1001.8363636363636
2023-07-30 15:00:00,23.825,52.0,576.0833333333334,46.0,1002.0166666666668,23.825,52.00000000000003,576.0833333333335,46.00000000000001,1002.0166666666668
2023-07-30 16:00:00,23.608333333333334,51.75,595.75,41.5,1002.0749999999999,23.608333333333334,51.75000000000002,595.7500000000001,41.5,1002.0749999999999
2023-07-30 17:00:00,23.38333333333333,51.0,566.5,38.5,1001.9583333333334,23.38333333333333,51.00000000000002,566.5000000000001,38.5,1001.9583333333334
2023-07-30 18:00:00,23.116666666666664,51.833333333333336,551.0833333333334,39.916666666666664,1001.9583333333334,23.116666666666664,51.83333333333336,551.0833333333334,39.916666666666664,1001.9583333333334
2023-07-30 19:00:00,22.96666666666667,52.25,544.3333333333334,38.333333333333336,1001.9583333333334,22.96666666666667,52.250000000000014,544.3333333333334,38.333333333333336,1001.9583333333334
2023-07-30 20:00:00,22.866666666666664,51.083333333333336,529.0833333333334,38.083333333333336,1002.0,22.866666666666664,51.08333333333335,529.0833333333334,38.083333333333336,1002.0
2023-07-30 21:00:00,22.7,51.0,523.1666666666666,40.666666666666664,1002.0333333333333,22.7,51.000000000000014,523.1666666666666,40.666666666666664,1002.0333333333333
2023-07-30 22:00:00,22.066666666666666,52.416666666666664,551.25,47.833333333333336,1001.9333333333334,22.066666666666666,52.41666666666667,551.2500000000001,47.83333333333334,1001.9333333333334
2023-07-30 23:00:00,21.65833333333333,53.0,532.9166666666666,45.25,1001.8583333333332,21.65833333333333,53.0,532.9166666666667,45.25000000000001,1001.8583333333332
2023-07-31 00:00:00,21.283333333333335,53.416666666666664,503.5,45.083333333333336,1001.7416666666667,21.283333333333335,53.416666666666664,503.50000000000006,45.08333333333334,1001.7416666666667
2023-07-31 01:00:00,21.354545454545452,54.09090909090909,487.72727272727275,40.45454545454545,1001.5727272727272,21.354545454545452,54.09090909090909,487.72727272727275,40.45454545454545,1001.5727272727272
2023-07-31 02:00:00,21.025000000000002,55.75,480.25,37.0,1001.5500000000001,21.025000000000002,55.74999999999999,480.25,37.0,1001.5500000000001
2023-07-31 03:00:00,20.808333333333334,57.25,479.6666666666667,37.0,1001.2416666666667,20.808333333333334,57.24999999999999,479.6666666666667,37.0,1001.2416666666667
2023-07-31 04:00:00,20.683333333333334,58.0,488.4166666666667,37.0,1001.1416666666668,20.683333333333334,57.999999999999986,488.4166666666667,37.0,1001.1416666666668
2023-07-31 05:00:00,20.541666666666668,59.0,487.5833333333333,37.0,1001.1750000000001,20.541666666666668,58.99999999999998,487.5833333333333,37.00000000000001,1001.1750000000001
2023-07-31 06:00:00,20.366666666666667,59.0,476.25,37.083333333333336,1001.0416666666666,20.366666666666667,58.99999999999998,476.25,37.08333333333334,1001.0416666666666
2023-07-31 07:00:00,20.575,58.25,495.1666666666667,38.416666666666664,1000.9083333333333,20.575,58.249999999999986,495.1666666666667,38.41666666666667,1000.9083333333333
2023-07-31 08:00:00,21.133333333333333,57.416666666666664,496.5,38.583333333333336,1000.9583333333334,21.133333333333333,57.41666666666666,496.5,38.58333333333334,1000.9583333333334
2023-07-31 09:00:00,21.650000000000002,56.166666666666664,503.1666666666667,39.0,1001.0666666666666,21.650000000000002,56.166666666666664,503.1666666666667,39.0,1001.0666666666666
2023-07-31 10:00:00,22.15833333333333,53.916666666666664,484.75,40.666666666666664,1001.1166666666667,22.15833333333333,53.91666666666667,484.74999999999994,40.666666666666664,1001.1166666666667
2023-07-31 11:00:00,22.391666666666666,53.0,520.6666666666666,40.5,1000.9583333333334,22.391666666666666,53.00000000000001,520.6666666666666,40.5,1000.9583333333334
2023-07-31 12:00:00,22.727272727272727,52.54545454545455,562.1818181818181,41.27272727272727,1000.8818181818181,22.727272727272727,52.54545454545456,562.1818181818182,41.27272727272727,1000.8818181818181
2023-07-31 13:00:00,23.150000000000002,51.666666666666664,565.5833333333334,43.666666666666664,1000.8916666666665,23.150000000000002,51.666666666666686,565.5833333333335,43.666666666666664,1000.8916666666665
2023-07-31 14:00:00,23.516666666666666,50.666666666666664,611.9166666666666,45.166666666666664,1000.7083333333334,23.516666666666666,50.666666666666686,611.9166666666667,45.166666666666664,1000.7083333333334
2023-07-31 15:00:00,23.575,50.0,579.6666666666666,39.25,1000.5416666666666,23.575,50.00000000000002,579.6666666666667,39.25,1000.5416666666666
2023-07-31 16:00:00,23.599999999999998,50.0,575.6666666666666,39.25,1000.1666666666666,23.599999999999998,50.00000000000002,575.6666666666667,39.25,1000.1666666666666
2023-07-31 17:00:00,23.875,50.0,606.25,58.833333333333336,999.8583333333332,23.875,50.00000000000003,606.2500000000001,58.83333333333334,999.8583333333332
2023-07-31 18:00:00,23.983333333333334,50.0,575.0,39.333333333333336,999.625,23.983333333333334,50.00000000000003,575.0,39.333333333333336,999.625
2023-07-31 19:00:00,24.041666666666668,50.166666666666664,598.4166666666666,50.166666666666664,999.6083333333332,24.041666666666668,50.16666666666669,598.4166666666667,50.16666666666667,999.6083333333332
2023-07-31 20:00:00,23.741666666666664,52.416666666666664,554.1666666666666,43.416666666666664,999.3916666666665,23.741666666666664,52.41666666666669,554.1666666666666,43.416666666666664,999.3916666666665
2023-07-31 21:00:00,23.441666666666666,53.5,550.6666666666666,43.666666666666664,999.125,23.441666666666666,53.50000000000002,550.6666666666666,43.66666666666667,999.125
2023-07-31 22:00:00,23.041666666666668,53.25,554.5833333333334,39.833333333333336,998.75,23.041666666666668,53.250000000000014,554.5833333333334,39.833333333333336,998.75
2023-07-31 23:00:00,22.845454545454547,52.27272727272727,569.5454545454545,42.54545454545455,998.3636363636364,22.845454545454547,52.27272727272729,569.5454545454546,42.54545454545455,998.3636363636364
2023-08-01 00:00:00,22.416666666666668,51.583333333333336,602.0833333333334,43.75,997.9916666666667,22.416666666666668,51.58333333333334,602.0833333333335,43.75,997.9916666666667
2023-08-01 01:00:00,21.833333333333332,51.0,600.1666666666666,38.583333333333336,997.5749999999999,21.833333333333332,51.00000000000001,600.1666666666667,38.583333333333336,997.5749999999999
2023-08-01 02:00:00,21.158333333333335,50.666666666666664,581.5833333333334,37.166666666666664,997.0416666666666,21.158333333333335,50.66666666666666,581.5833333333335,37.166666666666664,997.0416666666666
2023-08-01 03:00:00,20.599999999999998,50.0,584.0833333333334,37.166666666666664,996.5083333333333,20.599999999999998,49.99999999999999,584.0833333333335,37.166666666666664,996.5083333333333
2023-08-01 04:00:00,20.175,50.0,560.75,37.333333333333336,995.9916666666667,20.175,49.999999999999986,560.7500000000001,37.333333333333336,995.9916666666667
2023-08-01 05:00:00,19.791666666666668,50.0,557.3333333333334,37.333333333333336,995.5583333333334,19.791666666666664,49.99999999999998,557.3333333333335,37.333333333333336,995.5583333333334
2023-08-01 06:00:00,19.991666666666667,50.833333333333336,557.1666666666666,37.916666666666664,995.15,19.991666666666664,50.83333333333332,557.1666666666667,37.916666666666664,995.15
2023-08-01 07:00:00,21.175,51.833333333333336,614.5,38.583333333333336,994.8416666666667,21.175,51.83333333333333,614.5000000000001,38.583333333333336,994.8416666666667
2023-08-01 08:00:00,22.083333333333332,52.0,584.9166666666666,39.666666666666664,994.9499999999999,22.083333333333332,52.00000000000001,584.9166666666667,39.666666666666664,994.9499999999999
2023-08-01 09:00:00,22.71666666666667,52.0,513.0,40.083333333333336,994.8583333333332,22.71666666666667,52.000000000000014,513.0,40.083333333333336,994.8583333333332
2023-08-01 10:00:00,23.236363636363635,51.63636363636363,511.0,40.63636363636363,994.7090909090908,23.236363636363635,51.636363636363654,510.99999999999994,40.63636363636363,994.7090909090908
2023-08-01 11:00:00,23.7,51.833333333333336,590.75,41.0,994.375,23.7,51.83333333333336,590.7500000000001,41.0,994.375
2023-08-01 12:00:00,24.208333333333332,50.166666666666664,659.5833333333334,44.0,994.0083333333333,24.20833333333333,50.16666666666669,659.5833333333335,44.0,994.0083333333333
2023-08-01 13:00:00,24.650000000000002,48.916666666666664,665.3333333333334,46.333333333333336,993.8166666666666,24.65,48.9166666666667,665.3333333333335,46.333333333333336,993.8166666666666
2023-08-01 14:00:00,24.758333333333336,48.0,599.8333333333334,44.25,993.875,24.758333333333336,48.000000000000036,599.8333333333335,44.25,993.875
2023-08-01 15:00:00,24.758333333333336,48.5,600.5833333333334,45.833333333333336,994.1083333333335,24.758333333333336,48.500000000000036,600.5833333333335,45.833333333333336,994.1083333333335
2023-08-01 16:00:00,24.825,49.0,605.6666666666666,40.166666666666664,993.9833333333332,24.825,49.000000000000036,605.6666666666667,40.166666666666664,993.9833333333332
2023-08-01 17:00:00,24.983333333333334,48.916666666666664,609.3333333333334,41.916666666666664,993.9333333333334,24.983333333333334,48.91666666666671,609.3333333333335,41.916666666666664,993.9333333333334
2023-08-01 18:00:00,24.90833333333333,48.666666666666664,564.9166666666666,38.666666666666664,993.8666666666667,24.90833333333333,48.6666666666667,564.9166666666666,38.666666666666664,993.8666666666667
2023-08-01 19:00:00,24.775000000000002,49.25,563.9166666666666,39.0,993.9083333333333,24.775000000000002,49.250000000000036,563.9166666666666,39.0,993.9083333333333
2023-08-01 20:00:00,24.508333333333336,50.333333333333336,564.1666666666666,38.666666666666664,994.0749999999999,24.508333333333336,50.33333333333337,564.1666666666666,38.666666666666664,994.0749999999999
2023-08-01 21:00:00,24.136363636363637,51.0,549.8181818181819,38.81818181818182,994.3090909090909,24.136363636363637,51.00000000000003,549.8181818181819,38.81818181818182,994.3090909090909
2023-08-01 22:00:00,23.59166666666667,51.0,552.5833333333334,38.916666666666664,994.3583333333332,23.59166666666667,51.00000000000002,552.5833333333334,38.916666666666664,994.3583333333332
2023-08-01 23:00:00,22.75,52.0,595.0833333333334,41.666666666666664,994.3666666666667,22.75,52.000000000000014,595.0833333333335,41.666666666666664,994.3666666666667
2023-08-02 00:00:00,23.125,51.666666666666664,728.6666666666666,37.916666666666664,994.3916666666665,23.124999999999996,51.666666666666686,728.6666666666667,37.916666666666664,994.3916666666665
2023-08-02 01:00:00,23.175,51.0,741.3333333333334,37.25,994.1416666666668,23.174999999999997,51.00000000000002,741.3333333333336,37.25,994.1416666666668
2023-08-02 02:00:00,23.03333333333333,51.0,750.0833333333334,37.083333333333336,993.9416666666666,23.033333333333328,51.000000000000014,750.0833333333336,37.083333333333336,993.9416666666666
2023-08-02 03:00:00,22.924999999999997,50.0,730.4166666666666,36.5,993.9083333333333,22.924999999999994,50.000000000000014,730.4166666666669,36.5,993.9083333333333
2023-08-02 04:00:00,22.733333333333334,50.0,740.3333333333334,36.0,993.725,22.73333333333333,50.000000000000014,740.3333333333336,36.0,993.725
2023-08-02 05:00:00,22.65833333333333,50.0,735.6666666666666,36.25,993.5833333333334,22.658333333333328,50.000000000000014,735.6666666666669,36.25,993.5833333333334
2023-08-02 06:00:00,22.600000000000005,50.0,751.8333333333334,36.666666666666664,993.5500000000001,22.6,50.000000000000014,751.8333333333335,36.666666666666664,993.5500000000001
2023-08-02 07:00:00,22.675,50.5,778.6666666666666,36.75,993.3499999999999,22.674999999999997,50.500000000000014,778.6666666666669,36.75,993.3499999999999
2023-08-02 08:00:00,22.990909090909092,51.18181818181818,736.4545454545455,40.54545454545455,993.1272727272727,22.99090909090909,51.1818181818182,736.4545454545456,40.545454545454554,993.1272727272727
2023-08-02 09:00:00,23.474999999999998,52.416666666666664,681.0,41.333333333333336,993.3333333333334,23.474999999999994,52.416666666666686,681.0000000000001,41.333333333333336,993.3333333333334
2023-08-02 10:00:00,23.925,54.916666666666664,668.75,39.583333333333336,993.2833333333333,23.924999999999997,54.91666666666669,668.7500000000001,39.583333333333336,993.2833333333333
2023-08-02 11:00:00,24.3,53.916666666666664,607.75,42.333333333333336,993.1916666666667,24.3,53.9166666666667,607.7500000000001,42.33333333333334,993.1916666666667
2023-08-02 12:00:00,24.991666666666664,53.25,722.4166666666666,43.833333333333336,993.1,24.99166666666666,53.25000000000005,722.4166666666667,43.83333333333334,993.1
2023-08-02 13:00:00,25.141666666666666,52.75,738.5833333333334,45.166666666666664,993.0666666666666,25.141666666666662,52.75000000000005,738.5833333333335,45.16666666666667,993.0666666666666
2023-08-02 14:00:00,25.166666666666668,51.666666666666664,671.1666666666666,43.0,992.8166666666666,25.166666666666664,51.666666666666714,671.1666666666667,43.0,992.8166666666666
2023-08-02 15:00:00,25.433333333333334,50.25,700.4166666666666,38.416666666666664,992.625,25.43333333333333,50.25000000000005,700.4166666666667,38.416666666666664,992.625
2023-08-02 16:00:00,25.583333333333332,50.0,700.9166666666666,40.333333333333336,992.4583333333334,25.58333333333333,50.00000000000005,700.9166666666667,40.333333333333336,992.4583333333334
2023-08-02 17:00:00,25.53333333333333,50.0,670.6666666666666,43.25,992.5083333333333,25.533333333333328,50.00000000000005,670.6666666666667,43.25,992.5083333333333
2023-08-02 18:00:00,25.38333333333333,50.0,666.6666666666666,40.0,992.85,25.383333333333326,50.00000000000005,666.6666666666667,40.0,992.85
2023-08-02 19:00:00,25.20909090909091,50.81818181818182,643.3636363636364,39.27272727272727,993.2363636363636,25.209090909090907,50.81818181818187,643.3636363636365,39.27272727272727,993.2363636363636
2023-08-02 20:00:00,25.075000000000003,51.25,633.6666666666666,39.25,993.2583333333333,25.075,51.25000000000005,633.6666666666667,39.25,993.2583333333333
2023-08-02 21:00:00,24.25,49.166666666666664,573.9166666666666,37.333333333333336,993.3249999999999,24.25,49.16666666666669,573.9166666666666,37.333333333333336,993.3249999999999
2023-08-02 22:00:00,23.266666666666666,49.916666666666664,563.0833333333334,38.916666666666664,993.5,23.266666666666666,49.916666666666686,563.0833333333335,38.916666666666664,993.5
2023-08-02 23:00:00,22.433333333333334,51.0,589.3333333333334,40.666666666666664,993.525,22.433333333333334,51.00000000000001,589.3333333333335,40.666666666666664,993.525
2023-08-03 00:00:00,21.349999999999998,52.0,584.4166666666666,38.5,993.5333333333333,21.349999999999998,52.0,584.4166666666667,38.5,993.5333333333333
2023-08-03 01:00:00,20.85833333333333,53.833333333333336,557.0,36.333333333333336,993.5333333333333,20.85833333333333,53.83333333333333,557.0000000000001,36.333333333333336,993.5333333333333
2023-08-03 02:00:00,20.041666666666668,54.25,577.6666666666666,36.916666666666664,993.3666666666667,20.041666666666668,54.249999999999986,577.6666666666667,36.916666666666664,993.3666666666667
2023-08-03 03:00:00,19.483333333333334,55.416666666666664,579.75,36.166666666666664,993.275,19.48333333333333,55.41666666666665,579.7500000000001,36.166666666666664,993.275
2023-08-03 04:00:00,19.575,56.75,547.5,36.5,993.0666666666666,19.574999999999996,56.749999999999986,547.5000000000001,36.5,993.0666666666666
2023-08-03 05:00:00,19.916666666666668,57.75,521.0833333333334,36.916666666666664,992.9416666666666,19.916666666666664,57.749999999999986,521.0833333333335,36.916666666666664,992.9416666666666
2023-08-03 06:00:00,20.245454545454546,58.45454545454545,525.2727272727273,37.18181818181818,993.0727272727272,20.245454545454546,58.45454545454544,525.2727272727274,37.18181818181819,993.0727272727272
2023-08-03 07:00:00,20.433333333333334,59.583333333333336,513.4166666666666,38.25,993.1583333333333,20.433333333333334,59.58333333333332,513.4166666666667,38.25000000000001,993.1583333333333
2023-08-03 08:00:00,21.3,59.416666666666664,532.0833333333334,39.083333333333336,993.225,21.3,59.416666666666664,532.0833333333335,39.08333333333334,993.225
2023-08-03 09:00:00,22.083333333333332,58.333333333333336,538.0833333333334,39.083333333333336,993.2999999999998,22.083333333333332,58.333333333333336,538.0833333333335,39.08333333333334,993.2999999999998
2023-08-03 10:00:00,22.891666666666666,57.583333333333336,598.5,41.0,993.3666666666667,22.891666666666666,57.58333333333335,598.5000000000001,41.00000000000001,993.3666666666667
2023-08-03 11:00:00,23.645454545454548,55.81818181818182,630.0,49.81818181818182,993.4818181818181,23.645454545454545,55.81818181818184,630.0000000000001,49.81818181818183,993.4818181818181
2023-08-03 12:00:00,24.416666666666668,53.833333333333336,633.75,51.916666666666664,993.4416666666666,24.416666666666664,53.83333333333337,633.7500000000001,51.91666666666667,993.4416666666666
2023-08-03 13:00:00,25.0,52.0,645.1666666666666,47.75,993.3916666666665,24.999999999999996,52.00000000000004,645.1666666666667,47.75000000000001,993.3916666666665
2023-08-03 14:00:00,25.15833333333333,51.25,693.8333333333334,42.75,993.3833333333333,25.158333333333328,51.25000000000004,693.8333333333335,42.75,993.3833333333333
2023-08-03 15:00:00,25.141666666666666,52.25,660.4166666666666,42.666666666666664,993.5583333333334,25.141666666666662,52.25000000000004,660.4166666666667,42.666666666666664,993.5583333333334
2023-08-03 16:00:00,25.327272727272728,52.09090909090909,739.6363636363636,49.81818181818182,993.8454545454545,25.327272727272724,52.090909090909136,739.6363636363637,49.81818181818183,993.8454545454545
2023-08-03 17:00:00,25.099999999999998,52.0,629.25,50.0,994.1750000000001,25.099999999999994,52.00000000000004,629.2500000000001,50.00000000000001,994.1750000000001
2023-08-03 18:00:00,24.40833333333333,53.083333333333336,612.8333333333334,46.0,994.5,24.40833333333333,53.08333333333337,612.8333333333335,46.00000000000001,994.5
2023-08-03 19:00:00,24.38333333333333,54.0,617.4166666666666,44.166666666666664,994.775,24.38333333333333,54.000000000000036,617.4166666666667,44.16666666666667,994.775
2023-08-03 20:00:00,24.15833333333333,54.0,580.25,43.833333333333336,995.1750000000001,24.15833333333333,54.00000000000003,580.2500000000001,43.83333333333334,995.1750000000001
2023-08-03 21:00:00,23.691666666666666,54.833333333333336,616.4166666666666,47.5,995.6416666666668,23.691666666666666,54.83333333333336,616.4166666666667,47.50000000000001,995.6416666666668
2023-08-03 22:00:00,23.058333333333334,55.25,626.5,45.666666666666664,995.9333333333334,23.05833333333333,55.250000000000014,626.5000000000001,45.66666666666667,995.9333333333334
2023-08-03 23:00:00,22.483333333333334,55.083333333333336,612.1666666666666,42.75,996.25,22.483333333333334,55.08333333333335,612.1666666666667,42.75000000000001,996.25
2023-08-04 00:00:00,21.683333333333334,55.0,612.1666666666666,40.416666666666664,996.65,21.683333333333334,55.0,612.1666666666667,40.416666666666664,996.65
2023-08-04 01:00:00,20.791666666666668,55.0,648.25,38.75,996.9166666666666,20.791666666666664,54.99999999999999,648.2500000000001,38.75,996.9166666666666
2023-08-04 02:00:00,20.066666666666666,55.666666666666664,667.1666666666666,37.833333333333336,997.1999999999999,20.066666666666663,55.66666666666665,667.1666666666669,37.833333333333336,997.1999999999999
2023-08-04 03:00:00,19.5,56.0,640.8181818181819,37.18181818181818,997.5636363636364,19.499999999999993,55.99999999999998,640.818181818182,37.18181818181818,997.5636363636364
2023-08-04 04:00:00,19.0,56.0,629.5,37.0,997.9083333333333,18.999999999999993,55.99999999999997,629.5000000000001,37.0,997.9083333333333
2023-08-04 05:00:00,18.683333333333334,56.583333333333336,656.8333333333334,37.25,998.3249999999999,18.683333333333326,56.58333333333331,656.8333333333336,37.25,998.3249999999999
2023-08-04 06:00:00,18.625,57.75,621.1666666666666,37.75,998.6833333333334,18.624999999999993,57.74999999999996,621.1666666666667,37.75000000000001,998.6833333333334
2023-08-04 07:00:00,19.125,59.583333333333336,595.3333333333334,38.416666666666664,999.1083333333332,19.124999999999996,59.5833333333333,595.3333333333335,38.41666666666667,999.1083333333332
2023-08-04 08:00:00,20.166666666666668,60.0,564.3333333333334,38.833333333333336,999.7833333333333,20.166666666666668,59.99999999999998,564.3333333333335,38.83333333333334,999.7833333333333
2023-08-04 09:00:00,20.941666666666666,60.75,524.5833333333334,38.333333333333336,1000.5833333333334,20.941666666666666,60.749999999999986,524.5833333333334,38.33333333333334,1000.5833333333334
2023-08-04 10:00:00,21.808333333333334,59.916666666666664,503.25,38.0,1001.2666666666668,21.808333333333334,59.91666666666666,503.25,38.00000000000001,1001.2666666666668
2023-08-04 11:00:00,22.491666666666664,59.0,509.25,38.0,1001.725,22.491666666666664,59.00000000000001,509.25,38.00000000000001,1001.725
2023-08-04 12:00:00,23.224999999999998,58.0,529.3333333333334,38.0,1001.9666666666667,23.224999999999998,58.000000000000014,529.3333333333334,38.00000000000001,1001.9666666666667
2023-08-04 13:00:00,23.825,56.666666666666664,542.3333333333334,38.083333333333336,1002.0166666666668,23.825,56.66666666666669,542.3333333333334,38.083333333333336,1002.0166666666668
2023-08-04 14:00:00,24.20909090909091,55.54545454545455,548.6363636363636,39.27272727272727,1002.1363636363636,24.20909090909091,55.545454545454575,548.6363636363636,39.27272727272727,1002.1363636363636
2023-08-04 15:00:00,24.391666666666666,53.666666666666664,554.8333333333334,38.416666666666664,1002.4250000000001,24.391666666666666,53.6666666666667,554.8333333333334,38.416666666666664,1002.4250000000001
2023-08-04 16:00:00,24.099999999999998,53.583333333333336,548.0833333333334,40.666666666666664,1003.85,24.099999999999998,53.583333333333364,548.0833333333334,40.666666666666664,1003.85
2023-08-04 17:00:00,22.84166666666667,55.5,516.5833333333334,41.916666666666664,1004.5,22.84166666666667,55.500000000000014,516.5833333333334,41.91666666666667,1004.5
2023-08-04 18:00:00,22.266666666666666,57.0,503.0,38.666666666666664,1005.1166666666667,22.266666666666666,57.00000000000001,503.0,38.66666666666667,1005.1166666666667
2023-08-04 19:00:00,21.958333333333332,57.833333333333336,494.1666666666667,38.25,1004.9250000000001,21.958333333333332,57.833333333333336,494.1666666666667,38.25000000000001,1004.9250000000001
2023-08-04 20:00:00,21.808333333333334,59.0,490.25,37.916666666666664,1005.125,21.808333333333334,58.99999999999999,490.25,37.91666666666667,1005.125
2023-08-04 21:00:00,21.516666666666666,59.0,502.9166666666667,37.25,1005.7583333333333,21.516666666666666,58.99999999999999,502.9166666666667,37.25,1005.7583333333333
2023-08-04 22:00:00,21.091666666666665,59.25,497.9166666666667,37.833333333333336,1006.2083333333334,21.091666666666665,59.249999999999986,497.9166666666667,37.833333333333336,1006.2083333333334
2023-08-04 23:00:00,20.941666666666666,60.0,482.9166666666667,38.083333333333336,1006.5,20.941666666666666,59.999999999999986,482.9166666666667,38.083333333333336,1006.5
2023-08-05 00:00:00,20.8,60.0,482.75,37.583333333333336,1006.5916666666667,20.8,59.999999999999986,482.75,37.583333333333336,1006.5916666666667
2023-08-05 01:00:00,20.681818181818183,60.0,479.1818181818182,37.54545454545455,1006.6636363636364,20.681818181818183,59.999999999999986,479.1818181818182,37.54545454545455,1006.6636363636364
2023-08-05 02:00:00,20.45,60.0,488.6666666666667,37.833333333333336,1006.5583333333334,20.45,59.99999999999998,488.6666666666667,37.833333333333336,1006.5583333333334
2023-08-05 03:00:00,20.116666666666667,60.333333333333336,502.9166666666667,37.083333333333336,1006.6833333333334,20.116666666666667,60.333333333333314,502.9166666666667,37.083333333333336,1006.6833333333334
2023-08-05 04:00:00,19.933333333333334,61.083333333333336,509.0833333333333,37.0,1006.75,19.93333333333333,61.083333333333314,509.0833333333333,37.0,1006.75
2023-08-05 05:00:00,19.95,62.0,494.5833333333333,37.0,1006.9083333333333,19.95,61.99999999999998,494.5833333333333,37.0,1006.9083333333333
2023-08-05 06:00:00,19.95,62.333333333333336,480.75,37.0,1007.1083333333335,19.95,62.333333333333314,480.75,37.0,1007.1083333333335
2023-08-05 07:00:00,20.075,63.0,475.1666666666667,37.0,1007.4250000000001,20.075000000000003,62.99999999999998,475.1666666666667,37.0,1007.4250000000001
2023-08-05 08:00:00,20.183333333333334,63.0,466.25,37.083333333333336,1007.7916666666666,20.183333333333337,62.99999999999998,466.25,37.083333333333336,1007.7916666666666
2023-08-05 09:00:00,20.566666666666666,63.0,482.8333333333333,37.166666666666664,1007.6999999999999,20.56666666666667,62.999999999999986,482.8333333333333,37.166666666666664,1007.6999999999999
2023-08-05 10:00:00,21.125,63.0,480.1666666666667,37.25,1007.8000000000001,21.125000000000004,62.999999999999986,480.1666666666667,37.25,1007.8000000000001
2023-08-05 11:00:00,21.841666666666665,63.333333333333336,490.5,38.416666666666664,1008.1,21.84166666666667,63.333333333333336,490.5,38.416666666666664,1008.1
2023-08-05 12:00:00,22.145454545454545,63.81818181818182,500.6363636363636,38.36363636363637,1008.0636363636364,22.145454545454548,63.81818181818182,500.6363636363636,38.36363636363637,1008.0636363636364
2023-08-05 13:00:00,21.808333333333334,62.583333333333336,494.5833333333333,41.333333333333336,1008.025,21.808333333333337,62.58333333333333,494.5833333333333,41.333333333333336,1008.025
2023-08-05 14:00:00,21.125,62.0,486.5833333333333,44.5,1008.4833333333332,21.125000000000004,61.999999999999986,486.5833333333333,44.5,1008.4833333333332
2023-08-05 15:00:00,20.783333333333335,63.583333333333336,474.4166666666667,38.916666666666664,1008.8166666666666,20.78333333333334,63.58333333333332,474.4166666666667,38.916666666666664,1008.8166666666666
2023-08-05 16:00:00,20.375,62.416666666666664,463.8333333333333,39.083333333333336,1009.1166666666667,20.375000000000004,62.41666666666664,463.8333333333333,39.083333333333336,1009.1166666666667
2023-08-05 17:00:00,20.183333333333334,60.0,462.5,38.416666666666664,1009.4583333333334,20.183333333333334,59.99999999999998,462.5,38.416666666666664,1009.4583333333334
2023-08-05 18:00:00,20.191666666666666,58.5,458.75,38.25,1010.1583333333333,20.191666666666666,58.49999999999998,458.75,38.25,1010.1583333333333
2023-08-05 19:00:00,20.191666666666666,57.166666666666664,461.0833333333333,38.0,1010.275,20.191666666666666,57.16666666666665,461.0833333333333,37.99999999999999,1010.275
2023-08-05 20:00:00,20.275000000000002,57.0,463.0,38.0,1010.5083333333333,20.275000000000002,56.999999999999986,463.0,37.99999999999999,1010.5083333333333
2023-08-05 21:00:00,20.083333333333332,57.0,464.0,38.166666666666664,1010.65,20.083333333333332,56.999999999999986,464.0,38.16666666666666,1010.65
2023-08-05 22:00:00,19.775000000000002,57.0,463.8333333333333,38.083333333333336,1011.0666666666666,19.775,56.99999999999998,463.8333333333333,38.08333333333333,1011.0666666666666
2023-08-05 23:00:00,19.38181818181818,57.27272727272727,460.6363636363636,37.36363636363637,1011.2363636363636,19.381818181818176,57.27272727272725,460.6363636363636,37.36363636363636,1011.2363636363636
2023-08-06 00:00:00,19.075,58.0,457.3333333333333,38.166666666666664,1011.5,19.074999999999996,57.999999999999964,457.3333333333333,38.166666666666664,1011.5
2023-08-06 01:00:00,18.758333333333333,58.0,459.8333333333333,37.5,1011.3083333333334,18.75833333333333,57.999999999999964,459.8333333333333,37.5,1011.3083333333334
2023-08-06 02:00:00,18.383333333333333,58.0,453.5,37.333333333333336,1011.0416666666666,18.38333333333333,57.99999999999996,453.5,37.33333333333333,1011.0416666666666
2023-08-06 03:00:00,18.099999999999998,58.0,449.9166666666667,37.25,1011.2333333333332,18.099999999999994,57.99999999999996,449.9166666666667,37.24999999999999,1011.2333333333332
2023-08-06 04:00:00,17.883333333333333,59.0,450.6666666666667,37.166666666666664,1011.25,17.88333333333333,58.99999999999995,450.6666666666667,37.166666666666664,1011.25
2023-08-06 05:00:00,17.683333333333334,59.0,447.3333333333333,37.25,1011.5833333333334,17.68333333333333,58.99999999999995,447.3333333333333,37.25,1011.5833333333334
2023-08-06 06:00:00,17.6,59.083333333333336,443.5833333333333,37.25,1011.7333333333332,17.599999999999998,59.083333333333286,443.5833333333333,37.25,1011.7333333333332
2023-08-06 07:00:00,17.849999999999998,60.0,438.0833333333333,37.5,1011.6750000000001,17.849999999999994,59.99999999999995,438.0833333333333,37.5,1011.6750000000001
2023-08-06 08:00:00,18.583333333333332,60.0,434.5833333333333,37.083333333333336,1011.475,18.58333333333333,59.99999999999996,434.5833333333333,37.083333333333336,1011.475
2023-08-06 09:00:00,19.825,59.0,443.0,37.166666666666664,1011.4250000000001,19.824999999999996,58.99999999999997,442.99999999999994,37.166666666666664,1011.4250000000001
2023-08-06 10:00:00,20.599999999999998,57.45454545454545,450.27272727272725,37.27272727272727,1011.2545454545453,20.599999999999998,57.454545454545446,450.2727272727272,37.272727272727266,1011.2545454545453
2023-08-06 11:00:00,20.775000000000002,56.0,453.5833333333333,37.333333333333336,1011.0,20.775000000000002,55.99999999999999,453.58333333333326,37.33333333333333,1011.0
2023-08-06 12:00:00,21.016666666666666,56.0,457.0,37.583333333333336,1010.6166666666667,21.016666666666666,55.99999999999999,456.99999999999994,37.58333333333333,1010.6166666666667
2023-08-06 13:00:00,21.1,55.0,458.75,38.166666666666664,1010.1999999999999,21.1,54.99999999999999,458.74999999999994,38.16666666666666,1010.1999999999999
2023-08-06 14:00:00,21.216666666666665,54.0,460.75,38.083333333333336,1009.9666666666667,21.216666666666665,54.0,460.74999999999994,38.08333333333333,1009.9666666666667
2023-08-06 15:00:00,21.25,53.166666666666664,461.0833333333333,37.75,1009.4166666666666,21.25,53.166666666666664,461.08333333333326,37.74999999999999,1009.4166666666666
2023-08-06 16:00:00,21.2,53.0,461.0833333333333,38.833333333333336,1008.5416666666666,21.2,53.0,461.08333333333326,38.83333333333333,1008.5416666666666
2023-08-06 17:00:00,21.258333333333333,53.0,476.3333333333333,39.25,1008.3583333333332,21.258333333333333,53.0,476.33333333333326,39.24999999999999,1008.3583333333332
2023-08-06 18:00:00,21.14166666666667,53.333333333333336,468.8333333333333,39.0,1008.3083333333333,21.14166666666667,53.33333333333333,468.83333333333326,38.99999999999999,1008.3083333333333
2023-08-06 19:00:00,21.041666666666668,54.416666666666664,475.0,38.5,1008.1,21.041666666666668,54.41666666666666,475.0,38.49999999999999,1008.1
2023-08-06 20:00:00,21.183333333333334,55.416666666666664,505.75,40.916666666666664,1007.6333333333333,21.183333333333334,55.416666666666664,505.75,40.916666666666664,1007.6333333333333
2023-08-06 21:00:00,21.336363636363636,56.72727272727273,522.6363636363636,42.36363636363637,1007.1363636363636,21.336363636363636,56.72727272727273,522.6363636363636,42.36363636363637,1007.1363636363636
2023-08-06 22:00:00,21.508333333333336,57.5,530.25,39.5,1006.375,21.508333333333336,57.5,530.25,39.49999999999999,1006.375
2023-08-06 23:00:00,21.458333333333332,57.5,553.3333333333334,39.666666666666664,1004.7166666666667,21.458333333333332,57.5,553.3333333333334,39.666666666666664,1004.7166666666667
2023-08-07 00:00:00,21.5,57.0,547.1666666666666,37.5,1003.525,21.5,57.0,547.1666666666667,37.5,1003.525
2023-08-07 01:00:00,21.483333333333334,57.0,541.0,37.583333333333336,1002.2666666666668,21.483333333333334,57.0,541.0000000000001,37.583333333333336,1002.2666666666668
2023-08-07 02:00:00,21.433333333333334,57.0,536.8333333333334,37.333333333333336,1000.6416666666668,21.433333333333334,57.0,536.8333333333335,37.333333333333336,1000.6416666666668
2023-08-07 03:00:00,21.40833333333333,57.0,537.9166666666666,38.0,999.0083333333333,21.40833333333333,57.0,537.9166666666667,38.0,999.0083333333333
2023-08-07 04:00:00,21.349999999999998,57.0,528.4166666666666,37.666666666666664,997.35,21.349999999999998,57.0,528.4166666666667,37.666666666666664,997.35
2023-08-07 05:00:00,21.233333333333334,57.0,523.0833333333334,37.833333333333336,996.0,21.233333333333334,57.0,523.0833333333335,37.833333333333336,996.0
2023-08-07 06:00:00,21.041666666666668,57.0,517.3333333333334,37.666666666666664,994.9916666666667,21.041666666666668,56.99999999999999,517.3333333333335,37.666666666666664,994.9916666666667
2023-08-07 07:00:00,21.0,57.0,525.5833333333334,38.166666666666664,994.1833333333334,21.0,56.99999999999999,525.5833333333335,38.166666666666664,994.1833333333334
2023-08-07 08:00:00,21.081818181818182,57.90909090909091,535.9090909090909,40.45454545454545,993.3636363636364,21.081818181818182,57.90909090909089,535.909090909091,40.45454545454546,993.3636363636364
2023-08-07 09:00:00,21.391666666666666,58.166666666666664,557.9166666666666,42.666666666666664,992.7333333333332,21.391666666666666,58.166666666666664,557.9166666666667,42.66666666666667,992.7333333333332
2023-08-07 10:00:00,21.575000000000003,59.166666666666664,523.4166666666666,42.083333333333336,992.1999999999999,21.575000000000003,59.166666666666664,523.4166666666666,42.08333333333334,992.1999999999999
2023-08-07 11:00:00,21.041666666666668,61.25,498.0,40.416666666666664,991.6916666666666,21.04166666666667,61.24999999999999,498.0,40.41666666666667,991.6916666666666
2023-08-07 12:00:00,21.0,63.416666666666664,476.1666666666667,39.75,991.2583333333333,21.000000000000004,63.41666666666666,476.1666666666667,39.75000000000001,991.2583333333333
2023-08-07 13:00:00,21.066666666666666,64.83333333333333,491.9166666666667,42.75,990.875,21.06666666666667,64.83333333333331,491.9166666666667,42.75000000000001,990.875
2023-08-07 14:00:00,21.59166666666667,65.0,555.1666666666666,46.666666666666664,990.7166666666667,21.591666666666672,65.0,555.1666666666667,46.66666666666668,990.7166666666667
2023-08-07 15:00:00,22.15833333333333,65.5,641.0,43.833333333333336,990.2583333333333,22.15833333333333,65.5,641.0000000000001,43.83333333333334,990.2583333333333
2023-08-07 16:00:00,22.791666666666668,66.0,659.8333333333334,42.416666666666664,989.6916666666666,22.791666666666668,66.0,659.8333333333334,42.41666666666667,989.6916666666666
2023-08-07 17:00:00,23.233333333333334,66.0,707.6666666666666,42.666666666666664,989.0833333333334,23.233333333333334,66.0,707.6666666666666,42.66666666666667,989.0833333333334
2023-08-07 18:00:00,23.266666666666666,66.83333333333333,603.6666666666666,42.916666666666664,988.5500000000001,23.26666666666667,66.83333333333334,603.6666666666666,42.91666666666667,988.5500000000001
2023-08-07 19:00:00,23.29090909090909,67.0,690.5454545454545,43.72727272727273,988.2727272727273,23.29090909090909,67.0,690.5454545454545,43.72727272727274,988.2727272727273
2023-08-07 20:00:00,23.45,65.91666666666667,639.8333333333334,44.75,988.025,23.45,65.91666666666669,639.8333333333335,44.750000000000014,988.025
2023-08-07 21:00:00,23.166666666666668,64.75,626.5833333333334,41.333333333333336,988.2916666666666,23.166666666666668,64.75,626.5833333333334,41.33333333333334,988.2916666666666
2023-08-07 22:00:00,23.241666666666664,63.25,715.0,42.75,988.0916666666667,23.241666666666664,63.25000000000002,715.0000000000001,42.75000000000001,988.0916666666667
2023-08-07 23:00:00,23.099999999999998,61.833333333333336,628.25,41.666666666666664,987.7166666666667,23.099999999999998,61.83333333333336,628.2500000000001,41.66666666666667,987.7166666666667
2023-08-08 00:00:00,22.758333333333336,61.083333333333336,905.3333333333334,40.416666666666664,986.9333333333334,22.758333333333333,61.08333333333335,905.3333333333337,40.41666666666667,986.9333333333334
2023-08-08 01:00:00,22.116666666666664,60.0,566.25,37.5,986.3666666666667,22.116666666666664,60.00000000000001,566.25,37.50000000000001,986.3666666666667
2023-08-08 02:00:00,20.933333333333334,61.0,519.4166666666666,36.5,986.1416666666668,20.933333333333334,60.99999999999999,519.4166666666666,36.50000000000001,986.1416666666668
2023-08-08 03:00:00,20.483333333333334,62.333333333333336,515.5833333333334,36.333333333333336,985.4416666666666,20.483333333333338,62.33333333333332,515.5833333333334,36.33333333333334,985.4416666666666
2023-08-08 04:00:00,20.275000000000002,63.416666666666664,511.4166666666667,36.416666666666664,984.6750000000001,20.275000000000006,63.41666666666665,511.4166666666667,36.41666666666667,984.6750000000001
2023-08-08 05:00:00,20.183333333333334,64.0,510.5833333333333,36.333333333333336,984.0666666666666,20.183333333333337,63.99999999999998,510.5833333333333,36.33333333333334,984.0666666666666
2023-08-08 06:00:00,20.05454545454546,65.0,506.1818181818182,36.81818181818182,983.6090909090909,20.054545454545462,64.99999999999997,506.1818181818182,36.81818181818183,983.6090909090909
2023-08-08 07:00:00,20.066666666666666,65.33333333333333,527.5,37.416666666666664,983.0583333333334,20.06666666666667,65.33333333333331,527.5,37.41666666666667,983.0583333333334
2023-08-08 08:00:00,21.091666666666665,65.08333333333333,590.0,39.666666666666664,982.5500000000001,21.09166666666667,65.08333333333331,590.0,39.66666666666667,982.5500000000001
2023-08-08 09:00:00,21.733333333333334,64.25,549.4166666666666,38.833333333333336,981.8166666666666,21.733333333333338,64.25,549.4166666666666,38.83333333333334,981.8166666666666
2023-08-08 10:00:00,21.96666666666667,63.916666666666664,524.25,38.5,981.025,21.966666666666672,63.91666666666667,524.2499999999999,38.50000000000001,981.025
2023-08-08 11:00:00,22.100000000000005,63.0,519.3333333333334,38.166666666666664,980.4250000000001,22.10000000000001,63.00000000000001,519.3333333333333,38.16666666666667,980.4250000000001
2023-08-08 12:00:00,22.125,63.75,518.8333333333334,37.5,980.025,22.125000000000004,63.75000000000001,518.8333333333333,37.50000000000001,980.025
2023-08-08 13:00:00,22.2,64.0,514.25,37.833333333333336,979.9250000000001,22.200000000000003,64.0,514.2499999999999,37.83333333333334,979.9250000000001
2023-08-08 14:00:00,22.3,64.0,511.6666666666667,37.833333333333336,980.0833333333334,22.300000000000004,64.0,511.6666666666667,37.83333333333334,980.0833333333334
2023-08-08 15:00:00,22.358333333333334,63.833333333333336,536.75,41.583333333333336,980.2916666666666,22.358333333333338,63.83333333333334,536.7499999999999,41.58333333333334,980.2916666666666
2023-08-08 16:00:00,22.933333333333334,62.916666666666664,578.5833333333334,45.083333333333336,980.6,22.933333333333337,62.91666666666668,578.5833333333335,45.08333333333334,980.6
2023-08-08 17:00:00,22.94545454545454,62.0,578.0,46.27272727272727,980.9181818181819,22.945454545454545,62.000000000000014,578.0000000000001,46.27272727272728,980.9181818181819
2023-08-08 18:00:00,22.75,61.166666666666664,560.25,44.333333333333336,981.375,22.750000000000004,61.16666666666668,560.2500000000001,44.33333333333334,981.375
2023-08-08 19:00:00,22.508333333333336,60.833333333333336,559.0,47.5,982.0333333333333,22.50833333333334,60.83333333333335,559.0000000000001,47.50000000000001,982.0333333333333
2023-08-08 20:00:00,22.308333333333334,59.833333333333336,550.9166666666666,46.833333333333336,982.8083333333334,22.308333333333334,59.83333333333334,550.9166666666667,46.83333333333334,982.8083333333334
2023-08-08 21:00:00,22.125,58.75,536.25,43.583333333333336,983.4916666666667,22.125,58.75000000000001,536.25,43.58333333333334,983.4916666666667
2023-08-08 22:00:00,22.191666666666666,58.0,532.8333333333334,43.083333333333336,983.9166666666666,22.191666666666666,58.00000000000001,532.8333333333334,43.08333333333334,983.9166666666666
2023-08-08 23:00:00,22.066666666666666,57.0,533.25,38.916666666666664,984.4416666666666,22.066666666666666,57.000000000000014,533.25,38.91666666666667,984.4416666666666
2023-08-09 00:00:00,21.191666666666666,57.083333333333336,516.25,38.583333333333336,985.1750000000001,21.191666666666666,57.08333333333334,516.25,38.58333333333334,985.1750000000001
2023-08-09 01:00:00,19.916666666666668,58.0,486.0,36.333333333333336,985.9666666666667,19.916666666666664,57.999999999999986,486.0,36.333333333333336,985.9666666666667
2023-08-09 02:00:00,19.400000000000002,58.0,475.8333333333333,36.083333333333336,986.8083333333334,19.4,57.99999999999998,475.8333333333333,36.083333333333336,986.8083333333334
2023-08-09 03:00:00,18.991666666666667,58.0,465.6666666666667,36.166666666666664,987.6583333333333,18.991666666666664,57.99999999999997,465.6666666666667,36.166666666666664,987.6583333333333
2023-08-09 04:00:00,18.70909090909091,58.0,459.72727272727275,36.09090909090909,988.6727272727272,18.709090909090907,57.99999999999997,459.72727272727275,36.09090909090909,988.6727272727272
2023-08-09 05:00:00,18.508333333333333,58.0,470.4166666666667,36.25,989.525,18.50833333333333,57.999999999999964,470.4166666666667,36.25,989.525
2023-08-09 06:00:00,18.4,59.0,464.6666666666667,36.75,990.475,18.399999999999995,58.999999999999964,464.6666666666667,36.75000000000001,990.475
2023-08-09 07:00:00,18.4,59.0,471.5,37.25,991.5833333333334,18.399999999999995,58.999999999999964,471.5,37.25000000000001,991.5833333333334
2023-08-09 08:00:00,18.808333333333334,59.333333333333336,487.75,38.833333333333336,992.6583333333333,18.80833333333333,59.33333333333331,487.75,38.83333333333334,992.6583333333333
2023-08-09 09:00:00,20.216666666666665,58.333333333333336,632.8333333333334,43.166666666666664,993.8416666666667,20.21666666666666,58.333333333333314,632.8333333333335,43.16666666666667,993.8416666666667
2023-08-09 10:00:00,21.275000000000002,56.416666666666664,629.5,43.416666666666664,994.9833333333332,21.275,56.416666666666664,629.5000000000001,43.41666666666667,994.9833333333332
2023-08-09 11:00:00,21.78333333333333,54.583333333333336,557.0,44.916666666666664,995.9583333333334,21.78333333333333,54.583333333333336,557.0000000000001,44.91666666666667,995.9583333333334
2023-08-09 12:00:00,22.09166666666667,54.083333333333336,626.75,48.5,996.9583333333334,22.091666666666665,54.08333333333334,626.7500000000001,48.50000000000001,996.9583333333334
2023-08-09 13:00:00,22.108333333333334,54.25,550.0833333333334,48.75,997.7916666666666,22.108333333333334,54.25000000000001,550.0833333333335,48.75000000000001,997.7916666666666
2023-08-09 14:00:00,22.349999999999998,52.75,510.0833333333333,44.083333333333336,998.7583333333333,22.349999999999998,52.75000000000001,510.08333333333337,44.08333333333334,998.7583333333333
2023-08-09 15:00:00,22.463636363636365,52.36363636363637,487.1818181818182,40.36363636363637,999.7,22.463636363636365,52.36363636363638,487.18181818181813,40.36363636363637,999.7
2023-08-09 16:00:00,22.46666666666667,52.0,492.4166666666667,39.333333333333336,1000.4583333333334,22.46666666666667,52.000000000000014,492.41666666666663,39.333333333333336,1000.4583333333334
2023-08-09 17:00:00,22.308333333333334,52.0,491.0833333333333,39.083333333333336,1001.375,22.308333333333334,52.00000000000001,491.08333333333326,39.083333333333336,1001.375
2023-08-09 18:00:00,22.183333333333334,52.666666666666664,515.4166666666666,39.333333333333336,1002.25,22.183333333333334,52.66666666666667,515.4166666666666,39.333333333333336,1002.25
2023-08-09 19:00:00,22.100000000000005,53.75,516.0,39.083333333333336,1002.8333333333334,22.100000000000005,53.75000000000001,516.0,39.083333333333336,1002.8333333333334
2023-08-09 20:00:00,21.916666666666668,54.583333333333336,522.0833333333334,39.166666666666664,1003.5916666666667,21.916666666666668,54.58333333333334,522.0833333333334,39.166666666666664,1003.5916666666667
2023-08-09 21:00:00,21.541666666666668,55.0,515.3333333333334,38.583333333333336,1004.4499999999999,21.541666666666668,55.0,515.3333333333334,38.583333333333336,1004.4499999999999
2023-08-09 22:00:00,21.2,55.916666666666664,535.3333333333334,40.166666666666664,1005.0,21.2,55.916666666666664,535.3333333333335,40.16666666666667,1005.0
2023-08-09 23:00:00,20.983333333333334,56.0,561.8333333333334,43.25,1005.4333333333334,20.983333333333334,55.99999999999999,561.8333333333335,43.25000000000001,1005.4333333333334
2023-08-10 00:00:00,20.541666666666668,56.083333333333336,535.4166666666666,38.25,1005.8583333333332,20.541666666666668,56.08333333333332,535.4166666666667,38.24999999999999,1005.8583333333332
2023-08-10 01:00:00,20.241666666666667,57.0,527.4166666666666,39.416666666666664,1006.3083333333334,20.241666666666667,56.999999999999986,527.4166666666667,39.416666666666664,1006.3083333333334
2023-08-10 02:00:00,20.036363636363635,57.0,538.5454545454545,37.72727272727273,1006.7636363636364,20.036363636363635,56.999999999999986,538.5454545454546,37.72727272727272,1006.7636363636364
2023-08-10 03:00:00,19.841666666666665,57.0,521.5833333333334,38.5,1007.0666666666666,19.84166666666666,56.99999999999998,521.5833333333335,38.49999999999999,1007.0666666666666
2023-08-10 04:00:00,19.650000000000002,57.0,507.1666666666667,38.083333333333336,1007.5083333333333,19.65,56.99999999999998,507.1666666666667,38.08333333333333,1007.5083333333333
2023-08-10 05:00:00,19.391666666666666,56.833333333333336,493.6666666666667,37.666666666666664,1007.85,19.391666666666662,56.833333333333314,493.6666666666667,37.66666666666666,1007.85
2023-08-10 06:00:00,19.2,56.916666666666664,482.25,38.25,1008.1083333333332,19.199999999999996,56.916666666666636,482.25,38.24999999999999,1008.1083333333332
2023-08-10 07:00:00,19.14166666666667,57.333333333333336,472.9166666666667,38.5,1008.7083333333334,19.141666666666666,57.33333333333331,472.9166666666667,38.5,1008.7083333333334
2023-08-10 08:00:00,19.391666666666666,58.0,454.6666666666667,38.583333333333336,1009.15,19.391666666666662,57.99999999999997,454.6666666666667,38.583333333333336,1009.15
2023-08-10 09:00:00,19.808333333333334,58.0,433.8333333333333,38.583333333333336,1009.625,19.80833333333333,57.99999999999997,433.83333333333326,38.583333333333336,1009.625
2023-08-10 10:00:00,20.0,57.666666666666664,443.3333333333333,38.166666666666664,1010.0666666666666,19.999999999999996,57.66666666666664,443.33333333333326,38.166666666666664,1010.0666666666666
2023-08-10 11:00:00,20.241666666666667,57.166666666666664,438.8333333333333,39.0,1010.3416666666667,20.241666666666667,57.16666666666665,438.83333333333326,39.0,1010.3416666666667
2023-08-10 12:00:00,20.633333333333333,56.916666666666664,444.6666666666667,38.916666666666664,1010.775,20.633333333333333,56.91666666666666,444.66666666666663,38.916666666666664,1010.775
2023-08-10 13:00:00,20.990909090909092,56.0,460.09090909090907,39.63636363636363,1011.2272727272727,20.990909090909092,55.99999999999999,460.090909090909,39.636363636363626,1011.2272727272727
2023-08-10 14:00:00,21.266666666666666,55.666666666666664,450.1666666666667,39.166666666666664,1011.475,21.266666666666666,55.666666666666664,450.16666666666663,39.16666666666666,1011.475
2023-08-10 15:00:00,21.474999999999998,55.0,459.8333333333333,39.416666666666664,1011.7083333333334,21.474999999999998,55.0,459.83333333333326,39.41666666666666,1011.7083333333334
2023-08-10 16:00:00,21.508333333333336,55.0,464.4166666666667,39.083333333333336,1011.9166666666666,21.508333333333336,55.0,464.41666666666663,39.08333333333333,1011.9166666666666
2023-08-10 17:00:00,21.61666666666667,54.416666666666664,457.1666666666667,39.416666666666664,1012.1666666666666,21.61666666666667,54.416666666666664,457.16666666666663,39.41666666666666,1012.1666666666666
2023-08-10 18:00:00,21.650000000000002,54.0,459.0,39.75,1012.4916666666667,21.650000000000002,54.0,458.99999999999994,39.74999999999999,1012.4916666666667
2023-08-10 19:00:00,21.516666666666666,54.0,455.3333333333333,39.416666666666664,1012.725,21.516666666666666,54.0,455.33333333333326,39.41666666666666,1012.725
2023-08-10 20:00:00,21.241666666666667,54.0,455.0833333333333,39.25,1012.8916666666665,21.241666666666667,54.0,455.08333333333326,39.24999999999999,1012.8916666666665
2023-08-10 21:00:00,20.933333333333334,54.0,468.6666666666667,39.833333333333336,1013.0583333333334,20.933333333333334,53.99999999999999,468.66666666666663,39.83333333333333,1013.0583333333334
2023-08-10 22:00:00,20.583333333333332,54.0,478.3333333333333,39.666666666666664,1013.4250000000001,20.583333333333332,53.99999999999999,478.3333333333333,39.66666666666666,1013.4250000000001
2023-08-10 23:00:00,20.05,54.083333333333336,488.3333333333333,40.0,1013.5416666666666,20.05,54.08333333333332,488.3333333333333,39.99999999999999,1013.5416666666666
2023-08-11 00:00:00,19.927272727272726,55.0,488.3636363636364,38.81818181818182,1013.4727272727273,19.927272727272722,54.999999999999986,488.3636363636364,38.81818181818181,1013.4727272727273
2023-08-11 01:00:00,19.608333333333334,56.25,479.9166666666667,43.666666666666664,1013.6,19.60833333333333,56.24999999999998,479.9166666666667,43.666666666666664,1013.6
2023-08-11 02:00:00,18.408333333333335,58.333333333333336,453.9166666666667,37.25,1013.8416666666667,18.40833333333333,58.333333333333286,453.9166666666667,37.25,1013.8416666666667
2023-08-11 03:00:00,17.825,59.333333333333336,459.25,37.166666666666664,1013.9333333333334,17.824999999999996,59.33333333333328,459.25,37.166666666666664,1013.9333333333334
2023-08-11 04:00:00,17.458333333333332,60.583333333333336,440.9166666666667,37.25,1013.7833333333333,17.45833333333333,60.58333333333328,440.9166666666667,37.25,1013.7833333333333
2023-08-11 05:00:00,17.525000000000002,61.833333333333336,438.3333333333333,37.583333333333336,1013.7666666666668,17.525000000000002,61.83333333333328,438.3333333333333,37.583333333333336,1013.7666666666668
2023-08-11 06:00:00,17.6,62.25,437.75,37.333333333333336,1014.0749999999999,17.6,62.24999999999994,437.75,37.333333333333336,1014.0749999999999
2023-08-11 07:00:00,17.64166666666667,63.0,438.3333333333333,38.083333333333336,1014.1333333333333,17.64166666666667,62.99999999999994,438.3333333333333,38.083333333333336,1014.1333333333333
2023-08-11 08:00:00,17.891666666666666,63.0,426.8333333333333,38.5,1014.4250000000001,17.891666666666666,62.99999999999994,426.8333333333333,38.5,1014.4250000000001
2023-08-11 09:00:00,19.016666666666666,62.416666666666664,477.8333333333333,39.583333333333336,1014.6999999999999,19.016666666666666,62.41666666666662,477.8333333333333,39.583333333333336,1014.6999999999999
2023-08-11 10:00:00,20.5,60.75,439.3333333333333,38.666666666666664,1015.2833333333333,20.5,60.74999999999997,439.33333333333326,38.666666666666664,1015.2833333333333
2023-08-11 11:00:00,21.336363636363636,59.18181818181818,447.6363636363636,38.36363636363637,1015.4181818181819,21.336363636363636,59.181818181818166,447.63636363636357,38.36363636363637,1015.4181818181819
2023-08-11 12:00:00,21.583333333333332,56.916666666666664,452.0833333333333,39.083333333333336,1015.6166666666667,21.583333333333332,56.91666666666666,452.08333333333326,39.08333333333333,1015.6166666666667
2023-08-11 13:00:00,21.599999999999998,53.833333333333336,449.0,40.333333333333336,1015.9416666666666,21.599999999999998,53.83333333333333,449.0,40.333333333333336,1015.9416666666666
2023-08-11 14:00:00,21.333333333333332,51.416666666666664,445.0,39.666666666666664,1016.125,21.333333333333332,51.41666666666666,444.99999999999994,39.66666666666666,1016.125
2023-08-11 15:00:00,21.508333333333336,52.166666666666664,453.8333333333333,39.333333333333336,1016.2916666666666,21.508333333333336,52.16666666666666,453.83333333333326,39.33333333333333,1016.2916666666666
2023-08-11 16:00:00,21.474999999999998,53.0,448.0833333333333,39.583333333333336,1016.2333333333332,21.474999999999998,52.99999999999999,448.08333333333326,39.58333333333333,1016.2333333333332
2023-08-11 17:00:00,21.233333333333334,53.0,446.4166666666667,39.666666666666664,1015.9499999999999,21.233333333333334,52.99999999999999,446.41666666666663,39.66666666666666,1015.9499999999999
2023-08-11 18:00:00,21.008333333333333,53.0,448.3333333333333,40.666666666666664,1015.9333333333334,21.008333333333333,52.999999999999986,448.33333333333326,40.66666666666666,1015.9333333333334
2023-08-11 19:00:00,20.85833333333333,52.5,452.25,41.583333333333336,1015.8833333333333,20.85833333333333,52.499999999999986,452.24999999999994,41.58333333333333,1015.8833333333333
2023-08-11 20:00:00,20.491666666666667,53.0,449.75,40.0,1015.9333333333334,20.491666666666667,52.99999999999998,449.74999999999994,39.99999999999999,1015.9333333333334
2023-08-11 21:00:00,20.075,53.583333333333336,438.3333333333333,40.666666666666664,1016.1583333333333,20.075,53.583333333333314,438.33333333333326,40.66666666666666,1016.1583333333333
2023-08-11 22:00:00,19.90909090909091,54.81818181818182,436.72727272727275,41.09090909090909,1015.8636363636364,19.909090909090907,54.81818181818179,436.7272727272727,41.09090909090909,1015.8636363636364
2023-08-11 23:00:00,19.783333333333335,55.0,436.0,40.416666666666664,1015.6333333333333,19.78333333333333,54.99999999999997,435.99999999999994,40.41666666666666,1015.6333333333333
2023-08-12 00:00:00,19.708333333333332,55.583333333333336,441.4166666666667,39.5,1015.4499999999999,19.70833333333333,55.58333333333331,441.41666666666663,39.49999999999999,1015.4499999999999
2023-08-12 01:00:00,19.7,56.416666666666664,445.3333333333333,39.0,1014.9666666666667,19.699999999999996,56.416666666666636,445.33333333333326,38.99999999999999,1014.9666666666667
2023-08-12 02:00:00,19.841666666666665,58.583333333333336,445.4166666666667,38.75,1014.2333333333332,19.84166666666666,58.5833333333333,445.41666666666663,38.75,1014.2333333333332
2023-08-12 03:00:00,20.0,60.083333333333336,447.6666666666667,37.5,1013.8249999999999,19.999999999999996,60.08333333333331,447.66666666666663,37.5,1013.8249999999999
2023-08-12 04:00:00,20.0,61.75,450.1666666666667,37.333333333333336,1013.4166666666666,20.0,61.74999999999998,450.16666666666663,37.333333333333336,1013.4166666666666
2023-08-12 05:00:00,20.05,63.333333333333336,460.9166666666667,37.333333333333336,1012.9833333333332,20.050000000000004,63.333333333333314,460.9166666666667,37.333333333333336,1012.9833333333332
2023-08-12 06:00:00,20.2,64.66666666666667,459.0,37.5,1012.8416666666667,20.200000000000003,64.66666666666663,459.0,37.5,1012.8416666666667
2023-08-12 07:00:00,20.3,65.41666666666667,451.5833333333333,37.5,1012.9083333333333,20.300000000000004,65.41666666666663,451.58333333333326,37.5,1012.9083333333333
2023-08-12 08:00:00,20.241666666666667,66.0,459.5,37.75,1013.0833333333334,20.24166666666667,65.99999999999997,459.5,37.75,1013.0833333333334
2023-08-12 09:00:00,20.37272727272727,66.0,455.0,38.09090909090909,1013.1272727272727,20.372727272727275,65.99999999999997,454.99999999999994,38.09090909090909,1013.1272727272727
2023-08-12 10:00:00,20.675,65.66666666666667,451.25,38.916666666666664,1013.4833333333332,20.675000000000004,65.66666666666663,451.24999999999994,38.916666666666664,1013.4833333333332
2023-08-12 11:00:00,20.816666666666666,64.75,458.3333333333333,39.5,1013.7916666666666,20.81666666666667,64.74999999999997,458.33333333333326,39.5,1013.7916666666666
2023-08-12 12:00:00,20.741666666666667,64.0,453.25,39.583333333333336,1014.1,20.74166666666667,63.99999999999998,453.24999999999994,39.583333333333336,1014.1
2023-08-12 13:00:00,20.9,63.25,448.4166666666667,40.0,1014.1583333333333,20.900000000000002,63.24999999999998,448.41666666666663,40.0,1014.1583333333333
2023-08-12 14:00:00,21.275000000000002,62.083333333333336,458.9166666666667,40.083333333333336,1013.9333333333334,21.275000000000006,62.08333333333332,458.91666666666663,40.083333333333336,1013.9333333333334
2023-08-12 15:00:00,21.733333333333334,59.916666666666664,458.6666666666667,40.083333333333336,1013.6583333333333,21.733333333333334,59.91666666666666,458.66666666666663,40.083333333333336,1013.6583333333333
2023-08-12 16:00:00,21.8,58.166666666666664,464.75,40.083333333333336,1013.7166666666667,21.8,58.16666666666666,464.74999999999994,40.083333333333336,1013.7166666666667
2023-08-12 17:00:00,21.84166666666667,57.166666666666664,462.0833333333333,40.0,1013.6416666666668,21.84166666666667,57.16666666666667,462.08333333333326,40.0,1013.6416666666668
2023-08-12 18:00:00,21.933333333333334,57.416666666666664,466.0833333333333,39.5,1013.3333333333334,21.933333333333334,57.41666666666667,466.08333333333326,39.5,1013.3333333333334
2023-08-12 19:00:00,21.916666666666668,57.0,475.0,40.083333333333336,1012.725,21.916666666666668,57.00000000000001,474.99999999999994,40.083333333333336,1012.725
2023-08-12 20:00:00,21.818181818181817,57.90909090909091,479.0,40.18181818181818,1012.5090909090909,21.818181818181817,57.90909090909091,478.99999999999994,40.18181818181818,1012.5090909090909
2023-08-12 21:00:00,21.53333333333333,59.083333333333336,494.0833333333333,40.416666666666664,1012.525,21.53333333333333,59.08333333333333,494.0833333333333,40.416666666666664,1012.525
2023-08-12 22:00:00,21.125,60.0,508.5,40.25,1012.2833333333333,21.125,59.999999999999986,508.5,40.25,1012.2833333333333
2023-08-12 23:00:00,20.825,60.916666666666664,519.0,41.583333333333336,1011.6666666666666,20.825,60.91666666666665,519.0000000000001,41.583333333333336,1011.6666666666666
2023-08-13 00:00:00,20.816666666666666,61.0,489.9166666666667,40.916666666666664,1011.3833333333333,20.816666666666666,60.999999999999986,489.9166666666667,40.916666666666664,1011.3833333333333
2023-08-13 01:00:00,20.958333333333332,61.0,470.0,40.0,1010.9,20.958333333333332,60.999999999999986,469.99999999999994,40.0,1010.9
2023-08-13 02:00:00,20.883333333333333,62.25,471.4166666666667,39.833333333333336,1010.2833333333333,20.883333333333336,62.249999999999986,471.4166666666667,39.833333333333336,1010.2833333333333
2023-08-13 03:00:00,20.90833333333333,63.5,481.3333333333333,38.666666666666664,1009.9166666666666,20.908333333333335,63.499999999999986,481.3333333333333,38.666666666666664,1009.9166666666666
2023-08-13 04:00:00,20.925,64.33333333333333,486.8333333333333,37.583333333333336,1009.9416666666666,20.925000000000004,64.33333333333331,486.8333333333333,37.583333333333336,1009.9416666666666
2023-08-13 05:00:00,20.833333333333332,65.0,485.3333333333333,37.5,1009.8249999999999,20.833333333333336,64.99999999999997,485.3333333333333,37.5,1009.8249999999999
2023-08-13 06:00:00,20.866666666666664,64.25,472.0,37.916666666666664,1009.8416666666667,20.866666666666667,64.24999999999997,472.0,37.916666666666664,1009.8416666666667
2023-08-13 07:00:00,20.736363636363635,64.0,470.6363636363636,37.90909090909091,1010.0363636363636,20.736363636363638,63.999999999999986,470.6363636363636,37.90909090909091,1010.0363636363636
2023-08-13 08:00:00,20.75,64.91666666666667,467.9166666666667,37.5,1010.1750000000001,20.750000000000004,64.91666666666663,467.9166666666667,37.5,1010.1750000000001
2023-08-13 09:00:00,20.974999999999998,65.0,462.5833333333333,38.0,1010.4333333333334,20.975,64.99999999999997,462.58333333333326,38.0,1010.4333333333334
2023-08-13 10:00:00,20.966666666666665,65.0,462.1666666666667,38.166666666666664,1010.85,20.96666666666667,64.99999999999997,462.16666666666663,38.166666666666664,1010.85
2023-08-13 11:00:00,21.05,64.41666666666667,461.25,38.416666666666664,1011.2166666666667,21.050000000000004,64.41666666666666,461.24999999999994,38.416666666666664,1011.2166666666667
2023-08-13 12:00:00,21.333333333333332,63.416666666666664,463.75,38.666666666666664,1011.5749999999999,21.333333333333336,63.41666666666666,463.74999999999994,38.666666666666664,1011.5749999999999
2023-08-13 13:00:00,21.45,62.75,464.3333333333333,39.333333333333336,1011.8833333333333,21.450000000000003,62.74999999999999,464.33333333333326,39.333333333333336,1011.8833333333333
2023-08-13 14:00:00,21.59166666666667,62.0,462.1666666666667,39.333333333333336,1012.1166666666667,21.591666666666672,61.99999999999999,462.16666666666663,39.333333333333336,1012.1166666666667
2023-08-13 15:00:00,21.599999999999998,60.916666666666664,461.5,39.5,1012.3833333333333,21.599999999999998,60.91666666666666,461.49999999999994,39.5,1012.3833333333333
2023-08-13 16:00:00,21.575,61.416666666666664,464.5,38.916666666666664,1012.4666666666667,21.575000000000003,61.41666666666666,464.49999999999994,38.916666666666664,1012.4666666666667
2023-08-13 17:00:00,21.441666666666666,62.75,465.1666666666667,39.166666666666664,1012.3166666666666,21.44166666666667,62.74999999999999,465.16666666666663,39.166666666666664,1012.3166666666666
2023-08-13 18:00:00,21.572727272727274,63.0,461.3636363636364,39.09090909090909,1012.1636363636364,21.572727272727278,62.99999999999999,461.3636363636363,39.09090909090909,1012.1636363636364
2023-08-13 19:00:00,21.474999999999998,63.0,458.6666666666667,39.333333333333336,1012.3583333333332,21.475,62.99999999999999,458.66666666666663,39.333333333333336,1012.3583333333332
2023-08-13 20:00:00,21.441666666666666,63.0,461.0,39.0,1012.6416666666668,21.44166666666667,62.99999999999999,460.99999999999994,39.0,1012.6416666666668
2023-08-13 21:00:00,21.275000000000002,63.0,462.6666666666667,38.75,1012.8583333333332,21.275000000000006,62.99999999999999,462.66666666666663,38.75,1012.8583333333332
2023-08-13 22:00:00,21.09166666666667,63.0,458.9166666666667,38.5,1012.9666666666667,21.091666666666672,62.999999999999986,458.91666666666663,38.5,1012.9666666666667
2023-08-13 23:00:00,21.008333333333333,63.0,456.0833333333333,38.416666666666664,1013.0916666666667,21.008333333333336,62.999999999999986,456.08333333333326,38.416666666666664,1013.0916666666667
2023-08-14 00:00:00,20.883333333333333,63.0,459.4166666666667,38.166666666666664,1013.225,20.883333333333336,62.999999999999986,459.41666666666663,38.166666666666664,1013.225
2023-08-14 01:00:00,20.808333333333334,63.0,462.1666666666667,37.833333333333336,1013.2083333333334,20.808333333333337,62.999999999999986,462.16666666666663,37.833333333333336,1013.2083333333334
2023-08-14 02:00:00,20.716666666666665,63.333333333333336,466.1666666666667,37.75,1013.225,20.71666666666667,63.33333333333332,466.1666666666667,37.75,1013.225
2023-08-14 03:00:00,20.64166666666667,64.0,467.0833333333333,37.583333333333336,1013.275,20.641666666666673,63.999999999999986,467.0833333333333,37.583333333333336,1013.275
2023-08-14 04:00:00,20.6,64.0,470.0,37.416666666666664,1013.1500000000001,20.600000000000005,63.999999999999986,470.0,37.416666666666664,1013.1500000000001
2023-08-14 05:00:00,20.6,64.0,465.77777777777777,37.77777777777778,1013.2666666666667,20.600000000000005,63.999999999999986,465.77777777777777,37.77777777777778,1013.2666666666667
2023-08-14 06:00:00,20.608333333333334,64.0,461.4166666666667,38.5,1013.3416666666667,20.608333333333338,63.999999999999986,461.41666666666663,38.5,1013.3416666666667
2023-08-14 07:00:00,20.6,64.0,459.8333333333333,38.416666666666664,1013.5583333333334,20.600000000000005,63.999999999999986,459.83333333333326,38.416666666666664,1013.5583333333334
2023-08-14 08:00:00,20.75,63.666666666666664,453.0,38.583333333333336,1013.8416666666667,20.750000000000004,63.66666666666664,452.99999999999994,38.583333333333336,1013.8416666666667
2023-08-14 09:00:00,21.041666666666668,62.583333333333336,458.0,38.75,1014.2083333333334,21.04166666666667,62.583333333333314,457.99999999999994,38.75,1014.2083333333334
2023-08-14 10:00:00,21.291666666666668,62.0,456.9166666666667,38.666666666666664,1014.5916666666667,21.29166666666667,61.999999999999986,456.91666666666663,38.666666666666664,1014.5916666666667
2023-08-14 11:00:00,21.441666666666666,62.0,463.6666666666667,39.916666666666664,1014.8583333333332,21.44166666666667,61.999999999999986,463.66666666666663,39.916666666666664,1014.8583333333332
2023-08-14 12:00:00,21.516666666666666,63.0,464.9166666666667,38.5,1014.9416666666666,21.51666666666667,62.999999999999986,464.91666666666663,38.5,1014.9416666666666
2023-08-14 13:00:00,21.700000000000003,62.166666666666664,471.0,38.916666666666664,1014.9499999999999,21.700000000000006,62.16666666666665,470.99999999999994,38.916666666666664,1014.9499999999999
2023-08-14 14:00:00,21.900000000000002,60.416666666666664,466.25,39.416666666666664,1014.9333333333334,21.900000000000002,60.41666666666666,466.24999999999994,39.416666666666664,1014.9333333333334
2023-08-14 15:00:00,22.133333333333336,59.25,470.5833333333333,39.333333333333336,1015.0500000000001,22.133333333333336,59.24999999999999,470.58333333333326,39.333333333333336,1015.0500000000001
2023-08-14 16:00:00,22.254545454545454,59.0,473.1818181818182,39.63636363636363,1015.1272727272727,22.254545454545454,58.99999999999999,473.18181818181813,39.63636363636363,1015.1272727272727
2023-08-14 17:00:00,22.400000000000002,59.0,478.75,39.333333333333336,1015.25,22.400000000000002,58.99999999999999,478.74999999999994,39.333333333333336,1015.25
2023-08-14 18:00:00,22.608333333333334,59.083333333333336,504.4166666666667,41.416666666666664,1015.375,22.608333333333334,59.083333333333336,504.41666666666663,41.416666666666664,1015.375
2023-08-14 19:00:00,22.491666666666664,59.25,504.6666666666667,41.666666666666664,1015.3499999999999,22.491666666666664,59.25,504.6666666666667,41.666666666666664,1015.3499999999999
2023-08-14 20:00:00,22.183333333333334,60.0,496.25,39.916666666666664,1015.3166666666666,22.183333333333334,59.99999999999999,496.25,39.916666666666664,1015.3166666666666
2023-08-14 21:00:00,22.083333333333332,60.666666666666664,518.25,41.583333333333336,1015.4250000000001,22.083333333333332,60.66666666666666,518.25,41.583333333333336,1015.4250000000001
2023-08-14 22:00:00,21.90833333333333,61.166666666666664,503.6666666666667,39.166666666666664,1015.3083333333333,21.90833333333333,61.16666666666666,503.6666666666667,39.166666666666664,1015.3083333333333
2023-08-14 23:00:00,21.741666666666664,62.0,487.8333333333333,38.5,1015.1500000000001,21.741666666666667,61.999999999999986,487.8333333333333,38.5,1015.1500000000001
2023-08-15 00:00:00,21.608333333333334,62.0,502.6666666666667,38.5,1014.9416666666666,21.608333333333338,61.999999999999986,502.6666666666667,38.5,1014.9416666666666
2023-08-15 01:00:00,21.5,62.416666666666664,502.6666666666667,38.416666666666664,1014.8083333333333,21.500000000000004,62.41666666666665,502.6666666666667,38.416666666666664,1014.8083333333333
2023-08-15 02:00:00,21.391666666666666,62.416666666666664,499.5,38.166666666666664,1014.6,21.39166666666667,62.41666666666665,499.5,38.166666666666664,1014.6
2023-08-15 03:00:00,21.290909090909093,62.90909090909091,508.8181818181818,38.72727272727273,1014.6181818181819,21.290909090909096,62.90909090909089,508.8181818181818,38.72727272727273,1014.6181818181819
2023-08-15 04:00:00,21.058333333333334,63.916666666666664,505.3333333333333,38.333333333333336,1014.4666666666667,21.058333333333337,63.91666666666664,505.3333333333333,38.333333333333336,1014.4666666666667
2023-08-15 05:00:00,20.666666666666668,63.5,517.5833333333334,38.416666666666664,1014.375,20.66666666666667,63.49999999999998,517.5833333333334,38.416666666666664,1014.375
2023-08-15 06:00:00,20.575,63.583333333333336,506.9166666666667,38.833333333333336,1014.2333333333332,20.575000000000003,63.583333333333314,506.9166666666667,38.833333333333336,1014.2333333333332
2023-08-15 07:00:00,20.858333333333334,64.0,494.0,38.75,1014.1,20.858333333333338,63.99999999999998,494.0,38.75,1014.1
2023-08-15 08:00:00,21.016666666666666,64.0,488.8333333333333,39.333333333333336,1014.0583333333334,21.01666666666667,63.99999999999998,488.8333333333333,39.333333333333336,1014.0583333333334
2023-08-15 09:00:00,21.616666666666664,64.0,508.75,40.166666666666664,1013.9166666666666,21.616666666666667,63.99999999999999,508.75,40.166666666666664,1013.9166666666666
2023-08-15 10:00:00,22.224999999999998,63.666666666666664,495.5833333333333,39.583333333333336,1013.9,22.225,63.66666666666666,495.58333333333326,39.583333333333336,1013.9
2023-08-15 11:00:00,22.766666666666666,63.0,641.4166666666666,39.416666666666664,1013.4,22.766666666666666,63.00000000000001,641.4166666666666,39.416666666666664,1013.4
2023-08-15 12:00:00,23.058333333333334,63.0,714.8333333333334,39.833333333333336,1012.725,23.058333333333334,63.00000000000001,714.8333333333334,39.833333333333336,1012.725
2023-08-15 13:00:00,23.2,63.25,546.75,39.333333333333336,1012.5749999999999,23.200000000000003,63.250000000000014,546.7499999999999,39.333333333333336,1012.5749999999999
2023-08-15 14:00:00,23.09090909090909,64.9090909090909,510.45454545454544,39.27272727272727,1012.1272727272727,23.090909090909093,64.9090909090909,510.4545454545454,39.27272727272727,1012.1272727272727
2023-08-15 15:00:00,23.025000000000002,65.75,512.0833333333334,39.416666666666664,1011.9499999999999,23.025000000000006,65.75,512.0833333333333,39.416666666666664,1011.9499999999999
2023-08-15 16:00:00,23.125,66.0,509.6666666666667,40.083333333333336,1011.6833333333334,23.125000000000004,66.0,509.66666666666663,40.083333333333336,1011.6833333333334
2023-08-15 17:00:00,23.241666666666664,65.25,516.3333333333334,39.5,1011.2583333333333,23.241666666666667,65.25,516.3333333333333,39.5,1011.2583333333333
2023-08-15 18:00:00,23.433333333333334,65.33333333333333,541.3333333333334,40.333333333333336,1011.2916666666666,23.433333333333337,65.33333333333334,541.3333333333333,40.333333333333336,1011.2916666666666
2023-08-15 19:00:00,23.691666666666666,65.91666666666667,581.75,50.5,1011.5749999999999,23.69166666666667,65.91666666666669,581.7500000000001,50.50000000000001,1011.5749999999999
2023-08-15 20:00:00,23.508333333333336,64.66666666666667,559.25,42.75,1011.9916666666667,23.50833333333334,64.66666666666669,559.2499999999999,42.75,1011.9916666666667
2023-08-15 21:00:00,23.208333333333332,64.0,541.4166666666666,43.416666666666664,1012.2833333333333,23.208333333333336,64.00000000000001,541.4166666666666,43.416666666666664,1012.2833333333333
2023-08-15 22:00:00,22.791666666666668,64.0,524.4166666666666,43.25,1012.7416666666667,22.79166666666667,64.00000000000001,524.4166666666666,43.25,1012.7416666666667
2023-08-15 23:00:00,22.416666666666668,62.916666666666664,494.6666666666667,43.416666666666664,1013.2416666666667,22.41666666666667,62.916666666666664,494.66666666666663,43.416666666666664,1013.2416666666667
2023-08-16 00:00:00,21.933333333333334,62.0,488.3333333333333,37.916666666666664,1013.2083333333334,21.933333333333337,62.0,488.33333333333326,37.916666666666664,1013.2083333333334
2023-08-16 01:00:00,21.6,62.0,483.3636363636364,37.63636363636363,1013.2090909090908,21.600000000000005,61.99999999999999,483.3636363636363,37.63636363636363,1013.2090909090908
2023-08-16 02:00:00,21.416666666666668,62.75,490.9166666666667,37.916666666666664,1012.975,21.416666666666668,62.74999999999999,490.9166666666667,37.916666666666664,1012.975
2023-08-16 03:00:00,21.283333333333335,63.0,492.75,37.833333333333336,1013.025,21.283333333333335,62.99999999999999,492.75,37.833333333333336,1013.025
2023-08-16 04:00:00,21.150000000000002,63.833333333333336,490.6666666666667,37.666666666666664,1013.2416666666667,21.150000000000006,63.83333333333332,490.6666666666667,37.666666666666664,1013.2416666666667
2023-08-16 05:00:00,21.083333333333332,64.0,488.1666666666667,37.416666666666664,1013.4583333333334,21.083333333333336,63.999999999999986,488.1666666666667,37.416666666666664,1013.4583333333334
2023-08-16 06:00:00,20.941666666666666,64.0,495.5,38.583333333333336,1013.5416666666666,20.94166666666667,63.999999999999986,495.5,38.583333333333336,1013.5416666666666
2023-08-16 07:00:00,20.9,64.58333333333333,480.0,39.166666666666664,1013.725,20.900000000000002,64.58333333333331,480.0,39.166666666666664,1013.725
2023-08-16 08:00:00,20.9,65.0,478.9166666666667,39.5,1013.8583333333332,20.900000000000002,64.99999999999997,478.9166666666667,39.5,1013.8583333333332
2023-08-16 09:00:00,21.308333333333334,64.66666666666667,509.3333333333333,41.75,1014.25,21.308333333333337,64.66666666666666,509.3333333333333,41.75,1014.25
2023-08-16 10:00:00,21.958333333333332,64.0,553.25,44.166666666666664,1014.725,21.958333333333336,63.99999999999999,553.2500000000001,44.166666666666664,1014.725
2023-08-16 11:00:00,22.616666666666664,62.916666666666664,551.9166666666666,43.25,1015.1,22.616666666666667,62.916666666666664,551.9166666666667,43.25,1015.1
2023-08-16 12:00:00,23.163636363636364,61.45454545454545,598.8181818181819,47.72727272727273,1015.4,23.163636363636368,61.45454545454546,598.818181818182,47.72727272727273,1015.4
2023-08-16 13:00:00,23.45,60.416666666666664,551.5,45.833333333333336,1015.75,23.45,60.41666666666667,551.5,45.833333333333336,1015.75
2023-08-16 14:00:00,23.558333333333334,60.0,519.8333333333334,42.333333333333336,1015.9833333333332,23.558333333333334,60.00000000000001,519.8333333333334,42.333333333333336,1015.9833333333332
2023-08-16 15:00:00,23.724999999999998,60.0,544.25,43.0,1016.1666666666666,23.724999999999998,60.000000000000014,544.25,43.0,1016.1666666666666
2023-08-16 16:00:00,24.15833333333333,59.333333333333336,610.4166666666666,54.333333333333336,1016.5333333333333,24.15833333333333,59.33333333333335,610.4166666666667,54.33333333333334,1016.5333333333333
2023-08-16 17:00:00,24.258333333333336,60.0,647.5833333333334,45.25,1017.125,24.258333333333333,60.000000000000014,647.5833333333335,45.25,1017.125
2023-08-16 18:00:00,24.041666666666668,60.0,553.75,41.25,1017.5166666666668,24.041666666666668,60.000000000000014,553.75,41.25,1017.5166666666668
2023-08-16 19:00:00,23.925,60.0,586.8333333333334,45.333333333333336,1017.9166666666666,23.925,60.000000000000014,586.8333333333335,45.333333333333336,1017.9166666666666
2023-08-16 20:00:00,22.791666666666668,60.0,524.1666666666666,41.583333333333336,1018.3833333333333,22.791666666666668,60.0,524.1666666666666,41.583333333333336,1018.3833333333333
2023-08-16 21:00:00,21.916666666666668,61.0,508.25,40.083333333333336,1018.9250000000001,21.916666666666668,60.99999999999999,508.25,40.083333333333336,1018.9250000000001
2023-08-16 22:00:00,21.34166666666667,61.583333333333336,508.75,39.666666666666664,1019.3916666666668,21.341666666666672,61.58333333333332,508.75,39.666666666666664,1019.3916666666668
2023-08-16 23:00:00,21.972727272727273,61.18181818181818,537.0909090909091,38.45454545454545,1019.8454545454545,21.972727272727273,61.18181818181817,537.0909090909091,38.45454545454545,1019.8454545454545
2023-08-17 00:00:00,22.708333333333332,61.0,550.5833333333334,40.75,1020.25,22.708333333333332,61.0,550.5833333333335,40.75,1020.25
2023-08-17 01:00:00,22.816666666666666,61.0,531.6666666666666,39.5,1020.9,22.816666666666666,61.0,531.6666666666666,39.5,1020.9
2023-08-17 02:00:00,22.28333333333333,61.0,518.0833333333334,38.166666666666664,1021.3083333333334,22.28333333333333,60.99999999999999,518.0833333333333,38.166666666666664,1021.3083333333334
2023-08-17 03:00:00,21.766666666666666,61.833333333333336,525.6666666666666,37.25,1021.9416666666666,21.76666666666667,61.83333333333332,525.6666666666665,37.25,1021.9416666666666
2023-08-17 04:00:00,21.625,62.0,508.0,37.833333333333336,1022.3583333333332,21.625000000000004,61.999999999999986,508.0,37.833333333333336,1022.3583333333332
2023-08-17 05:00:00,21.600000000000005,62.0,503.4166666666667,37.5,1022.8333333333334,21.60000000000001,61.999999999999986,503.4166666666667,37.5,1022.8333333333334
2023-08-17 06:00:00,21.46666666666667,62.416666666666664,511.4166666666667,37.75,1023.1666666666666,21.466666666666672,62.41666666666665,511.4166666666667,37.75,1023.1666666666666
2023-08-17 07:00:00,21.3,63.0,523.3333333333334,38.333333333333336,1023.5749999999999,21.300000000000004,62.999999999999986,523.3333333333334,38.333333333333336,1023.5749999999999
2023-08-17 08:00:00,21.375,63.083333333333336,526.75,38.666666666666664,1024.2083333333333,21.375000000000004,63.08333333333332,526.75,38.666666666666664,1024.2083333333333
2023-08-17 09:00:00,21.625,62.916666666666664,531.9166666666666,39.666666666666664,1024.7916666666667,21.625000000000004,62.91666666666665,531.9166666666666,39.666666666666664,1024.7916666666667
2023-08-17 10:00:00,21.972727272727273,61.72727272727273,509.45454545454544,39.27272727272727,1025.1272727272726,21.972727272727276,61.72727272727272,509.45454545454544,39.27272727272727,1025.1272727272726
2023-08-17 11:00:00,22.3,61.0,494.4166666666667,39.666666666666664,1025.2583333333334,22.3,60.99999999999999,494.41666666666663,39.666666666666664,1025.2583333333334
2023-08-17 12:00:00,22.883333333333336,60.666666666666664,593.9166666666666,42.166666666666664,1025.5249999999999,22.883333333333336,60.666666666666664,593.9166666666667,42.166666666666664,1025.5249999999999
2023-08-17 13:00:00,23.2,59.5,535.8333333333334,40.833333333333336,1025.6499999999999,23.2,59.50000000000001,535.8333333333334,40.833333333333336,1025.6499999999999
2023-08-17 14:00:00,23.53333333333333,59.0,520.25,40.833333333333336,1025.7,23.53333333333333,59.00000000000001,520.25,40.833333333333336,1025.7
2023-08-17 15:00:00,23.833333333333332,58.166666666666664,510.5,40.166666666666664,1025.5333333333333,23.833333333333332,58.16666666666668,510.49999999999994,40.166666666666664,1025.5333333333333
2023-08-17 16:00:00,24.108333333333334,57.416666666666664,511.8333333333333,40.333333333333336,1025.425,24.108333333333334,57.416666666666686,511.83333333333326,40.333333333333336,1025.425
2023-08-17 17:00:00,24.316666666666666,57.0,517.5,41.25,1025.3083333333332,24.316666666666666,57.00000000000002,517.5,41.25,1025.3083333333332
2023-08-17 18:00:00,24.46666666666667,56.5,534.9166666666666,40.083333333333336,1025.3,24.46666666666667,56.50000000000003,534.9166666666666,40.083333333333336,1025.3
2023-08-17 19:00:00,24.5,57.333333333333336,530.3333333333334,39.333333333333336,1025.325,24.5,57.333333333333364,530.3333333333334,39.333333333333336,1025.325
2023-08-17 20:00:00,24.40833333333333,58.083333333333336,562.9166666666666,42.5,1025.6083333333333,24.40833333333333,58.08333333333336,562.9166666666666,42.5,1025.6083333333333
2023-08-17 21:00:00,24.281818181818185,58.45454545454545,590.7272727272727,44.45454545454545,1025.9545454545455,24.281818181818185,58.45454545454547,590.7272727272729,44.45454545454545,1025.9545454545455
2023-08-17 22:00:00,23.7,58.0,579.5833333333334,39.583333333333336,1026.2250000000001,23.7,58.00000000000001,579.5833333333335,39.583333333333336,1026.2250000000001
2023-08-17 23:00:00,23.108333333333334,57.5,579.75,38.75,1026.425,23.108333333333334,57.500000000000014,579.7500000000001,38.75,1026.425
2023-08-18 00:00:00,22.65833333333333,57.0,575.9166666666666,39.75,1026.3500000000001,22.65833333333333,57.00000000000001,575.9166666666667,39.75,1026.3500000000001
2023-08-18 01:00:00,22.241666666666664,57.0,563.8333333333334,39.833333333333336,1026.3166666666666,22.241666666666664,57.0,563.8333333333335,39.833333333333336,1026.3166666666666
2023-08-18 02:00:00,21.925,57.416666666666664,558.1666666666666,38.833333333333336,1026.325,21.925,57.416666666666664,558.1666666666667,38.833333333333336,1026.325
2023-08-18 03:00:00,22.133333333333336,58.75,517.75,38.833333333333336,1026.4,22.133333333333336,58.74999999999999,517.75,38.833333333333336,1026.4
2023-08-18 04:00:00,22.55,58.5,527.5833333333334,38.583333333333336,1026.2833333333333,22.55,58.5,527.5833333333334,38.583333333333336,1026.2833333333333
2023-08-18 05:00:00,22.45,58.0,524.0,39.083333333333336,1026.3416666666667,22.45,58.0,524.0,39.083333333333336,1026.3416666666667
2023-08-18 06:00:00,22.399999999999995,58.0,520.4166666666666,39.166666666666664,1026.4416666666668,22.399999999999995,57.99999999999999,520.4166666666666,39.166666666666664,1026.4416666666668
2023-08-18 07:00:00,22.399999999999995,58.0,513.1666666666666,40.166666666666664,1026.4666666666667,22.399999999999995,57.99999999999999,513.1666666666666,40.166666666666664,1026.4666666666667
2023-08-18 08:00:00,22.5,59.0,512.6363636363636,39.90909090909091,1026.6636363636362,22.5,59.0,512.6363636363636,39.90909090909091,1026.6636363636362
2023-08-18 09:00:00,22.608333333333334,59.0,515.75,39.583333333333336,1026.9083333333333,22.608333333333334,59.0,515.75,39.583333333333336,1026.9083333333333
2023-08-18 10:00:00,22.733333333333334,59.583333333333336,533.3333333333334,40.166666666666664,1027.2250000000001,22.733333333333334,59.583333333333336,533.3333333333334,40.166666666666664,1027.2250000000001
2023-08-18 11:00:00,22.916666666666668,59.333333333333336,548.0833333333334,40.416666666666664,1027.1916666666666,22.916666666666668,59.333333333333336,548.0833333333334,40.416666666666664,1027.1916666666666
2023-08-18 12:00:00,22.974999999999998,59.166666666666664,552.5,43.75,1027.225,22.974999999999998,59.166666666666664,552.5,43.75,1027.225
2023-08-18 13:00:00,23.008333333333336,59.416666666666664,515.5833333333334,40.166666666666664,1027.05,23.008333333333336,59.416666666666664,515.5833333333334,40.166666666666664,1027.05
2023-08-18 14:00:00,23.141666666666666,57.166666666666664,477.25,40.75,1026.7166666666667,23.141666666666666,57.16666666666668,477.24999999999994,40.75,1026.7166666666667
2023-08-18 15:00:00,23.175,55.5,474.5,40.583333333333336,1026.5916666666667,23.175,55.500000000000014,474.49999999999994,40.583333333333336,1026.5916666666667
2023-08-18 16:00:00,23.15833333333333,55.0,473.5,40.75,1026.2250000000001,23.15833333333333,55.000000000000014,473.49999999999994,40.74999999999999,1026.2250000000001
2023-08-18 17:00:00,23.40833333333333,54.0,481.0833333333333,40.333333333333336,1025.9583333333333,23.40833333333333,54.000000000000014,481.08333333333326,40.33333333333333,1025.9583333333333
2023-08-18 18:00:00,23.4,53.27272727272727,477.54545454545456,39.72727272727273,1025.7454545454545,23.4,53.27272727272729,477.5454545454545,39.72727272727272,1025.7454545454545
2023-08-18 19:00:00,23.483333333333334,54.666666666666664,484.4166666666667,39.166666666666664,1025.4166666666667,23.483333333333334,54.66666666666668,484.41666666666663,39.16666666666666,1025.4166666666667
2023-08-18 20:00:00,23.375,55.333333333333336,478.5833333333333,39.0,1025.2250000000001,23.375,55.33333333333335,478.58333333333326,38.99999999999999,1025.2250000000001
2023-08-18 21:00:00,23.3,55.5,477.0,39.083333333333336,1025.0833333333333,23.3,55.500000000000014,476.99999999999994,39.08333333333333,1025.0833333333333
2023-08-18 22:00:00,23.291666666666668,56.0,479.5833333333333,38.75,1025.0416666666667,23.291666666666668,56.000000000000014,479.58333333333326,38.74999999999999,1025.0416666666667
2023-08-18 23:00:00,23.3,56.166666666666664,480.25,40.166666666666664,1024.8583333333333,23.3,56.16666666666668,480.24999999999994,40.166666666666664,1024.8583333333333
2023-08-19 00:00:00,23.28333333333333,57.0,484.9166666666667,42.833333333333336,1024.7250000000001,23.28333333333333,57.000000000000014,484.91666666666663,42.833333333333336,1024.7250000000001
2023-08-19 01:00:00,23.266666666666666,57.916666666666664,517.4166666666666,38.416666666666664,1024.675,23.266666666666666,57.91666666666667,517.4166666666666,38.416666666666664,1024.675
2023-08-19 02:00:00,23.358333333333334,58.0,536.25,38.5,1024.775,23.358333333333334,58.00000000000001,536.25,38.5,1024.775
2023-08-19 03:00:00,23.233333333333334,58.083333333333336,584.5833333333334,38.083333333333336,1024.2833333333333,23.233333333333334,58.08333333333334,584.5833333333335,38.083333333333336,1024.2833333333333
2023-08-19 04:00:00,22.958333333333332,58.75,570.4166666666666,37.833333333333336,1023.8666666666667,22.958333333333332,58.75,570.4166666666667,37.833333333333336,1023.8666666666667
2023-08-19 05:00:00,22.87272727272727,59.54545454545455,566.0,38.63636363636363,1023.8363636363637,22.87272727272727,59.54545454545455,566.0000000000001,38.63636363636363,1023.8363636363637
2023-08-19 06:00:00,22.8,59.5,556.3333333333334,37.916666666666664,1023.9499999999999,22.8,59.5,556.3333333333335,37.916666666666664,1023.9499999999999
2023-08-19 07:00:00,22.724999999999998,59.0,547.1666666666666,38.25,1024.05,22.724999999999998,59.0,547.1666666666666,38.25,1024.05
2023-08-19 08:00:00,22.59166666666667,58.0,542.9166666666666,38.75,1023.9250000000001,22.59166666666667,58.0,542.9166666666666,38.75,1023.9250000000001
2023-08-19 09:00:00,22.641666666666666,57.583333333333336,550.75,39.333333333333336,1023.6583333333333,22.641666666666666,57.58333333333334,550.7500000000001,39.333333333333336,1023.6583333333333
2023-08-19 10:00:00,22.799999999999997,57.0,561.6666666666666,40.5,1023.5833333333334,22.799999999999997,57.00000000000001,561.6666666666667,40.5,1023.5833333333334
2023-08-19 11:00:00,23.0,57.0,561.1666666666666,40.25,1023.3666666666667,23.0,57.00000000000001,561.1666666666667,40.25,1023.3666666666667
2023-08-19 12:00:00,23.108333333333334,56.166666666666664,555.9166666666666,41.166666666666664,1023.0166666666668,23.108333333333334,56.16666666666668,555.9166666666666,41.166666666666664,1023.0166666666668
2023-08-19 13:00:00,23.166666666666668,56.0,498.9166666666667,40.333333333333336,1022.8166666666666,23.166666666666668,56.000000000000014,498.91666666666663,40.333333333333336,1022.8166666666666
2023-08-19 14:00:00,23.28333333333333,56.0,473.25,40.333333333333336,1022.625,23.28333333333333,56.000000000000014,473.24999999999994,40.333333333333336,1022.625
2023-08-19 15:00:00,23.483333333333334,56.0,476.3333333333333,40.5,1021.9666666666667,23.483333333333334,56.000000000000014,476.33333333333326,40.5,1021.9666666666667
2023-08-19 16:00:00,23.327272727272728,56.54545454545455,511.3636363636364,54.45454545454545,1021.8272727272728,23.327272727272728,56.54545454545456,511.3636363636364,54.45454545454545,1021.8272727272728
2023-08-19 17:00:00,23.275000000000002,57.0,550.4166666666666,55.833333333333336,1021.4,23.275000000000002,57.000000000000014,550.4166666666666,55.83333333333334,1021.4
2023-08-19 18:00:00,23.441666666666666,57.916666666666664,502.75,41.166666666666664,1021.1666666666666,23.441666666666666,57.91666666666667,502.74999999999994,41.166666666666664,1021.1666666666666
2023-08-19 19:00:00,23.55,58.0,484.6666666666667,39.333333333333336,1020.9083333333333,23.55,58.00000000000001,484.66666666666663,39.333333333333336,1020.9083333333333
2023-08-19 20:00:00,23.71666666666667,58.0,491.5833333333333,39.75,1020.8000000000001,23.71666666666667,58.000000000000014,491.58333333333326,39.75,1020.8000000000001
2023-08-19 21:00:00,23.741666666666664,58.083333333333336,498.0,39.666666666666664,1020.6166666666667,23.741666666666664,58.08333333333335,497.99999999999994,39.666666666666664,1020.6166666666667
2023-08-19 22:00:00,23.608333333333334,59.0,492.1666666666667,38.666666666666664,1020.3666666666667,23.608333333333334,59.00000000000001,492.16666666666663,38.666666666666664,1020.3666666666667
2023-08-19 23:00:00,23.433333333333334,59.5,487.0,38.833333333333336,1019.9333333333334,23.433333333333334,59.50000000000001,486.99999999999994,38.833333333333336,1019.9333333333334
2023-08-20 00:00:00,23.5,60.0,488.0,38.583333333333336,1019.5166666666668,23.5,60.00000000000001,487.99999999999994,38.583333333333336,1019.5166666666668
2023-08-20 01:00:00,23.358333333333334,60.416666666666664,506.0833333333333,39.166666666666664,1018.9416666666666,23.358333333333334,60.41666666666667,506.08333333333326,39.166666666666664,1018.9416666666666
2023-08-20 02:00:00,23.625,61.0,555.3333333333334,39.583333333333336,1018.7333333333332,23.625,61.00000000000001,555.3333333333334,39.583333333333336,1018.7333333333332
2023-08-20 03:00:00,23.663636363636364,61.0,589.1818181818181,38.72727272727273,1018.4545454545455,23.663636363636364,61.00000000000001,589.1818181818181,38.72727272727273,1018.4545454545455
2023-08-20 04:00:00,23.55,61.416666666666664,572.5,39.5,1018.0749999999999,23.550000000000004,61.41666666666667,572.5000000000001,39.5,1018.0749999999999
2023-08-20 05:00:00,23.55,62.0,550.6666666666666,39.916666666666664,1017.6333333333333,23.550000000000004,62.00000000000001,550.6666666666665,39.916666666666664,1017.6333333333333
2023-08-20 06:00:00,23.825,61.166666666666664,565.3333333333334,39.0,1017.6750000000001,23.825,61.16666666666668,565.3333333333333,39.0,1017.6750000000001
2023-08-20 07:00:00,23.825,61.083333333333336,591.5,38.583333333333336,1017.8249999999999,23.825,61.08333333333335,591.5,38.583333333333336,1017.8249999999999
2023-08-20 08:00:00,23.891666666666666,62.0,584.9166666666666,38.083333333333336,1017.8583333333332,23.89166666666667,62.000000000000014,584.9166666666666,38.083333333333336,1017.8583333333332
2023-08-20 09:00:00,23.958333333333332,62.0,589.8333333333334,38.333333333333336,1017.7999999999998,23.958333333333336,62.000000000000014,589.8333333333334,38.333333333333336,1017.7999999999998
2023-08-20 10:00:00,24.0,62.833333333333336,596.4166666666666,38.333333333333336,1017.9833333333332,24.000000000000004,62.83333333333335,596.4166666666666,38.333333333333336,1017.9833333333332
2023-08-20 11:00:00,24.05,63.5,600.5833333333334,38.416666666666664,1018.1833333333334,24.050000000000004,63.500000000000014,600.5833333333334,38.416666666666664,1018.1833333333334
2023-08-20 12:00:00,24.0,63.916666666666664,595.9166666666666,38.5,1018.2083333333334,24.000000000000004,63.91666666666668,595.9166666666666,38.5,1018.2083333333334
2023-08-20 13:00:00,24.0,62.81818181818182,577.9090909090909,40.54545454545455,1018.4727272727273,24.000000000000004,62.818181818181834,577.9090909090909,40.54545454545455,1018.4727272727273
2023-08-20 14:00:00,24.066666666666666,61.416666666666664,530.5,39.0,1018.5583333333334,24.06666666666667,61.41666666666668,530.4999999999999,39.0,1018.5583333333334
2023-08-20 15:00:00,23.941666666666666,60.166666666666664,509.3333333333333,39.0,1018.4666666666667,23.941666666666666,60.16666666666668,509.33333333333326,39.0,1018.4666666666667
2023-08-20 16:00:00,23.88333333333333,60.0,506.0833333333333,39.333333333333336,1018.2583333333333,23.88333333333333,60.000000000000014,506.0833333333333,39.33333333333333,1018.2583333333333
2023-08-20 17:00:00,23.924999999999997,60.0,506.8333333333333,38.583333333333336,1017.8416666666667,23.924999999999997,60.000000000000014,506.8333333333333,38.58333333333333,1017.8416666666667
2023-08-20 18:00:00,24.0,60.0,507.1666666666667,38.333333333333336,1017.525,24.0,60.000000000000014,507.16666666666663,38.333333333333336,1017.525
2023-08-20 19:00:00,23.941666666666666,59.75,506.4166666666667,39.833333333333336,1017.3833333333333,23.941666666666666,59.750000000000014,506.41666666666663,39.833333333333336,1017.3833333333333
2023-08-20 20:00:00,23.808333333333334,59.0,512.5833333333334,40.083333333333336,1017.4916666666667,23.808333333333334,59.000000000000014,512.5833333333334,40.083333333333336,1017.4916666666667
2023-08-20 21:00:00,23.708333333333332,59.0,512.75,38.833333333333336,1017.5749999999999,23.708333333333332,59.00000000000001,512.75,38.833333333333336,1017.5749999999999
2023-08-20 22:00:00,23.6,58.81818181818182,500.27272727272725,38.81818181818182,1017.4909090909091,23.6,58.81818181818183,500.2727272727272,38.81818181818182,1017.4909090909091
2023-08-20 23:00:00,23.53333333333333,58.0,491.5833333333333,38.083333333333336,1017.5333333333333,23.53333333333333,58.00000000000001,491.58333333333326,38.083333333333336,1017.5333333333333
2023-08-21 00:00:00,23.433333333333334,58.0,487.4166666666667,37.916666666666664,1017.2583333333333,23.433333333333334,58.00000000000001,487.41666666666663,37.916666666666664,1017.2583333333333
2023-08-21 01:00:00,23.391666666666666,58.0,492.25,38.0,1016.8000000000001,23.391666666666666,58.00000000000001,492.24999999999994,38.0,1016.8000000000001
2023-08-21 02:00:00,23.3,58.0,486.1666666666667,37.333333333333336,1016.5333333333333,23.3,58.00000000000001,486.16666666666663,37.33333333333333,1016.5333333333333
2023-08-21 03:00:00,23.150000000000002,58.0,491.9166666666667,37.583333333333336,1016.225,23.150000000000002,58.00000000000001,491.91666666666663,37.583333333333336,1016.225
2023-08-21 04:00:00,23.025000000000002,57.833333333333336,485.5,37.25,1015.8416666666667,23.025000000000002,57.833333333333336,485.49999999999994,37.24999999999999,1015.8416666666667
2023-08-21 05:00:00,22.891666666666666,57.916666666666664,472.5,37.583333333333336,1015.6583333333333,22.891666666666666,57.916666666666664,472.49999999999994,37.583333333333336,1015.6583333333333
2023-08-21 06:00:00,22.858333333333334,58.0,476.75,37.666666666666664,1015.4583333333334,22.858333333333334,58.0,476.74999999999994,37.666666666666664,1015.4583333333334
2023-08-21 07:00:00,22.89090909090909,58.0,478.54545454545456,38.72727272727273,1015.3272727272728,22.89090909090909,58.0,478.5454545454545,38.72727272727273,1015.3272727272728
2023-08-21 08:00:00,22.899999999999995,58.0,479.3333333333333,38.416666666666664,1015.5083333333333,22.899999999999995,58.0,479.33333333333326,38.416666666666664,1015.5083333333333
2023-08-21 09:00:00,22.899999999999995,58.0,480.25,38.25,1015.6416666666668,22.899999999999995,58.0,480.24999999999994,38.25,1015.6416666666668
2023-08-21 10:00:00,23.358333333333334,57.833333333333336,492.4166666666667,38.75,1015.7166666666667,23.358333333333334,57.83333333333334,492.41666666666663,38.75,1015.7166666666667
2023-08-21 11:00:00,23.891666666666666,57.0,503.75,38.25,1015.725,23.891666666666666,57.00000000000002,503.74999999999994,38.24999999999999,1015.725
2023-08-21 12:00:00,23.991666666666664,56.166666666666664,510.3333333333333,39.083333333333336,1015.7833333333333,23.991666666666664,56.166666666666686,510.33333333333326,39.08333333333333,1015.7833333333333
2023-08-21 13:00:00,24.05,56.0,503.3333333333333,39.083333333333336,1015.9583333333334,24.05,56.00000000000002,503.33333333333326,39.08333333333333,1015.9583333333334
2023-08-21 14:00:00,24.141666666666666,56.0,504.25,39.083333333333336,1016.0416666666666,24.141666666666666,56.00000000000002,504.24999999999994,39.08333333333333,1016.0416666666666
2023-08-21 15:00:00,24.1,55.72727272727273,501.6363636363636,39.54545454545455,1015.9272727272728,24.1,55.72727272727275,501.63636363636357,39.54545454545454,1015.9272727272728
2023-08-21 16:00:00,24.100000000000005,55.0,502.0,41.833333333333336,1015.7166666666667,24.100000000000005,55.00000000000002,501.99999999999994,41.833333333333336,1015.7166666666667
2023-08-21 17:00:00,24.108333333333334,55.0,502.3333333333333,39.333333333333336,1015.5166666666668,24.108333333333334,55.00000000000002,502.33333333333326,39.33333333333333,1015.5166666666668
2023-08-21 18:00:00,24.066666666666666,55.833333333333336,505.0,38.583333333333336,1015.4,24.066666666666666,55.83333333333336,504.99999999999994,38.58333333333333,1015.4
2023-08-21 19:00:00,23.974999999999998,56.0,505.0,39.083333333333336,1015.3000000000001,23.974999999999998,56.00000000000002,504.99999999999994,39.08333333333333,1015.3000000000001
2023-08-21 20:00:00,23.883333333333336,56.0,507.75,39.083333333333336,1015.3833333333333,23.883333333333336,56.00000000000002,507.74999999999994,39.08333333333333,1015.3833333333333
2023-08-21 21:00:00,23.683333333333334,56.0,504.0,38.5,1015.525,23.683333333333334,56.000000000000014,503.99999999999994,38.49999999999999,1015.525
2023-08-21 22:00:00,23.61666666666667,56.0,504.3333333333333,38.25,1015.6916666666666,23.61666666666667,56.000000000000014,504.33333333333326,38.24999999999999,1015.6916666666666
2023-08-21 23:00:00,23.491666666666664,56.166666666666664,507.1666666666667,38.833333333333336,1015.75,23.491666666666664,56.16666666666668,507.16666666666663,38.83333333333333,1015.75
2023-08-22 00:00:00,23.21818181818182,56.81818181818182,509.09090909090907,37.54545454545455,1015.7,23.21818181818182,56.818181818181834,509.090909090909,37.54545454545454,1015.7
2023-08-22 01:00:00,22.991666666666664,57.0,497.1666666666667,37.666666666666664,1015.5749999999999,22.991666666666664,57.00000000000001,497.16666666666663,37.66666666666666,1015.5749999999999
2023-08-22 02:00:00,22.8,57.0,488.3333333333333,38.25,1015.1916666666666,22.8,57.00000000000001,488.33333333333326,38.24999999999999,1015.1916666666666
2023-08-22 03:00:00,22.691666666666666,57.0,479.6666666666667,37.583333333333336,1014.875,22.691666666666666,57.00000000000001,479.66666666666663,37.58333333333333,1014.875
2023-08-22 04:00:00,22.53333333333333,57.0,480.0,37.416666666666664,1014.4666666666667,22.53333333333333,57.00000000000001,479.99999999999994,37.41666666666666,1014.4666666666667
2023-08-22 05:00:00,22.333333333333332,57.25,481.8333333333333,37.333333333333336,1014.4499999999999,22.333333333333332,57.25,481.83333333333326,37.33333333333333,1014.4499999999999
2023-08-22 06:00:00,22.224999999999998,58.0,478.75,38.416666666666664,1014.1750000000001,22.224999999999998,57.99999999999999,478.74999999999994,38.416666666666664,1014.1750000000001
2023-08-22 07:00:00,22.2,58.0,478.9166666666667,38.166666666666664,1014.1500000000001,22.2,57.99999999999999,478.91666666666663,38.166666666666664,1014.1500000000001
2023-08-22 08:00:00,22.30909090909091,58.0,473.45454545454544,38.36363636363637,1014.2,22.30909090909091,57.99999999999999,473.4545454545454,38.36363636363637,1014.2
2023-08-22 09:00:00,22.55,58.0,474.6666666666667,38.75,1014.2916666666666,22.55,58.0,474.66666666666663,38.75,1014.2916666666666
2023-08-22 10:00:00,22.825,58.0,474.25,38.333333333333336,1014.4083333333333,22.825,58.0,474.24999999999994,38.333333333333336,1014.4083333333333
2023-08-22 11:00:00,23.233333333333334,57.0,482.8333333333333,38.5,1014.4250000000001,23.233333333333334,57.000000000000014,482.83333333333326,38.49999999999999,1014.4250000000001
2023-08-22 12:00:00,23.441666666666666,56.25,488.25,39.166666666666664,1014.4416666666666,23.441666666666666,56.250000000000014,488.24999999999994,39.16666666666666,1014.4416666666666
2023-08-22 13:00:00,23.758333333333336,56.0,627.25,46.666666666666664,1014.375,23.758333333333333,56.00000000000002,627.2500000000001,46.666666666666664,1014.375
2023-08-22 14:00:00,24.083333333333332,54.833333333333336,660.5,42.583333333333336,1014.4833333333332,24.08333333333333,54.83333333333336,660.5000000000001,42.583333333333336,1014.4833333333332
2023-08-22 15:00:00,23.883333333333336,54.0,541.0,40.583333333333336,1014.6416666666668,23.883333333333336,54.00000000000002,541.0,40.58333333333333,1014.6416666666668
2023-08-22 16:00:00,23.8,54.0,497.9166666666667,39.333333333333336,1014.4333333333334,23.8,54.00000000000002,497.91666666666663,39.33333333333333,1014.4333333333334
2023-08-22 17:00:00,23.7,54.0,492.3636363636364,40.36363636363637,1014.5181818181819,23.7,54.000000000000014,492.3636363636363,40.36363636363636,1014.5181818181819
2023-08-22 18:00:00,23.758333333333336,55.166666666666664,535.6666666666666,41.166666666666664,1014.4833333333332,23.758333333333336,55.166666666666686,535.6666666666666,41.166666666666664,1014.4833333333332
2023-08-22 19:00:00,24.125,55.833333333333336,527.6666666666666,39.583333333333336,1014.375,24.125,55.83333333333336,527.6666666666666,39.58333333333333,1014.375
2023-08-22 20:00:00,24.224999999999998,55.833333333333336,553.9166666666666,40.25,1014.4333333333334,24.224999999999998,55.83333333333336,553.9166666666666,40.25,1014.4333333333334
2023-08-22 21:00:00,24.191666666666666,56.0,581.0,42.583333333333336,1014.5833333333334,24.191666666666666,56.00000000000002,581.0000000000001,42.583333333333336,1014.5833333333334
2023-08-22 22:00:00,23.96666666666667,56.0,574.9166666666666,49.083333333333336,1014.25,23.96666666666667,56.00000000000002,574.9166666666666,49.083333333333336,1014.25
2023-08-22 23:00:00,23.883333333333336,56.0,585.3333333333334,46.166666666666664,1014.1583333333333,23.883333333333336,56.00000000000002,585.3333333333335,46.166666666666664,1014.1583333333333
2023-08-23 00:00:00,23.741666666666664,56.833333333333336,564.9166666666666,45.416666666666664,1014.1,23.741666666666664,56.83333333333336,564.9166666666666,45.416666666666664,1014.1
2023-08-23 01:00:00,23.69090909090909,57.0,577.0,44.09090909090909,1013.8,23.69090909090909,57.000000000000014,577.0000000000001,44.09090909090909,1013.8
2023-08-23 02:00:00,23.541666666666668,57.0,544.0,42.333333333333336,1013.5416666666666,23.541666666666668,57.00000000000002,544.0,42.333333333333336,1013.5416666666666
2023-08-23 03:00:00,23.116666666666664,57.5,530.0,38.833333333333336,1013.3666666666667,23.116666666666664,57.50000000000002,530.0,38.833333333333336,1013.3666666666667
2023-08-23 04:00:00,21.90833333333333,60.0,478.1666666666667,37.25,1013.125,21.90833333333333,60.0,478.16666666666663,37.25,1013.125
2023-08-23 05:00:00,21.633333333333336,61.0,471.6666666666667,37.25,1012.8916666666665,21.633333333333336,60.99999999999999,471.66666666666663,37.25,1012.8916666666665
2023-08-23 06:00:00,21.53333333333333,62.0,470.3333333333333,37.916666666666664,1012.8416666666667,21.533333333333335,61.99999999999999,470.33333333333326,37.916666666666664,1012.8416666666667
2023-08-23 07:00:00,21.525000000000002,62.0,482.1666666666667,39.083333333333336,1012.8249999999999,21.525000000000006,61.99999999999999,482.16666666666663,39.083333333333336,1012.8249999999999
2023-08-23 08:00:00,22.55,61.333333333333336,500.0833333333333,41.333333333333336,1012.9499999999999,22.550000000000004,61.33333333333334,500.08333333333326,41.333333333333336,1012.9499999999999
2023-08-23 09:00:00,22.858333333333334,60.0,519.5833333333334,41.75,1013.0666666666666,22.858333333333334,60.00000000000001,519.5833333333334,41.75,1013.0666666666666
2023-08-23 10:00:00,23.12727272727273,59.18181818181818,508.6363636363636,40.0,1013.1818181818181,23.12727272727273,59.181818181818194,508.63636363636357,40.0,1013.1818181818181
2023-08-23 11:00:00,23.416666666666668,57.833333333333336,497.9166666666667,39.583333333333336,1013.3166666666666,23.416666666666668,57.83333333333335,497.91666666666663,39.583333333333336,1013.3166666666666
2023-08-23 12:00:00,23.566666666666666,57.0,493.9166666666667,39.5,1013.4333333333334,23.566666666666666,57.00000000000002,493.91666666666663,39.5,1013.4333333333334
2023-08-23 13:00:00,23.400000000000002,57.0,493.4166666666667,40.416666666666664,1013.25,23.400000000000002,57.00000000000002,493.41666666666663,40.416666666666664,1013.25
2023-08-23 14:00:00,23.383333333333336,58.166666666666664,526.3333333333334,40.75,1012.9916666666667,23.383333333333336,58.16666666666668,526.3333333333334,40.75,1012.9916666666667
2023-08-23 15:00:00,23.625,59.0,498.5833333333333,39.166666666666664,1012.7333333333332,23.625,59.000000000000014,498.58333333333326,39.166666666666664,1012.7333333333332
2023-08-23 16:00:00,23.599999999999998,58.166666666666664,494.5833333333333,39.333333333333336,1012.5166666666668,23.599999999999998,58.16666666666668,494.58333333333326,39.333333333333336,1012.5166666666668
2023-08-23 17:00:00,23.641666666666666,58.0,505.5,40.75,1012.375,23.641666666666666,58.000000000000014,505.49999999999994,40.75,1012.375
2023-08-23 18:00:00,23.608333333333334,58.25,496.75,41.666666666666664,1011.9666666666667,23.608333333333334,58.250000000000014,496.74999999999994,41.666666666666664,1011.9666666666667
2023-08-23 19:00:00,23.58181818181818,58.18181818181818,530.1818181818181,42.63636363636363,1011.8818181818181,23.58181818181818,58.181818181818194,530.1818181818181,42.63636363636363,1011.8818181818181
2023-08-23 20:00:00,23.291666666666668,58.916666666666664,525.5833333333334,41.0,1011.7166666666667,23.291666666666668,58.91666666666668,525.5833333333334,41.0,1011.7166666666667
2023-08-23 21:00:00,23.058333333333334,59.0,511.0833333333333,40.583333333333336,1011.7666666666668,23.058333333333334,59.00000000000001,511.08333333333326,40.583333333333336,1011.7666666666668
2023-08-23 22:00:00,22.90833333333333,60.0,504.4166666666667,38.666666666666664,1011.7083333333334,22.90833333333333,60.00000000000001,504.41666666666663,38.666666666666664,1011.7083333333334
2023-08-23 23:00:00,22.8,60.0,502.5833333333333,38.333333333333336,1011.6,22.8,60.00000000000001,502.58333333333326,38.333333333333336,1011.6
2023-08-24 00:00:00,22.483333333333334,60.0,491.0833333333333,38.833333333333336,1011.475,22.483333333333334,60.00000000000001,491.08333333333326,38.833333333333336,1011.475
2023-08-24 01:00:00,21.766666666666666,60.75,472.8333333333333,37.5,1011.3416666666667,21.766666666666666,60.74999999999999,472.83333333333326,37.5,1011.3416666666667
2023-08-24 02:00:00,21.333333333333332,61.0,464.0833333333333,37.5,1011.2666666666668,21.333333333333332,60.99999999999999,464.08333333333326,37.5,1011.2666666666668
2023-08-24 03:00:00,20.758333333333333,61.0,476.75,38.166666666666664,1011.2083333333334,20.758333333333333,60.999999999999986,476.75,38.166666666666664,1011.2083333333334
2023-08-24 04:00:00,20.136363636363637,61.0,514.8181818181819,37.45454545454545,1011.3545454545455,20.136363636363637,60.99999999999998,514.8181818181819,37.45454545454545,1011.3545454545455
2023-08-24 05:00:00,19.541666666666668,60.916666666666664,513.4166666666666,37.75,1011.4583333333334,19.541666666666664,60.916666666666636,513.4166666666666,37.75,1011.4583333333334
2023-08-24 06:00:00,19.266666666666666,61.416666666666664,508.3333333333333,37.916666666666664,1011.775,19.266666666666666,61.41666666666663,508.3333333333333,37.916666666666664,1011.775
2023-08-24 07:00:00,19.541666666666668,62.083333333333336,470.0833333333333,39.25,1012.0500000000001,19.541666666666668,62.08333333333331,470.0833333333333,39.25,1012.0500000000001
2023-08-24 08:00:00,19.925,62.75,464.25,38.666666666666664,1012.3000000000001,19.925,62.74999999999998,464.25,38.666666666666664,1012.3000000000001
2023-08-24 09:00:00,21.666666666666668,62.5,578.9166666666666,49.666666666666664,1012.7166666666667,21.66666666666667,62.49999999999999,578.9166666666667,49.66666666666667,1012.7166666666667
2023-08-24 10:00:00,22.96666666666667,62.833333333333336,556.9166666666666,40.916666666666664,1012.8833333333333,22.966666666666672,62.83333333333334,556.9166666666667,40.916666666666664,1012.8833333333333
2023-08-24 11:00:00,23.516666666666666,58.5,513.3333333333334,39.25,1012.9583333333334,23.516666666666666,58.500000000000014,513.3333333333334,39.25,1012.9583333333334
2023-08-24 12:00:00,23.91818181818182,56.36363636363637,567.6363636363636,42.63636363636363,1012.8,23.91818181818182,56.363636363636395,567.6363636363636,42.63636363636363,1012.8
2023-08-24 13:00:00,24.025000000000002,53.833333333333336,592.5833333333334,42.416666666666664,1012.8666666666667,24.025000000000002,53.833333333333364,592.5833333333335,42.416666666666664,1012.8666666666667
2023-08-24 14:00:00,23.933333333333334,52.25,616.4166666666666,43.166666666666664,1012.875,23.933333333333334,52.25000000000003,616.4166666666667,43.16666666666666,1012.875
2023-08-24 15:00:00,24.21666666666667,51.083333333333336,524.3333333333334,40.833333333333336,1012.8000000000001,24.21666666666667,51.083333333333364,524.3333333333334,40.83333333333333,1012.8000000000001
2023-08-24 16:00:00,24.099999999999998,50.5,507.3333333333333,39.416666666666664,1012.7833333333333,24.099999999999998,50.50000000000003,507.33333333333326,39.41666666666666,1012.7833333333333
2023-08-24 17:00:00,23.849999999999998,50.0,491.0,40.75,1012.7833333333333,23.849999999999998,50.00000000000003,491.0,40.74999999999999,1012.7833333333333
2023-08-24 18:00:00,23.59166666666667,50.5,490.5,40.0,1012.5666666666666,23.59166666666667,50.50000000000002,490.49999999999994,39.99999999999999,1012.5666666666666
2023-08-24 19:00:00,23.175,50.5,488.6666666666667,42.666666666666664,1012.2166666666667,23.175,50.50000000000002,488.6666666666667,42.66666666666666,1012.2166666666667
2023-08-24 20:00:00,22.5,51.416666666666664,475.25,42.833333333333336,1012.1999999999999,22.5,51.41666666666668,475.25,42.83333333333333,1012.1999999999999
2023-08-24 21:00:00,22.018181818181816,52.09090909090909,468.8181818181818,40.90909090909091,1012.2181818181817,22.018181818181816,52.0909090909091,468.81818181818176,40.9090909090909,1012.2181818181817
2023-08-24 22:00:00,21.575,53.666666666666664,487.5833333333333,38.75,1012.0916666666667,21.575,53.666666666666664,487.5833333333333,38.74999999999999,1012.0916666666667
2023-08-24 23:00:00,21.216666666666665,54.583333333333336,480.75,38.75,1011.975,21.216666666666665,54.583333333333336,480.75,38.74999999999999,1011.975
2023-08-25 00:00:00,20.916666666666668,55.583333333333336,503.25,39.333333333333336,1011.7833333333333,20.916666666666668,55.58333333333333,503.25,39.33333333333333,1011.7833333333333
2023-08-25 01:00:00,20.95,56.0,497.75,37.916666666666664,1011.3166666666666,20.95,55.99999999999999,497.75,37.91666666666666,1011.3166666666666
2023-08-25 02:00:00,20.925,56.0,459.0,37.916666666666664,1010.6583333333333,20.925,55.99999999999999,458.99999999999994,37.91666666666666,1010.6583333333333
2023-08-25 03:00:00,20.733333333333334,56.0,440.75,38.0,1010.3416666666667,20.733333333333334,55.99999999999999,440.74999999999994,37.99999999999999,1010.3416666666667
2023-08-25 04:00:00,20.6,56.333333333333336,439.5833333333333,38.666666666666664,1010.0083333333333,20.6,56.33333333333333,439.58333333333326,38.66666666666666,1010.0083333333333
2023-08-25 05:00:00,20.45,57.0,427.4166666666667,37.75,1009.3000000000001,20.45,56.999999999999986,427.41666666666663,37.74999999999999,1009.3000000000001
2023-08-25 06:00:00,20.40909090909091,58.0,429.27272727272725,39.45454545454545,1009.4454545454545,20.40909090909091,57.99999999999998,429.27272727272725,39.454545454545446,1009.4454545454545
2023-08-25 07:00:00,20.341666666666665,58.0,422.75,39.166666666666664,1008.65,20.341666666666665,57.99999999999998,422.75,39.16666666666666,1008.65
2023-08-25 08:00:00,20.61818181818182,57.90909090909091,409.1818181818182,39.27272727272727,1008.3909090909091,20.61818181818182,57.90909090909089,409.18181818181813,39.27272727272727,1008.3909090909091
2023-08-25 09:00:00,21.166666666666668,56.583333333333336,408.75,39.5,1008.3000000000001,21.166666666666668,56.58333333333333,408.74999999999994,39.5,1008.3000000000001
2023-08-25 10:00:00,21.066666666666666,54.833333333333336,402.75,39.75,1007.9499999999999,21.066666666666666,54.83333333333333,402.74999999999994,39.74999999999999,1007.9499999999999
2023-08-25 11:00:00,20.941666666666666,55.0,402.0833333333333,39.5,1007.6916666666666,20.941666666666666,54.99999999999999,402.08333333333326,39.49999999999999,1007.6916666666666
2023-08-25 12:00:00,21.083333333333332,55.0,397.5,40.0,1007.6500000000001,21.083333333333332,54.99999999999999,397.49999999999994,39.99999999999999,1007.6500000000001
2023-08-25 13:00:00,21.175,54.583333333333336,394.75,40.333333333333336,1007.7583333333333,21.175,54.58333333333333,394.74999999999994,40.33333333333333,1007.7583333333333
2023-08-25 14:00:00,20.833333333333332,54.0,388.8333333333333,40.833333333333336,1007.5749999999999,20.833333333333332,53.99999999999999,388.83333333333326,40.83333333333333,1007.5749999999999
2023-08-25 15:00:00,20.854545454545455,54.0,387.3636363636364,41.72727272727273,1007.3090909090909,20.854545454545455,53.99999999999999,387.3636363636363,41.72727272727272,1007.3090909090909
2023-08-25 16:00:00,20.85833333333333,54.25,390.9166666666667,40.25,1007.2083333333334,20.85833333333333,54.24999999999999,390.91666666666663,40.24999999999999,1007.2083333333334
2023-08-25 17:00:00,20.833333333333332,55.0,391.5833333333333,40.75,1007.225,20.833333333333332,54.99999999999999,391.58333333333326,40.74999999999999,1007.225
2023-08-25 18:00:00,21.0,55.083333333333336,451.5,46.416666666666664,1007.3333333333334,21.0,55.08333333333333,451.5,46.416666666666664,1007.3333333333334
2023-08-25 19:00:00,21.175,56.5,503.5833333333333,67.75,1007.1999999999999,21.175,56.49999999999999,503.58333333333337,67.75000000000001,1007.1999999999999
2023-08-25 20:00:00,20.541666666666668,57.0,423.0833333333333,44.25,1007.125,20.541666666666668,56.999999999999986,423.08333333333326,44.25,1007.125
2023-08-25 21:00:00,20.5,57.583333333333336,397.25,39.333333333333336,1007.3083333333334,20.5,57.58333333333332,397.24999999999994,39.333333333333336,1007.3083333333334
2023-08-25 22:00:00,20.474999999999998,58.333333333333336,391.0,38.916666666666664,1007.3083333333333,20.474999999999998,58.333333333333314,390.99999999999994,38.916666666666664,1007.3083333333333
2023-08-25 23:00:00,20.518181818181816,59.0,409.27272727272725,40.90909090909091,1007.3636363636364,20.518181818181816,58.99999999999998,409.2727272727272,40.90909090909091,1007.3636363636364
2023-08-26 00:00:00,20.85833333333333,59.916666666666664,449.3333333333333,42.25,1007.4499999999999,20.85833333333333,59.91666666666665,449.33333333333326,42.25,1007.4499999999999
2023-08-26 01:00:00,20.825,60.666666666666664,426.9166666666667,38.833333333333336,1007.1666666666666,20.825,60.66666666666665,426.91666666666663,38.833333333333336,1007.1666666666666
2023-08-26 02:00:00,20.833333333333332,61.0,416.75,38.666666666666664,1007.0916666666667,20.833333333333332,60.999999999999986,416.74999999999994,38.666666666666664,1007.0916666666667
2023-08-26 03:00:00,20.841666666666665,61.75,463.4166666666667,38.416666666666664,1007.1916666666667,20.84166666666667,61.749999999999986,463.41666666666663,38.416666666666664,1007.1916666666667
2023-08-26 04:00:00,20.625,62.5,445.0833333333333,37.166666666666664,1007.1750000000001,20.625000000000004,62.499999999999986,445.08333333333326,37.166666666666664,1007.1750000000001
2023-08-26 05:00:00,20.608333333333334,63.0,445.5833333333333,37.666666666666664,1007.1,20.608333333333338,62.999999999999986,445.58333333333326,37.666666666666664,1007.1
2023-08-26 06:00:00,20.658333333333335,63.0,443.5,37.75,1006.8416666666667,20.65833333333334,62.999999999999986,443.49999999999994,37.75,1006.8416666666667
2023-08-26 07:00:00,20.59166666666667,63.0,435.5833333333333,37.916666666666664,1007.3000000000001,20.591666666666672,62.999999999999986,435.58333333333326,37.916666666666664,1007.3000000000001
2023-08-26 08:00:00,20.554545454545455,63.0,447.3636363636364,37.90909090909091,1007.3181818181819,20.55454545454546,62.999999999999986,447.3636363636363,37.90909090909091,1007.3181818181819
2023-08-26 09:00:00,20.849999999999998,62.916666666666664,461.9166666666667,38.583333333333336,1007.2333333333332,20.85,62.91666666666665,461.91666666666663,38.583333333333336,1007.2333333333332
2023-08-26 10:00:00,21.216666666666665,62.0,460.5833333333333,39.166666666666664,1007.0833333333334,21.21666666666667,61.99999999999999,460.58333333333326,39.166666666666664,1007.0833333333334
2023-08-26 11:00:00,21.558333333333334,61.916666666666664,491.75,43.75,1007.275,21.558333333333337,61.91666666666666,491.75,43.75,1007.275
2023-08-26 12:00:00,21.96666666666667,61.083333333333336,471.5,43.416666666666664,1007.3833333333333,21.966666666666672,61.083333333333336,471.49999999999994,43.416666666666664,1007.3833333333333
2023-08-26 13:00:00,22.058333333333334,60.833333333333336,435.5,42.916666666666664,1007.4416666666666,22.058333333333334,60.833333333333336,435.49999999999994,42.916666666666664,1007.4416666666666
2023-08-26 14:00:00,21.599999999999998,61.416666666666664,435.0833333333333,41.833333333333336,1007.2916666666666,21.6,61.41666666666666,435.08333333333326,41.833333333333336,1007.2916666666666
2023-08-26 15:00:00,21.116666666666667,62.416666666666664,415.1666666666667,42.25,1006.6999999999999,21.11666666666667,62.41666666666665,415.16666666666663,42.25,1006.6999999999999
2023-08-26 16:00:00,20.833333333333332,63.0,413.3333333333333,42.333333333333336,1006.0583333333334,20.833333333333336,62.999999999999986,413.33333333333326,42.333333333333336,1006.0583333333334
2023-08-26 17:00:00,20.733333333333334,63.583333333333336,420.6666666666667,45.75,1005.775,20.733333333333338,63.58333333333332,420.66666666666663,45.75,1005.775
2023-08-26 18:00:00,20.525000000000002,64.66666666666667,430.0,42.166666666666664,1005.1083333333332,20.525000000000006,64.66666666666663,429.99999999999994,42.16666666666667,1005.1083333333332
2023-08-26 19:00:00,20.354545454545452,65.0909090909091,435.6363636363636,40.09090909090909,1004.5636363636364,20.354545454545455,65.09090909090907,435.63636363636357,40.0909090909091,1004.5636363636364
2023-08-26 20:00:00,20.099999999999998,66.0,419.3333333333333,40.25,1004.3666666666667,20.1,65.99999999999997,419.33333333333326,40.25000000000001,1004.3666666666667
2023-08-26 21:00:00,19.908333333333335,66.0,406.0833333333333,40.833333333333336,1004.1750000000001,19.908333333333335,65.99999999999997,406.08333333333326,40.83333333333334,1004.1750000000001
2023-08-26 22:00:00,19.533333333333335,65.91666666666667,398.5,41.416666666666664,1003.6583333333333,19.533333333333335,65.91666666666663,398.49999999999994,41.41666666666667,1003.6583333333333
2023-08-26 23:00:00,19.375,66.0,394.5833333333333,41.416666666666664,1002.8249999999999,19.375,65.99999999999997,394.58333333333326,41.41666666666667,1002.8249999999999
2023-08-27 00:00:00,19.383333333333333,66.0,393.8333333333333,41.5,1002.8416666666667,19.383333333333333,65.99999999999997,393.83333333333326,41.50000000000001,1002.8416666666667
2023-08-27 01:00:00,19.383333333333333,66.0,388.0,42.0,1002.7416666666667,19.383333333333333,65.99999999999997,387.99999999999994,42.00000000000001,1002.7416666666667
2023-08-27 02:00:00,19.224999999999998,66.0,386.6666666666667,41.916666666666664,1002.6166666666667,19.224999999999998,65.99999999999997,386.66666666666663,41.91666666666667,1002.6166666666667
2023-08-27 03:00:00,18.875,66.0,396.0833333333333,42.0,1002.5583333333334,18.875,65.99999999999997,396.08333333333326,42.00000000000001,1002.5583333333334
2023-08-27 04:00:00,18.808333333333334,66.0,390.75,42.0,1002.3416666666667,18.808333333333334,65.99999999999997,390.74999999999994,42.00000000000001,1002.3416666666667
2023-08-27 05:00:00,18.841666666666665,66.66666666666667,387.5833333333333,41.333333333333336,1002.0749999999999,18.841666666666665,66.66666666666663,387.58333333333326,41.33333333333334,1002.0749999999999
2023-08-27 06:00:00,18.990909090909092,67.0,387.45454545454544,41.18181818181818,1002.1363636363636,18.990909090909092,66.99999999999997,387.4545454545454,41.18181818181819,1002.1363636363636
2023-08-27 07:00:00,18.891666666666666,68.0,378.9166666666667,41.0,1002.4583333333334,18.891666666666666,67.99999999999997,378.91666666666663,41.00000000000001,1002.4583333333334
2023-08-27 08:00:00,18.375,68.66666666666667,364.8333333333333,41.333333333333336,1002.6166666666667,18.375,68.66666666666663,364.83333333333326,41.33333333333335,1002.6166666666667
2023-08-27 09:00:00,18.48333333333333,68.75,359.3333333333333,40.916666666666664,1002.9416666666666,18.48333333333333,68.74999999999997,359.33333333333326,40.91666666666667,1002.9416666666666
2023-08-27 10:00:00,19.333333333333332,66.33333333333333,369.0833333333333,40.916666666666664,1003.5083333333333,19.333333333333332,66.33333333333329,369.08333333333326,40.91666666666667,1003.5083333333333
2023-08-27 11:00:00,19.599999999999998,63.0,367.0,42.166666666666664,1004.025,19.599999999999998,62.99999999999997,366.99999999999994,42.16666666666667,1004.025
2023-08-27 12:00:00,19.658333333333335,61.333333333333336,367.8333333333333,42.416666666666664,1004.1,19.658333333333335,61.33333333333331,367.83333333333326,42.41666666666667,1004.1
2023-08-27 13:00:00,19.925,59.75,370.5833333333333,42.5,1004.35,19.924999999999997,59.74999999999998,370.58333333333326,42.50000000000001,1004.35
2023-08-27 14:00:00,19.558333333333334,59.25,369.0833333333333,42.416666666666664,1004.6333333333333,19.55833333333333,59.24999999999997,369.08333333333326,42.41666666666667,1004.6333333333333
2023-08-27 15:00:00,19.608333333333334,59.0,371.8333333333333,45.0,1004.625,19.60833333333333,58.99999999999997,371.83333333333326,45.00000000000001,1004.625
2023-08-27 16:00:00,19.472727272727273,59.0,365.8181818181818,45.18181818181818,1004.8,19.47272727272727,58.99999999999997,365.81818181818176,45.18181818181819,1004.8
2023-08-27 17:00:00,19.516666666666666,58.333333333333336,366.0,43.25,1004.8499999999999,19.516666666666662,58.33333333333331,365.99999999999994,43.25000000000001,1004.8499999999999
2023-08-27 18:00:00,19.849999999999998,57.0,371.5,42.083333333333336,1004.9250000000001,19.849999999999994,56.99999999999998,371.49999999999994,42.08333333333334,1004.9250000000001
2023-08-27 19:00:00,20.1,57.583333333333336,373.0,42.333333333333336,1005.125,20.1,57.58333333333332,372.99999999999994,42.33333333333334,1005.125
2023-08-27 20:00:00,20.108333333333334,58.0,382.1666666666667,41.416666666666664,1005.1166666666667,20.108333333333334,57.99999999999998,382.16666666666663,41.41666666666667,1005.1166666666667
2023-08-27 21:00:00,19.958333333333332,58.0,389.3333333333333,39.916666666666664,1005.2416666666667,19.95833333333333,57.99999999999998,389.33333333333326,39.91666666666667,1005.2416666666667
2023-08-27 22:00:00,19.591666666666665,58.416666666666664,398.75,39.416666666666664,1005.1500000000001,19.59166666666666,58.416666666666636,398.74999999999994,39.41666666666667,1005.1500000000001
2023-08-27 23:00:00,19.40833333333333,59.75,386.4166666666667,38.916666666666664,1005.0749999999999,19.408333333333328,59.74999999999997,386.41666666666663,38.91666666666667,1005.0749999999999
2023-08-28 00:00:00,19.341666666666665,60.666666666666664,387.9166666666667,38.333333333333336,1004.9666666666667,19.34166666666666,60.666666666666636,387.91666666666663,38.33333333333334,1004.9666666666667
2023-08-28 01:00:00,19.133333333333333,61.0,393.6666666666667,38.25,1004.6916666666666,19.13333333333333,60.999999999999964,393.66666666666663,38.25000000000001,1004.6916666666666
2023-08-28 02:00:00,18.85833333333333,61.083333333333336,402.25,39.25,1004.375,18.858333333333327,61.0833333333333,402.24999999999994,39.25000000000001,1004.375
2023-08-28 03:00:00,18.990909090909092,61.09090909090909,394.09090909090907,41.63636363636363,1004.2181818181817,18.990909090909092,61.09090909090906,394.090909090909,41.63636363636364,1004.2181818181817
2023-08-28 04:00:00,18.958333333333332,61.833333333333336,403.5833333333333,40.25,1004.1083333333332,18.958333333333332,61.8333333333333,403.58333333333326,40.25000000000001,1004.1083333333332
2023-08-28 05:00:00,18.833333333333332,62.0,418.3333333333333,40.833333333333336,1003.9250000000001,18.833333333333332,61.999999999999964,418.33333333333326,40.83333333333334,1003.9250000000001
2023-08-28 06:00:00,18.883333333333333,62.666666666666664,391.6666666666667,40.75,1003.8416666666667,18.883333333333333,62.66666666666663,391.66666666666663,40.75000000000001,1003.8416666666667
2023-08-28 07:00:00,18.974999999999998,63.0,388.8333333333333,41.333333333333336,1003.9916666666667,18.974999999999998,62.999999999999964,388.83333333333326,41.33333333333334,1003.9916666666667
2023-08-28 08:00:00,18.991666666666667,64.0,391.4166666666667,42.25,1004.1833333333334,18.991666666666667,63.99999999999997,391.41666666666663,42.25000000000001,1004.1833333333334
2023-08-28 09:00:00,19.066666666666666,64.0,391.5,39.583333333333336,1004.2083333333334,19.066666666666666,63.99999999999997,391.49999999999994,39.58333333333334,1004.2083333333334
2023-08-28 10:00:00,19.11818181818182,64.0,374.0,39.36363636363637,1004.2090909090911,19.11818181818182,63.99999999999997,373.99999999999994,39.363636363636374,1004.2090909090911
2023-08-28 11:00:00,19.45,64.0,370.8333333333333,39.5,1004.3083333333334,19.45,63.99999999999997,370.83333333333326,39.50000000000001,1004.3083333333334
2023-08-28 12:00:00,20.125,63.666666666666664,376.4166666666667,39.083333333333336,1004.3249999999999,20.125000000000004,63.66666666666664,376.41666666666663,39.08333333333334,1004.3249999999999
2023-08-28 13:00:00,20.6,62.166666666666664,379.1666666666667,40.583333333333336,1004.375,20.600000000000005,62.16666666666665,379.16666666666663,40.58333333333334,1004.375
2023-08-28 14:00:00,20.79090909090909,60.54545454545455,380.90909090909093,41.72727272727273,1004.3818181818181,20.79090909090909,60.54545454545453,380.9090909090908,41.727272727272734,1004.3818181818181
2023-08-28 15:00:00,20.941666666666666,58.583333333333336,385.5,43.25,1004.5666666666666,20.941666666666666,58.58333333333332,385.49999999999994,43.25000000000001,1004.5666666666666
2023-08-28 16:00:00,21.0,57.416666666666664,388.0,42.5,1004.7666666666668,21.0,57.41666666666666,387.99999999999994,42.50000000000001,1004.7666666666668
2023-08-28 17:00:00,20.825,56.916666666666664,387.8333333333333,42.416666666666664,1004.9083333333333,20.825,56.91666666666666,387.83333333333326,42.41666666666667,1004.9083333333333
2023-08-28 18:00:00,20.808333333333334,56.0,390.5833333333333,41.833333333333336,1005.1,20.808333333333334,55.99999999999999,390.58333333333326,41.83333333333334,1005.1
2023-08-28 19:00:00,20.683333333333334,56.333333333333336,390.6666666666667,42.166666666666664,1005.3583333333332,20.683333333333334,56.33333333333333,390.66666666666663,42.16666666666667,1005.3583333333332
2023-08-28 20:00:00,20.516666666666666,57.0,433.9166666666667,48.0,1005.5916666666667,20.516666666666666,56.999999999999986,433.9166666666667,48.0,1005.5916666666667
2023-08-28 21:00:00,21.325,57.0,510.0833333333333,48.25,1005.8083333333333,21.325,57.0,510.08333333333337,48.25,1005.8083333333333
2023-08-28 22:00:00,21.241666666666667,57.0,420.8333333333333,40.5,1005.6416666666668,21.241666666666667,57.0,420.83333333333326,40.5,1005.6416666666668
2023-08-28 23:00:00,20.858333333333334,57.666666666666664,408.5833333333333,38.833333333333336,1005.7083333333334,20.858333333333334,57.66666666666665,408.58333333333326,38.833333333333336,1005.7083333333334
2023-08-29 00:00:00,20.683333333333334,58.75,402.4166666666667,38.666666666666664,1005.7416666666667,20.683333333333334,58.749999999999986,402.41666666666663,38.666666666666664,1005.7416666666667
2023-08-29 01:00:00,20.481818181818184,59.0,399.54545454545456,39.45454545454545,1005.5636363636364,20.481818181818184,58.99999999999998,399.5454545454545,39.45454545454545,1005.5636363636364
2023-08-29 02:00:00,20.291666666666668,59.166666666666664,397.75,38.166666666666664,1005.25,20.291666666666668,59.16666666666664,397.74999999999994,38.16666666666667,1005.25
2023-08-29 03:00:00,20.150000000000002,60.0,399.4166666666667,38.416666666666664,1005.4583333333334,20.150000000000002,59.99999999999998,399.41666666666663,38.41666666666667,1005.4583333333334
2023-08-29 04:00:00,20.033333333333335,60.0,397.5833333333333,38.5,1005.6,20.033333333333335,59.99999999999998,397.58333333333326,38.5,1005.6
2023-08-29 05:00:00,19.883333333333333,59.75,393.1666666666667,39.333333333333336,1005.6166666666667,19.88333333333333,59.74999999999997,393.16666666666663,39.333333333333336,1005.6166666666667
2023-08-29 06:00:00,19.741666666666667,59.0,392.8333333333333,39.166666666666664,1005.7666666666668,19.741666666666664,58.99999999999997,392.83333333333326,39.166666666666664,1005.7666666666668
2023-08-29 07:00:00,20.108333333333334,58.916666666666664,395.4166666666667,39.833333333333336,1006.0749999999999,20.108333333333334,58.91666666666664,395.41666666666663,39.833333333333336,1006.0749999999999
2023-08-29 08:00:00,20.641666666666666,58.0,398.0833333333333,39.833333333333336,1006.5166666666668,20.641666666666666,57.999999999999986,398.08333333333326,39.833333333333336,1006.5166666666668
2023-08-29 09:00:00,21.133333333333333,56.75,395.8333333333333,40.583333333333336,1006.3166666666666,21.133333333333333,56.74999999999999,395.83333333333326,40.583333333333336,1006.3166666666666
2023-08-29 10:00:00,21.40833333333333,55.0,400.75,39.75,1006.4333333333334,21.40833333333333,55.0,400.74999999999994,39.74999999999999,1006.4333333333334
2023-08-29 11:00:00,21.650000000000002,52.75,397.0,40.083333333333336,1006.6416666666668,21.650000000000002,52.75,396.9999999999999,40.08333333333333,1006.6416666666668
2023-08-29 12:00:00,21.78181818181818,51.09090909090909,399.3636363636364,40.54545454545455,1006.8727272727273,21.78181818181818,51.09090909090909,399.36363636363626,40.54545454545454,1006.8727272727273
2023-08-29 13:00:00,21.608333333333334,50.0,397.75,40.0,1007.0583333333334,21.608333333333334,50.0,397.74999999999994,39.99999999999999,1007.0583333333334
2023-08-29 14:00:00,21.61666666666667,50.25,391.9166666666667,40.333333333333336,1007.1666666666666,21.61666666666667,50.25,391.91666666666663,40.33333333333333,1007.1666666666666
2023-08-29 15:00:00,21.2,50.833333333333336,391.5,41.0,1007.3000000000001,21.2,50.833333333333336,391.5,40.99999999999999,1007.3000000000001
2023-08-29 16:00:00,21.3,51.0,392.9166666666667,44.416666666666664,1007.1999999999999,21.3,51.0,392.9166666666667,44.41666666666666,1007.1999999999999
2023-08-29 17:00:00,21.400000000000002,51.0,394.3333333333333,42.0,1007.2416666666667,21.400000000000002,51.0,394.33333333333326,41.99999999999999,1007.2416666666667
2023-08-29 18:00:00,21.40833333333333,52.333333333333336,396.6666666666667,41.833333333333336,1007.2083333333334,21.40833333333333,52.333333333333336,396.66666666666663,41.83333333333333,1007.2083333333334
2023-08-29 19:00:00,21.375,53.0,396.6666666666667,41.916666666666664,1007.275,21.375,53.0,396.66666666666663,41.91666666666666,1007.275
2023-08-29 20:00:00,21.208333333333332,53.0,402.25,41.833333333333336,1007.2833333333333,21.208333333333332,53.0,402.25,41.833333333333336,1007.2833333333333
2023-08-29 21:00:00,20.925,53.0,396.9166666666667,42.25,1007.1833333333334,20.925,52.99999999999999,396.9166666666667,42.25,1007.1833333333334
2023-08-29 22:00:00,20.658333333333335,53.5,411.4166666666667,42.833333333333336,1007.0500000000001,20.658333333333335,53.49999999999999,411.41666666666663,42.833333333333336,1007.0500000000001
2023-08-29 23:00:00,20.37272727272727,54.0,412.3636363636364,41.36363636363637,1006.9181818181819,20.37272727272727,53.999999999999986,412.3636363636363,41.36363636363636,1006.9181818181819
2023-08-30 00:00:00,20.075,54.0,410.75,38.666666666666664,1006.8333333333334,20.075,53.999999999999986,410.74999999999994,38.66666666666666,1006.8333333333334
2023-08-30 01:00:00,19.775000000000002,54.333333333333336,398.0,39.333333333333336,1006.5333333333333,19.775,54.333333333333314,397.99999999999994,39.33333333333333,1006.5333333333333
2023-08-30 02:00:00,19.7,55.25,393.3333333333333,38.166666666666664,1006.25,19.699999999999996,55.24999999999998,393.33333333333326,38.16666666666666,1006.25
2023-08-30 03:00:00,19.683333333333334,56.0,391.1666666666667,38.416666666666664,1006.1416666666668,19.68333333333333,55.99999999999998,391.16666666666663,38.41666666666666,1006.1416666666668
2023-08-30 04:00:00,19.6,56.0,394.75,38.416666666666664,1006.0083333333333,19.599999999999998,55.99999999999998,394.74999999999994,38.41666666666666,1006.0083333333333
2023-08-30 05:00:00,19.5,56.0,396.8333333333333,39.666666666666664,1005.8333333333334,19.499999999999996,55.99999999999998,396.83333333333326,39.66666666666666,1005.8333333333334
2023-08-30 06:00:00,19.416666666666668,56.0,393.5,39.5,1005.7333333333332,19.416666666666664,55.99999999999998,393.49999999999994,39.49999999999999,1005.7333333333332
2023-08-30 07:00:00,19.4,57.0,393.8333333333333,39.833333333333336,1005.6,19.399999999999995,56.99999999999998,393.83333333333326,39.833333333333336,1005.6
2023-08-30 08:00:00,19.55,57.583333333333336,399.6666666666667,40.083333333333336,1005.6916666666667,19.549999999999997,57.583333333333314,399.66666666666663,40.083333333333336,1005.6916666666667
2023-08-30 09:00:00,20.075,58.0,391.4166666666667,39.833333333333336,1005.8416666666667,20.075,57.99999999999998,391.41666666666663,39.833333333333336,1005.8416666666667
2023-08-30 10:00:00,20.599999999999998,58.0,392.09090909090907,39.63636363636363,1005.9,20.599999999999998,57.999999999999986,392.090909090909,39.63636363636363,1005.9
2023-08-30 11:00:00,20.966666666666665,57.416666666666664,389.6666666666667,39.333333333333336,1005.8333333333334,20.966666666666665,57.41666666666666,389.66666666666663,39.333333333333336,1005.8333333333334
2023-08-30 12:00:00,21.241666666666667,56.25,389.9166666666667,40.916666666666664,1005.8083333333333,21.241666666666667,56.25,389.9166666666666,40.916666666666664,1005.8083333333333
2023-08-30 13:00:00,21.483333333333334,55.333333333333336,397.9166666666667,39.583333333333336,1005.9833333333332,21.483333333333334,55.333333333333336,397.91666666666663,39.58333333333333,1005.9833333333332
2023-08-30 14:00:00,21.608333333333334,55.0,400.5,39.333333333333336,1005.9666666666667,21.608333333333334,55.0,400.49999999999994,39.33333333333333,1005.9666666666667
2023-08-30 15:00:00,21.7,54.5,399.6666666666667,40.166666666666664,1005.8166666666666,21.7,54.5,399.6666666666666,40.16666666666666,1005.8166666666666
2023-08-30 16:00:00,21.766666666666666,53.916666666666664,400.1666666666667,41.916666666666664,1005.75,21.766666666666666,53.916666666666664,400.1666666666666,41.91666666666666,1005.75
2023-08-30 17:00:00,21.88333333333333,53.916666666666664,409.3333333333333,43.75,1005.7166666666667,21.88333333333333,53.91666666666667,409.3333333333333,43.75,1005.7166666666667
2023-08-30 18:00:00,21.941666666666666,54.0,424.5,44.25,1005.6916666666667,21.941666666666666,54.00000000000001,424.5,44.25,1005.6916666666667
2023-08-30 19:00:00,21.95,54.666666666666664,438.0833333333333,43.666666666666664,1005.7666666666668,21.95,54.66666666666667,438.08333333333326,43.666666666666664,1005.7666666666668
2023-08-30 20:00:00,21.849999999999998,55.0,445.0833333333333,41.833333333333336,1005.9250000000001,21.849999999999998,55.00000000000001,445.08333333333326,41.833333333333336,1005.9250000000001
2023-08-30 21:00:00,21.536363636363635,54.36363636363637,448.0,41.27272727272727,1006.1545454545455,21.536363636363635,54.36363636363637,447.99999999999994,41.272727272727266,1006.1545454545455
2023-08-30 22:00:00,21.0,54.0,457.0833333333333,41.083333333333336,1006.2916666666666,21.0,53.99999999999999,457.08333333333326,41.08333333333333,1006.2916666666666
2023-08-30 23:00:00,20.433333333333334,54.0,461.9166666666667,41.166666666666664,1006.1333333333333,20.433333333333334,53.999999999999986,461.9166666666667,41.16666666666666,1006.1333333333333
2023-08-31 00:00:00,20.133333333333336,54.0,483.0,42.083333333333336,1006.0,20.133333333333336,53.999999999999986,483.0,42.083333333333336,1006.0
2023-08-31 01:00:00,19.133333333333333,55.333333333333336,484.0,39.0,1005.8666666666667,19.13333333333333,55.33333333333331,484.0,38.99999999999999,1005.8666666666667
2023-08-31 02:00:00,18.325,56.583333333333336,480.6666666666667,38.916666666666664,1005.7833333333333,18.324999999999996,56.5833333333333,480.6666666666667,38.91666666666666,1005.7833333333333
2023-08-31 03:00:00,17.525000000000002,58.25,444.9166666666667,37.666666666666664,1005.7083333333334,17.525,58.24999999999995,444.9166666666667,37.666666666666664,1005.7083333333334
2023-08-31 04:00:00,17.333333333333332,59.333333333333336,430.25,37.833333333333336,1005.6500000000001,17.33333333333333,59.33333333333328,430.25,37.833333333333336,1005.6500000000001
2023-08-31 05:00:00,17.25,60.166666666666664,429.5,38.416666666666664,1005.6333333333333,17.249999999999996,60.16666666666661,429.5,38.416666666666664,1005.6333333333333
2023-08-31 06:00:00,17.25,61.083333333333336,422.25,38.25,1005.525,17.249999999999996,61.08333333333328,422.25,38.25000000000001,1005.525
2023-08-31 07:00:00,17.763636363636365,62.0,424.3636363636364,39.45454545454545,1005.5272727272727,17.763636363636365,61.99999999999995,424.3636363636364,39.45454545454546,1005.5272727272727
2023-08-31 08:00:00,18.525000000000002,62.0,416.0,39.583333333333336,1005.7833333333333,18.525000000000002,61.99999999999996,415.99999999999994,39.583333333333336,1005.7833333333333
2023-08-31 09:00:00,19.341666666666665,61.833333333333336,454.1666666666667,38.666666666666664,1005.9416666666666,19.341666666666665,61.83333333333331,454.1666666666667,38.666666666666664,1005.9416666666666
2023-08-31 10:00:00,20.433333333333334,60.75,540.5833333333334,38.583333333333336,1006.1416666666668,20.433333333333334,60.74999999999998,540.5833333333334,38.583333333333336,1006.1416666666668
2023-08-31 11:00:00,21.224999999999998,58.416666666666664,529.0833333333334,38.916666666666664,1006.0583333333334,21.224999999999998,58.41666666666666,529.0833333333335,38.916666666666664,1006.0583333333334
2023-08-31 12:00:00,21.791666666666668,56.5,571.8333333333334,39.25,1005.9166666666666,21.791666666666668,56.5,571.8333333333335,39.25,1005.9166666666666
2023-08-31 13:00:00,22.391666666666666,56.083333333333336,534.3333333333334,42.083333333333336,1005.75,22.391666666666666,56.08333333333334,534.3333333333334,42.083333333333336,1005.75
2023-08-31 14:00:00,23.03333333333333,54.5,563.4166666666666,52.583333333333336,1005.7333333333332,23.03333333333333,54.500000000000014,563.4166666666667,52.583333333333336,1005.7333333333332
2023-08-31 15:00:00,23.458333333333332,53.166666666666664,587.4166666666666,48.0,1005.6833333333334,23.458333333333332,53.166666666666686,587.4166666666667,48.0,1005.6833333333334
2023-08-31 16:00:00,23.45,51.833333333333336,520.6666666666666,45.25,1005.6500000000001,23.45,51.83333333333336,520.6666666666666,45.25,1005.6500000000001
2023-08-31 17:00:00,23.40833333333333,50.0,466.1666666666667,46.666666666666664,1005.8666666666667,23.40833333333333,50.00000000000002,466.1666666666667,46.666666666666664,1005.8666666666667
2023-08-31 18:00:00,23.099999999999998,49.0,436.27272727272725,45.09090909090909,1005.9181818181819,23.099999999999998,49.00000000000002,436.27272727272725,45.090909090909086,1005.9181818181819
2023-08-31 19:00:00,22.775000000000002,49.833333333333336,432.5833333333333,45.166666666666664,1005.9083333333333,22.775000000000002,49.83333333333335,432.5833333333333,45.16666666666666,1005.9083333333333
2023-08-31 20:00:00,22.166666666666668,51.333333333333336,446.0833333333333,44.333333333333336,1005.9833333333332,22.166666666666668,51.33333333333334,446.0833333333333,44.33333333333333,1005.9833333333332
2023-08-31 21:00:00,21.55,52.0,490.3333333333333,44.166666666666664,1006.125,21.55,52.0,490.33333333333337,44.16666666666666,1006.125
2023-08-31 22:00:00,23.016666666666666,51.083333333333336,633.9166666666666,42.583333333333336,1006.3416666666667,23.016666666666662,51.08333333333335,633.9166666666667,42.58333333333333,1006.3416666666667
2023-08-31 23:00:00,23.7,50.0,694.9166666666666,40.916666666666664,1006.5666666666666,23.699999999999996,50.00000000000002,694.9166666666667,40.91666666666666,1006.5666666666666
2023-09-01 00:00:00,23.8,48.5,671.3333333333334,39.0,1006.6750000000001,23.799999999999997,48.50000000000003,671.3333333333335,38.99999999999999,1006.6750000000001
2023-09-01 01:00:00,23.599999999999998,47.583333333333336,666.5,38.666666666666664,1006.6999999999999,23.599999999999994,47.58333333333336,666.5000000000001,38.66666666666666,1006.6999999999999
2023-09-01 02:00:00,23.46666666666667,47.0,736.0,44.166666666666664,1006.8499999999999,23.466666666666665,47.00000000000002,736.0000000000002,44.16666666666666,1006.8499999999999
2023-09-01 03:00:00,23.583333333333332,46.0,808.75,43.5,1006.9083333333333,23.58333333333333,46.00000000000002,808.7500000000002,43.49999999999999,1006.9083333333333
2023-09-01 04:00:00,23.65833333333333,46.666666666666664,905.5833333333334,37.583333333333336,1006.9333333333334,23.658333333333328,46.666666666666686,905.5833333333336,37.58333333333333,1006.9333333333334
2023-09-01 05:00:00,23.44545454545454,47.0,857.6363636363636,37.09090909090909,1007.0636363636364,23.445454545454538,47.00000000000002,857.6363636363639,37.090909090909086,1007.0636363636364
2023-09-01 06:00:00,23.308333333333334,46.416666666666664,807.6666666666666,37.083333333333336,1007.15,23.30833333333333,46.416666666666686,807.6666666666669,37.08333333333333,1007.15
2023-09-01 07:00:00,23.28333333333333,46.25,821.6666666666666,37.333333333333336,1007.3916666666665,23.283333333333328,46.25000000000002,821.6666666666669,37.33333333333333,1007.3916666666665
2023-09-01 08:00:00,23.2,47.0,829.25,37.25,1007.6416666666668,23.199999999999996,47.00000000000002,829.2500000000002,37.24999999999999,1007.6416666666668
2023-09-01 09:00:00,23.333333333333332,48.416666666666664,854.5833333333334,37.5,1007.9,23.33333333333333,48.416666666666686,854.5833333333336,37.49999999999999,1007.9
2023-09-01 10:00:00,23.566666666666666,49.833333333333336,827.0,40.083333333333336,1008.125,23.566666666666663,49.83333333333336,827.0000000000002,40.08333333333333,1008.125
2023-09-01 11:00:00,24.016666666666666,49.083333333333336,550.9166666666666,42.583333333333336,1008.2666666666668,24.016666666666666,49.083333333333364,550.9166666666666,42.58333333333333,1008.2666666666668
2023-09-01 12:00:00,24.241666666666664,48.166666666666664,502.5,41.666666666666664,1008.3499999999999,24.241666666666664,48.16666666666669,502.5,41.66666666666666,1008.3499999999999
2023-09-01 13:00:00,24.266666666666666,49.0,583.3333333333334,41.833333333333336,1008.5083333333333,24.266666666666666,49.00000000000003,583.3333333333335,41.83333333333333,1008.5083333333333
2023-09-01 14:00:00,24.308333333333334,49.333333333333336,575.3333333333334,43.0,1008.8000000000001,24.308333333333334,49.333333333333364,575.3333333333334,42.99999999999999,1008.8000000000001
2023-09-01 15:00:00,24.40833333333333,51.083333333333336,605.5,44.75,1009.025,24.40833333333333,51.08333333333337,605.5000000000001,44.74999999999999,1009.025
2023-09-01 16:00:00,24.372727272727275,54.18181818181818,590.3636363636364,45.63636363636363,1009.3545454545455,24.372727272727275,54.181818181818215,590.3636363636365,45.63636363636363,1009.3545454545455
2023-09-01 17:00:00,24.00833333333333,54.083333333333336,552.0833333333334,43.333333333333336,1009.4,24.00833333333333,54.083333333333364,552.0833333333334,43.333333333333336,1009.4
2023-09-01 18:00:00,23.833333333333332,54.083333333333336,501.6666666666667,43.833333333333336,1009.5166666666668,23.833333333333332,54.083333333333364,501.66666666666663,43.833333333333336,1009.5166666666668
2023-09-01 19:00:00,23.683333333333334,53.916666666666664,489.75,46.916666666666664,1009.9916666666667,23.683333333333334,53.916666666666686,489.75,46.916666666666664,1009.9916666666667
2023-09-01 20:00:00,23.508333333333336,53.0,497.0833333333333,46.75,1010.5916666666667,23.508333333333336,53.00000000000002,497.0833333333333,46.75,1010.5916666666667
2023-09-01 21:00:00,23.275000000000002,52.833333333333336,520.0833333333334,45.0,1011.0666666666666,23.275000000000002,52.83333333333336,520.0833333333334,45.0,1011.0666666666666
2023-09-01 22:00:00,22.96666666666667,51.75,536.5833333333334,39.333333333333336,1011.3416666666667,22.96666666666667,51.750000000000014,536.5833333333334,39.33333333333333,1011.3416666666667
2023-09-01 23:00:00,22.566666666666666,50.666666666666664,540.3333333333334,38.5,1011.5416666666666,22.566666666666666,50.66666666666668,540.3333333333334,38.49999999999999,1011.5416666666666
2023-09-02 00:00:00,22.125,50.0,545.4166666666666,38.0,1011.7833333333333,22.125,50.00000000000001,545.4166666666667,37.99999999999999,1011.7833333333333
2023-09-02 01:00:00,21.766666666666666,49.5,533.4166666666666,37.75,1011.975,21.766666666666666,49.5,533.4166666666667,37.74999999999999,1011.975
2023-09-02 02:00:00,21.583333333333332,50.0,527.4166666666666,38.666666666666664,1012.1,21.583333333333332,50.0,527.4166666666667,38.66666666666666,1012.1
2023-09-02 03:00:00,21.37272727272727,49.72727272727273,524.0,37.45454545454545,1012.2727272727273,21.37272727272727,49.72727272727273,524.0000000000001,37.454545454545446,1012.2727272727273
2023-09-02 04:00:00,21.275000000000002,50.0,517.5833333333334,37.333333333333336,1012.3249999999999,21.275000000000002,50.0,517.5833333333334,37.33333333333333,1012.3249999999999
2023-09-02 05:00:00,20.95,50.0,527.9166666666666,37.583333333333336,1012.4499999999999,20.95,49.99999999999999,527.9166666666667,37.58333333333333,1012.4499999999999
2023-09-02 06:00:00,20.658333333333335,50.0,516.5,38.166666666666664,1012.6833333333334,20.658333333333335,49.99999999999999,516.5000000000001,38.16666666666666,1012.6833333333334
2023-09-02 07:00:00,20.5,50.0,505.25,37.833333333333336,1013.2083333333334,20.5,49.999999999999986,505.25,37.83333333333333,1013.2083333333334
2023-09-02 08:00:00,21.191666666666666,50.0,484.8333333333333,37.833333333333336,1013.6500000000001,21.191666666666666,50.0,484.8333333333333,37.83333333333333,1013.6500000000001
2023-09-02 09:00:00,22.141666666666666,48.916666666666664,468.0833333333333,38.833333333333336,1013.9666666666667,22.141666666666666,48.916666666666664,468.0833333333333,38.83333333333333,1013.9666666666667
2023-09-02 10:00:00,22.641666666666666,47.583333333333336,455.9166666666667,38.916666666666664,1014.2583333333333,22.641666666666666,47.58333333333334,455.9166666666667,38.91666666666666,1014.2583333333333
2023-09-02 11:00:00,23.05,46.833333333333336,470.0833333333333,38.5,1014.3416666666667,23.05,46.83333333333334,470.0833333333333,38.49999999999999,1014.3416666666667
2023-09-02 12:00:00,23.416666666666668,45.666666666666664,468.9166666666667,39.0,1014.525,23.416666666666668,45.66666666666668,468.9166666666667,38.99999999999999,1014.525
2023-09-02 13:00:00,23.666666666666668,44.333333333333336,474.25,39.583333333333336,1014.4916666666667,23.666666666666668,44.33333333333336,474.25,39.58333333333333,1014.4916666666667
2023-09-02 14:00:00,23.772727272727273,44.0,466.54545454545456,39.63636363636363,1014.5363636363636,23.772727272727273,44.00000000000003,466.54545454545456,39.636363636363626,1014.5363636363636
2023-09-02 15:00:00,23.833333333333332,43.166666666666664,468.5,40.083333333333336,1014.6999999999999,23.833333333333332,43.16666666666669,468.5,40.08333333333333,1014.6999999999999
2023-09-02 16:00:00,23.991666666666664,44.0,473.5833333333333,38.666666666666664,1014.8333333333334,23.991666666666664,44.00000000000003,473.5833333333333,38.66666666666666,1014.8333333333334
2023-09-02 17:00:00,23.958333333333332,43.75,469.3333333333333,38.666666666666664,1014.8916666666665,23.958333333333332,43.75000000000003,469.3333333333333,38.66666666666666,1014.8916666666665
2023-09-02 18:00:00,23.825,44.0,466.9166666666667,39.166666666666664,1015.1,23.825,44.00000000000003,466.9166666666667,39.16666666666666,1015.1
2023-09-02 19:00:00,23.724999999999998,44.666666666666664,475.75,40.666666666666664,1015.1583333333333,23.724999999999998,44.66666666666669,475.75,40.66666666666666,1015.1583333333333
2023-09-02 20:00:00,23.458333333333332,46.416666666666664,493.5833333333333,38.583333333333336,1015.6083333333332,23.458333333333332,46.41666666666668,493.5833333333333,38.58333333333333,1015.6083333333332
2023-09-02 21:00:00,23.133333333333336,47.0,508.5,39.083333333333336,1016.0083333333333,23.133333333333336,47.000000000000014,508.5,39.08333333333333,1016.0083333333333
2023-09-02 22:00:00,22.825,47.0,523.1666666666666,38.416666666666664,1016.3416666666667,22.825,47.00000000000001,523.1666666666666,38.41666666666666,1016.3416666666667
2023-09-02 23:00:00,22.53333333333333,47.0,521.3333333333334,38.416666666666664,1016.6750000000001,22.53333333333333,47.00000000000001,521.3333333333334,38.41666666666666,1016.6750000000001
2023-09-03 00:00:00,22.366666666666664,47.0,507.6666666666667,38.333333333333336,1017.0166666666668,22.366666666666664,47.0,507.66666666666674,38.33333333333333,1017.0166666666668
2023-09-03 01:00:00,22.3,47.81818181818182,489.72727272727275,38.54545454545455,1016.8454545454545,22.3,47.81818181818182,489.72727272727275,38.54545454545454,1016.8454545454545
2023-09-03 02:00:00,22.208333333333332,48.0,476.9166666666667,38.083333333333336,1016.7333333333332,22.208333333333332,48.0,476.9166666666667,38.08333333333333,1016.7333333333332
2023-09-03 03:00:00,22.15833333333333,48.0,479.9166666666667,39.0,1017.2833333333333,22.15833333333333,48.0,479.9166666666667,38.99999999999999,1017.2833333333333
2023-09-03 04:00:00,22.2,48.0,467.0,37.833333333333336,1017.1583333333333,22.2,48.0,467.0,37.83333333333333,1017.1583333333333
2023-09-03 05:00:00,22.108333333333334,47.25,463.75,38.0,1017.5666666666666,22.108333333333334,47.25,463.75,37.99999999999999,1017.5666666666666
2023-09-03 06:00:00,22.008333333333336,47.0,464.4166666666667,38.0,1017.6666666666666,22.008333333333336,47.0,464.4166666666667,37.99999999999999,1017.6666666666666
2023-09-03 07:00:00,21.95,46.083333333333336,464.0,38.0,1018.025,21.95,46.083333333333336,464.0,37.99999999999999,1018.025
2023-09-03 08:00:00,21.899999999999995,46.666666666666664,471.3333333333333,37.75,1018.3166666666666,21.899999999999995,46.666666666666664,471.3333333333333,37.74999999999999,1018.3166666666666
2023-09-03 09:00:00,22.05,47.666666666666664,469.1666666666667,37.916666666666664,1018.6083333333332,22.05,47.666666666666664,469.1666666666667,37.91666666666666,1018.6083333333332
2023-09-03 10:00:00,22.25,48.333333333333336,460.25,38.916666666666664,1018.8916666666665,22.25,48.333333333333336,460.25,38.91666666666666,1018.8916666666665
2023-09-03 11:00:00,22.575,49.583333333333336,465.3333333333333,38.333333333333336,1019.0416666666666,22.575,49.58333333333334,465.33333333333326,38.33333333333333,1019.0416666666666
2023-09-03 12:00:00,22.80909090909091,49.81818181818182,467.90909090909093,38.81818181818182,1019.5,22.80909090909091,49.81818181818183,467.9090909090909,38.81818181818181,1019.5
2023-09-03 13:00:00,22.974999999999998,48.25,467.3333333333333,39.75,1019.4250000000001,22.974999999999998,48.25000000000001,467.3333333333333,39.74999999999999,1019.4250000000001
2023-09-03 14:00:00,23.100000000000005,47.083333333333336,468.0833333333333,39.0,1019.6583333333333,23.100000000000005,47.08333333333335,468.0833333333333,38.99999999999999,1019.6583333333333
2023-09-03 15:00:00,23.141666666666666,47.0,465.75,38.916666666666664,1020.0666666666666,23.141666666666666,47.000000000000014,465.75,38.91666666666666,1020.0666666666666
2023-09-03 16:00:00,23.175,47.833333333333336,463.9166666666667,40.5,1020.275,23.175,47.83333333333335,463.9166666666667,40.49999999999999,1020.275
2023-09-03 17:00:00,23.2,48.333333333333336,462.75,40.25,1019.9583333333334,23.2,48.33333333333335,462.75,40.24999999999999,1019.9583333333334
2023-09-03 18:00:00,23.2,49.666666666666664,463.25,38.416666666666664,1019.5916666666667,23.2,49.66666666666668,463.24999999999994,38.41666666666666,1019.5916666666667
2023-09-03 19:00:00,23.2,51.333333333333336,473.6666666666667,38.416666666666664,1019.2166666666667,23.2,51.33333333333335,473.66666666666663,38.41666666666666,1019.2166666666667
2023-09-03 20:00:00,23.2,52.583333333333336,470.3333333333333,40.083333333333336,1019.1833333333334,23.2,52.58333333333335,470.33333333333326,40.08333333333333,1019.1833333333334
2023-09-03 21:00:00,23.208333333333332,53.583333333333336,475.5833333333333,38.583333333333336,1019.2916666666666,23.208333333333332,53.58333333333335,475.58333333333326,38.58333333333333,1019.2916666666666
2023-09-03 22:00:00,23.2,54.416666666666664,474.0,37.916666666666664,1018.9916666666667,23.2,54.41666666666668,473.99999999999994,37.91666666666666,1018.9916666666667
2023-09-03 23:00:00,23.2,55.0,474.54545454545456,37.90909090909091,1019.3363636363637,23.2,55.000000000000014,474.5454545454545,37.9090909090909,1019.3363636363637
2023-09-04 00:00:00,23.2,55.75,478.5833333333333,37.916666666666664,1018.9916666666667,23.2,55.750000000000014,478.58333333333326,37.91666666666666,1018.9916666666667
2023-09-04 01:00:00,23.2,56.0,488.5833333333333,37.5,1019.2583333333333,23.2,56.000000000000014,488.58333333333326,37.49999999999999,1019.2583333333333
2023-09-04 02:00:00,23.2,56.0,481.0833333333333,37.583333333333336,1019.5166666666668,23.2,56.000000000000014,481.08333333333326,37.58333333333333,1019.5166666666668
2023-09-04 03:00:00,23.11666666666667,56.0,482.0833333333333,38.416666666666664,1019.5916666666667,23.11666666666667,56.000000000000014,482.08333333333326,38.41666666666666,1019.5916666666667
2023-09-04 04:00:00,23.066666666666666,56.0,485.75,37.416666666666664,1019.725,23.066666666666666,56.00000000000001,485.74999999999994,37.41666666666666,1019.725
2023-09-04 05:00:00,22.958333333333332,56.0,485.6666666666667,38.083333333333336,1020.1666666666666,22.958333333333332,56.00000000000001,485.66666666666663,38.08333333333333,1020.1666666666666
2023-09-04 06:00:00,22.858333333333334,56.0,487.9166666666667,38.166666666666664,1020.3000000000001,22.858333333333334,56.00000000000001,487.91666666666663,38.16666666666666,1020.3000000000001
2023-09-04 07:00:00,22.875,56.5,489.3333333333333,39.5,1020.4916666666667,22.875,56.50000000000001,489.33333333333326,39.5,1020.4916666666667
2023-09-04 08:00:00,23.058333333333334,57.0,491.4166666666667,39.25,1021.0916666666667,23.058333333333334,57.00000000000001,491.41666666666663,39.25,1021.0916666666667
2023-09-04 09:00:00,23.7,57.0,506.25,38.333333333333336,1021.3166666666666,23.7,57.000000000000014,506.24999999999994,38.33333333333333,1021.3166666666666
2023-09-04 10:00:00,24.40909090909091,56.36363636363637,515.0,38.81818181818182,1021.2818181818183,24.40909090909091,56.363636363636395,515.0,38.81818181818181,1021.2818181818183
2023-09-04 11:00:00,24.84166666666667,55.25,524.5,38.416666666666664,1021.1916666666666,24.84166666666667,55.25000000000003,524.5,38.41666666666666,1021.1916666666666
2023-09-04 12:00:00,25.075000000000003,53.583333333333336,528.8333333333334,38.666666666666664,1021.1083333333335,25.075000000000003,53.58333333333337,528.8333333333334,38.66666666666666,1021.1083333333335
2023-09-04 13:00:00,25.100000000000005,53.0,546.8333333333334,40.5,1020.8583333333332,25.100000000000005,53.000000000000036,546.8333333333334,40.49999999999999,1020.8583333333332
2023-09-04 14:00:00,25.05,53.666666666666664,611.3333333333334,45.833333333333336,1020.8083333333333,25.05,53.6666666666667,611.3333333333335,45.833333333333336,1020.8083333333333
2023-09-04 15:00:00,24.84166666666667,54.166666666666664,570.8333333333334,40.666666666666664,1020.5916666666667,24.84166666666667,54.16666666666669,570.8333333333334,40.66666666666666,1020.5916666666667
2023-09-04 16:00:00,24.525000000000002,56.0,627.4166666666666,44.25,1020.525,24.525,56.00000000000003,627.4166666666667,44.25,1020.525
2023-09-04 17:00:00,24.991666666666664,56.416666666666664,698.5833333333334,43.833333333333336,1019.9250000000001,24.99166666666666,56.4166666666667,698.5833333333335,43.833333333333336,1019.9250000000001
2023-09-04 18:00:00,24.633333333333336,56.166666666666664,553.3333333333334,46.166666666666664,1019.75,24.633333333333336,56.16666666666669,553.3333333333334,46.166666666666664,1019.75
2023-09-04 19:00:00,24.083333333333332,57.0,539.0833333333334,46.333333333333336,1019.375,24.083333333333332,57.00000000000002,539.0833333333334,46.333333333333336,1019.375
2023-09-04 20:00:00,23.858333333333334,57.0,535.6666666666666,42.083333333333336,1019.3249999999999,23.858333333333334,57.00000000000002,535.6666666666666,42.083333333333336,1019.3249999999999
2023-09-04 21:00:00,23.518181818181816,57.63636363636363,514.0909090909091,40.63636363636363,1019.1909090909091,23.518181818181816,57.63636363636364,514.0909090909091,40.63636363636363,1019.1909090909091
2023-09-04 22:00:00,23.241666666666664,58.0,507.75,39.416666666666664,1019.1083333333335,23.241666666666664,58.00000000000001,507.74999999999994,39.416666666666664,1019.1083333333335
2023-09-04 23:00:00,22.875,58.833333333333336,505.0833333333333,38.5,1018.875,22.875,58.833333333333336,505.08333333333326,38.5,1018.875
2023-09-05 00:00:00,22.40833333333333,59.833333333333336,483.0,37.666666666666664,1018.5583333333334,22.40833333333333,59.83333333333333,482.99999999999994,37.666666666666664,1018.5583333333334
2023-09-05 01:00:00,22.46666666666667,60.0,478.4166666666667,37.916666666666664,1018.225,22.46666666666667,60.0,478.41666666666663,37.916666666666664,1018.225
2023-09-05 02:00:00,22.75,59.166666666666664,530.5833333333334,37.916666666666664,1018.0749999999999,22.75,59.166666666666664,530.5833333333334,37.916666666666664,1018.0749999999999
2023-09-05 03:00:00,22.25,59.416666666666664,477.0833333333333,38.916666666666664,1017.7583333333333,22.25,59.41666666666666,477.08333333333326,38.916666666666664,1017.7583333333333
2023-09-05 04:00:00,22.166666666666668,59.25,467.9166666666667,41.0,1017.5416666666666,22.166666666666668,59.24999999999999,467.91666666666663,41.0,1017.5416666666666
2023-09-05 05:00:00,22.2,59.0,505.0833333333333,37.916666666666664,1017.2166666666667,22.2,58.99999999999999,505.0833333333333,37.916666666666664,1017.2166666666667
2023-09-05 06:00:00,22.191666666666666,58.166666666666664,511.5,37.75,1017.1833333333334,22.191666666666666,58.16666666666666,511.5,37.75,1017.1833333333334
2023-09-05 07:00:00,22.541666666666668,58.0,548.25,38.5,1017.275,22.541666666666668,58.0,548.2500000000001,38.5,1017.275
2023-09-05 08:00:00,23.0,57.90909090909091,577.6363636363636,38.36363636363637,1017.4636363636364,23.0,57.90909090909091,577.6363636363637,38.36363636363637,1017.4636363636364
2023-09-05 09:00:00,23.46666666666667,56.916666666666664,546.25,38.666666666666664,1017.6750000000001,23.46666666666667,56.91666666666668,546.25,38.666666666666664,1017.6750000000001
2023-09-05 10:00:00,23.958333333333332,56.0,554.0833333333334,38.666666666666664,1018.0333333333333,23.958333333333332,56.00000000000002,554.0833333333334,38.66666666666666,1018.0333333333333
2023-09-05 11:00:00,24.191666666666666,55.0,555.1666666666666,38.583333333333336,1017.9166666666666,24.191666666666666,55.00000000000002,555.1666666666666,38.58333333333333,1017.9166666666666
2023-09-05 12:00:00,24.608333333333334,54.416666666666664,584.5833333333334,44.666666666666664,1017.8249999999999,24.608333333333334,54.41666666666669,584.5833333333334,44.666666666666664,1017.8249999999999
2023-09-05 13:00:00,25.15833333333333,53.0,653.75,46.916666666666664,1017.875,25.158333333333328,53.000000000000036,653.7500000000001,46.916666666666664,1017.875
2023-09-05 14:00:00,25.191666666666666,52.166666666666664,674.6666666666666,45.833333333333336,1017.8666666666667,25.191666666666663,52.1666666666667,674.6666666666667,45.833333333333336,1017.8666666666667
2023-09-05 15:00:00,25.058333333333334,51.0,552.8333333333334,41.833333333333336,1017.75,25.058333333333334,51.000000000000036,552.8333333333334,41.83333333333333,1017.75
2023-09-05 16:00:00,24.675,52.0,559.8333333333334,50.75,1017.5833333333334,24.675,52.00000000000003,559.8333333333334,50.75,1017.5833333333334
2023-09-05 17:00:00,24.61666666666667,52.416666666666664,567.9166666666666,46.666666666666664,1017.5416666666666,24.61666666666667,52.41666666666669,567.9166666666666,46.666666666666664,1017.5416666666666
2023-09-05 18:00:00,24.875,53.333333333333336,699.75,50.0,1017.225,24.874999999999996,53.333333333333364,699.7500000000001,50.0,1017.225
2023-09-05 19:00:00,25.11818181818182,54.0,613.3636363636364,48.45454545454545,1017.4636363636364,25.11818181818182,54.000000000000036,613.3636363636365,48.45454545454545,1017.4636363636364
2023-09-05 20:00:00,24.833333333333332,54.583333333333336,544.3333333333334,45.916666666666664,1018.0083333333333,24.833333333333332,54.583333333333364,544.3333333333334,45.916666666666664,1018.0083333333333
2023-09-05 21:00:00,24.058333333333334,55.666666666666664,517.9166666666666,44.666666666666664,1018.5333333333333,24.058333333333334,55.666666666666686,517.9166666666666,44.666666666666664,1018.5333333333333
2023-09-05 22:00:00,23.825,56.0,538.25,42.166666666666664,1018.8416666666667,23.825,56.00000000000002,538.25,42.166666666666664,1018.8416666666667
2023-09-05 23:00:00,22.741666666666664,56.0,534.1666666666666,43.166666666666664,1019.3000000000001,22.741666666666664,56.00000000000001,534.1666666666666,43.166666666666664,1019.3000000000001
2023-09-06 00:00:00,21.733333333333334,55.75,519.75,43.416666666666664,1019.7333333333332,21.733333333333334,55.74999999999999,519.75,43.416666666666664,1019.7333333333332
2023-09-06 01:00:00,22.008333333333336,54.916666666666664,620.4166666666666,42.083333333333336,1020.4583333333334,22.008333333333333,54.916666666666664,620.4166666666667,42.083333333333336,1020.4583333333334
2023-09-06 02:00:00,23.058333333333334,53.416666666666664,866.5,37.5,1021.1416666666668,23.05833333333333,53.41666666666667,866.5000000000002,37.49999999999999,1021.1416666666668
2023-09-06 03:00:00,23.433333333333334,53.0,817.1666666666666,37.666666666666664,1021.75,23.43333333333333,53.000000000000014,817.1666666666669,37.66666666666666,1021.75
2023-09-06 04:00:00,23.633333333333336,53.0,783.0,37.083333333333336,1022.5749999999999,23.633333333333333,53.000000000000014,783.0000000000002,37.08333333333333,1022.5749999999999
2023-09-06 05:00:00,23.7,53.0,752.9166666666666,37.083333333333336,1023.375,23.699999999999996,53.000000000000014,752.9166666666669,37.08333333333333,1023.375
2023-09-06 06:00:00,23.7,52.45454545454545,733.5454545454545,37.36363636363637,1023.9272727272728,23.699999999999996,52.45454545454547,733.5454545454546,37.36363636363636,1023.9272727272728
2023-09-06 07:00:00,23.675,51.25,733.0,38.0,1024.625,23.674999999999997,51.250000000000014,733.0000000000001,37.99999999999999,1024.625
2023-09-06 08:00:00,23.59166666666667,50.083333333333336,742.5,37.75,1025.175,23.591666666666665,50.08333333333335,742.5000000000002,37.74999999999999,1025.175
2023-09-06 09:00:00,23.5,49.416666666666664,719.75,37.75,1025.7583333333334,23.499999999999996,49.41666666666668,719.7500000000001,37.74999999999999,1025.7583333333334
2023-09-06 10:00:00,23.46666666666667,49.75,608.1666666666666,40.083333333333336,1026.1333333333334,23.46666666666667,49.750000000000014,608.1666666666667,40.08333333333333,1026.1333333333334
2023-09-06 11:00:00,23.650000000000002,51.666666666666664,605.0,44.166666666666664,1026.6666666666667,23.650000000000002,51.66666666666668,605.0000000000001,44.16666666666666,1026.6666666666667
2023-09-06 12:00:00,24.441666666666666,51.666666666666664,744.1666666666666,47.5,1026.9083333333335,24.441666666666663,51.66666666666669,744.1666666666667,47.5,1026.9083333333335
2023-09-06 13:00:00,24.71666666666667,50.666666666666664,648.9166666666666,41.916666666666664,1026.9833333333333,24.716666666666665,50.66666666666669,648.9166666666667,41.91666666666666,1026.9833333333333
2023-09-06 14:00:00,24.566666666666666,50.0,555.1666666666666,40.583333333333336,1026.95,24.566666666666666,50.00000000000003,555.1666666666666,40.58333333333333,1026.95
2023-09-06 15:00:00,24.600000000000005,50.0,562.4166666666666,41.5,1026.6083333333333,24.600000000000005,50.00000000000003,562.4166666666666,41.49999999999999,1026.6083333333333
2023-09-06 16:00:00,24.53333333333333,50.5,528.6666666666666,39.5,1026.4416666666668,24.53333333333333,50.50000000000003,528.6666666666666,39.49999999999999,1026.4416666666668
2023-09-06 17:00:00,24.363636363636363,51.0,502.1818181818182,38.18181818181818,1026.5727272727272,24.363636363636363,51.00000000000003,502.18181818181813,38.18181818181817,1026.5727272727272
2023-09-06 18:00:00,24.21666666666667,51.5,500.25,38.916666666666664,1026.5166666666667,24.21666666666667,51.50000000000002,500.24999999999994,38.91666666666666,1026.5166666666667
2023-09-06 19:00:00,24.333333333333332,52.0,585.5833333333334,46.083333333333336,1026.5249999999999,24.333333333333332,52.00000000000002,585.5833333333335,46.083333333333336,1026.5249999999999
2023-09-06 20:00:00,24.53333333333333,52.333333333333336,531.0833333333334,42.333333333333336,1026.6833333333334,24.53333333333333,52.333333333333364,531.0833333333334,42.33333333333333,1026.6833333333334
2023-09-06 21:00:00,24.600000000000005,53.0,535.8333333333334,37.666666666666664,1026.7833333333333,24.600000000000005,53.00000000000003,535.8333333333334,37.66666666666666,1026.7833333333333
2023-09-06 22:00:00,24.53333333333333,53.583333333333336,550.0,38.833333333333336,1026.6583333333333,24.53333333333333,53.583333333333364,550.0,38.83333333333333,1026.6583333333333
2023-09-06 23:00:00,24.491666666666664,54.0,563.25,37.5,1026.7583333333334,24.491666666666664,54.00000000000003,563.25,37.49999999999999,1026.7583333333334
2023-09-07 00:00:00,24.40833333333333,54.0,571.5,37.666666666666664,1026.6666666666667,24.40833333333333,54.00000000000003,571.5,37.66666666666666,1026.6666666666667
2023-09-07 01:00:00,24.399999999999995,53.5,576.6666666666666,37.166666666666664,1026.5916666666665,24.399999999999995,53.50000000000003,576.6666666666666,37.16666666666666,1026.5916666666665
2023-09-07 02:00:00,24.399999999999995,53.0,570.6666666666666,37.166666666666664,1026.6166666666666,24.399999999999995,53.00000000000003,570.6666666666666,37.16666666666666,1026.6166666666666
2023-09-07 03:00:00,24.308333333333334,52.25,594.75,37.75,1026.6083333333333,24.308333333333334,52.25000000000002,594.7500000000001,37.74999999999999,1026.6083333333333
2023-09-07 04:00:00,24.218181818181815,52.0,598.2727272727273,37.18181818181818,1026.5454545454545,24.218181818181815,52.00000000000002,598.2727272727274,37.18181818181817,1026.5454545454545
2023-09-07 05:00:00,24.183333333333334,51.416666666666664,579.1666666666666,37.25,1026.5583333333334,24.183333333333334,51.416666666666686,579.1666666666666,37.24999999999999,1026.5583333333334
2023-09-07 06:00:00,24.100000000000005,52.0,571.0833333333334,37.416666666666664,1026.7250000000001,24.100000000000005,52.00000000000002,571.0833333333334,37.41666666666666,1026.7250000000001
2023-09-07 07:00:00,24.100000000000005,52.0,550.0,37.5,1027.0166666666667,24.100000000000005,52.00000000000002,550.0,37.49999999999999,1027.0166666666667
2023-09-07 08:00:00,24.100000000000005,53.0,530.75,37.5,1027.2166666666667,24.100000000000005,53.00000000000002,530.75,37.49999999999999,1027.2166666666667
2023-09-07 09:00:00,24.141666666666666,53.916666666666664,526.5,37.25,1027.5416666666667,24.141666666666666,53.916666666666686,526.5,37.24999999999999,1027.5416666666667
2023-09-07 10:00:00,24.233333333333334,54.833333333333336,519.25,39.166666666666664,1027.45,24.233333333333334,54.83333333333336,519.25,39.16666666666666,1027.45
2023-09-07 11:00:00,24.3,55.333333333333336,509.25,38.333333333333336,1027.5,24.3,55.33333333333336,509.24999999999994,38.33333333333333,1027.5
2023-09-07 12:00:00,24.3,56.0,501.5833333333333,37.666666666666664,1027.5166666666667,24.3,56.00000000000002,501.58333333333326,37.66666666666666,1027.5166666666667
2023-09-07 13:00:00,24.3,56.0,508.6666666666667,37.583333333333336,1027.425,24.3,56.00000000000002,508.66666666666663,37.58333333333333,1027.425
2023-09-07 14:00:00,24.3,55.666666666666664,503.75,37.833333333333336,1027.2250000000001,24.3,55.666666666666686,503.74999999999994,37.83333333333333,1027.2250000000001
2023-09-07 15:00:00,24.3,55.0,502.27272727272725,38.0,1026.790909090909,24.3,55.00000000000002,502.2727272727272,37.99999999999999,1026.790909090909
2023-09-07 16:00:00,24.34166666666667,55.0,505.4166666666667,38.333333333333336,1026.4750000000001,24.34166666666667,55.00000000000003,505.41666666666663,38.33333333333333,1026.4750000000001
2023-09-07 17:00:00,24.399999999999995,54.833333333333336,509.0833333333333,38.833333333333336,1026.2166666666667,24.399999999999995,54.833333333333364,509.08333333333326,38.83333333333333,1026.2166666666667
2023-09-07 18:00:00,24.399999999999995,54.0,507.5,38.333333333333336,1025.8,24.399999999999995,54.00000000000003,507.49999999999994,38.33333333333333,1025.8
2023-09-07 19:00:00,24.399999999999995,54.0,506.5,38.0,1025.575,24.399999999999995,54.00000000000003,506.49999999999994,37.99999999999999,1025.575
2023-09-07 20:00:00,24.399999999999995,53.0,503.6666666666667,38.416666666666664,1025.4333333333334,24.399999999999995,53.00000000000003,503.66666666666663,38.41666666666666,1025.4333333333334
2023-09-07 21:00:00,24.399999999999995,53.0,513.0,37.666666666666664,1025.3666666666668,24.399999999999995,53.00000000000003,513.0,37.66666666666666,1025.3666666666668
2023-09-07 22:00:00,24.399999999999995,53.0,518.1666666666666,38.5,1025.0083333333334,24.399999999999995,53.00000000000003,518.1666666666666,38.49999999999999,1025.0083333333334
2023-09-07 23:00:00,24.399999999999995,53.0,509.3333333333333,38.583333333333336,1024.9833333333333,24.399999999999995,53.00000000000003,509.33333333333326,38.58333333333333,1024.9833333333333
2023-09-08 00:00:00,24.399999999999995,53.0,521.0,37.916666666666664,1024.7916666666667,24.399999999999995,53.00000000000003,521.0,37.91666666666666,1024.7916666666667
2023-09-08 01:00:00,24.399999999999995,53.416666666666664,519.3333333333334,37.333333333333336,1024.2916666666667,24.399999999999995,53.41666666666669,519.3333333333334,37.33333333333333,1024.2916666666667
2023-09-08 02:00:00,24.4,54.0,521.5454545454545,37.18181818181818,1024.081818181818,24.4,54.00000000000003,521.5454545454545,37.18181818181817,1024.081818181818
2023-09-08 03:00:00,24.399999999999995,54.0,522.6666666666666,37.666666666666664,1024.0333333333333,24.399999999999995,54.00000000000003,522.6666666666666,37.66666666666666,1024.0333333333333
2023-09-08 04:00:00,24.399999999999995,54.0,517.0,37.333333333333336,1023.75,24.399999999999995,54.00000000000003,517.0,37.33333333333333,1023.75
2023-09-08 05:00:00,24.399999999999995,54.0,528.9166666666666,37.25,1023.3583333333332,24.399999999999995,54.00000000000003,528.9166666666666,37.24999999999999,1023.3583333333332
2023-09-08 06:00:00,24.399999999999995,54.0,530.8333333333334,37.25,1022.9916666666667,24.399999999999995,54.00000000000003,530.8333333333334,37.24999999999999,1022.9916666666667
2023-09-08 07:00:00,24.399999999999995,54.75,521.3333333333334,37.666666666666664,1022.8083333333334,24.399999999999995,54.75000000000003,521.3333333333334,37.66666666666666,1022.8083333333334
2023-09-08 08:00:00,24.399999999999995,55.0,522.75,37.416666666666664,1022.6500000000001,24.399999999999995,55.00000000000003,522.75,37.41666666666666,1022.6500000000001
2023-09-08 09:00:00,24.5,55.583333333333336,522.3333333333334,37.666666666666664,1022.5416666666666,24.5,55.583333333333364,522.3333333333334,37.66666666666666,1022.5416666666666
2023-09-08 10:00:00,24.541666666666668,56.083333333333336,522.75,38.166666666666664,1022.5416666666666,24.541666666666668,56.083333333333364,522.75,38.16666666666666,1022.5416666666666
2023-09-08 11:00:00,24.600000000000005,57.0,515.5833333333334,37.416666666666664,1022.4666666666667,24.600000000000005,57.00000000000003,515.5833333333334,37.41666666666666,1022.4666666666667
2023-09-08 12:00:00,24.633333333333336,57.0,510.5,37.666666666666664,1022.2833333333333,24.633333333333336,57.00000000000003,510.49999999999994,37.66666666666666,1022.2833333333333
2023-09-08 13:00:00,24.7,57.81818181818182,508.54545454545456,38.27272727272727,1022.3272727272728,24.7,57.81818181818184,508.5454545454545,38.27272727272727,1022.3272727272728
2023-09-08 14:00:00,24.791666666666668,58.0,513.6666666666666,38.083333333333336,1022.2083333333334,24.791666666666668,58.00000000000002,513.6666666666666,38.083333333333336,1022.2083333333334
2023-09-08 15:00:00,24.8,58.0,514.0,37.583333333333336,1021.8666666666667,24.8,58.00000000000002,514.0,37.583333333333336,1021.8666666666667
2023-09-08 16:00:00,24.849999999999998,58.0,513.8333333333334,38.25,1021.3083333333334,24.849999999999998,58.00000000000002,513.8333333333334,38.25,1021.3083333333334
2023-09-08 17:00:00,24.933333333333334,58.0,515.3333333333334,38.083333333333336,1020.8666666666667,24.933333333333334,58.00000000000002,515.3333333333334,38.083333333333336,1020.8666666666667
2023-09-08 18:00:00,25.0,57.75,515.6666666666666,37.75,1020.5749999999999,25.0,57.75000000000003,515.6666666666666,37.75,1020.5749999999999
2023-09-08 19:00:00,25.0,57.0,519.1666666666666,37.833333333333336,1020.3416666666667,25.0,57.000000000000036,519.1666666666666,37.83333333333333,1020.3416666666667
2023-09-08 20:00:00,24.899999999999995,56.416666666666664,531.5833333333334,38.916666666666664,1020.1500000000001,24.899999999999995,56.41666666666669,531.5833333333334,38.91666666666666,1020.1500000000001
2023-09-08 21:00:00,24.866666666666664,55.416666666666664,543.6666666666666,37.583333333333336,1020.2083333333334,24.866666666666664,55.41666666666669,543.6666666666666,37.58333333333333,1020.2083333333334
2023-09-08 22:00:00,24.75,54.166666666666664,563.1666666666666,37.75,1020.0500000000001,24.75,54.16666666666669,563.1666666666666,37.74999999999999,1020.0500000000001
2023-09-08 23:00:00,24.608333333333334,53.0,582.6666666666666,37.916666666666664,1019.8333333333334,24.608333333333334,53.00000000000003,582.6666666666666,37.91666666666666,1019.8333333333334
2023-09-09 00:00:00,24.572727272727274,53.0,580.0909090909091,37.45454545454545,1019.6545454545455,24.572727272727274,53.00000000000003,580.0909090909091,37.454545454545446,1019.6545454545455
2023-09-09 01:00:00,24.508333333333336,53.0,575.0,37.416666666666664,1019.475,24.508333333333336,53.00000000000003,575.0,37.41666666666666,1019.475
2023-09-09 02:00:00,24.5,53.0,552.5833333333334,37.5,1019.15,24.5,53.00000000000003,552.5833333333334,37.49999999999999,1019.15
2023-09-09 03:00:00,24.45,52.666666666666664,551.9166666666666,37.666666666666664,1018.85,24.45,52.66666666666669,551.9166666666666,37.66666666666666,1018.85
2023-09-09 04:00:00,24.349999999999998,51.5,560.9166666666666,37.25,1018.6750000000001,24.349999999999998,51.50000000000003,560.9166666666666,37.24999999999999,1018.6750000000001
2023-09-09 05:00:00,24.233333333333334,50.583333333333336,553.3333333333334,37.25,1018.1999999999999,24.233333333333334,50.58333333333336,553.3333333333334,37.24999999999999,1018.1999999999999
2023-09-09 06:00:00,24.141666666666666,50.0,544.6666666666666,37.916666666666664,1018.0749999999999,24.141666666666666,50.00000000000002,544.6666666666666,37.91666666666666,1018.0749999999999
2023-09-09 07:00:00,24.100000000000005,50.416666666666664,529.6666666666666,37.416666666666664,1017.9083333333333,24.100000000000005,50.416666666666686,529.6666666666666,37.41666666666666,1017.9083333333333
2023-09-09 08:00:00,24.125,51.0,512.5,37.166666666666664,1017.8666666666667,24.125,51.00000000000002,512.5,37.16666666666666,1017.8666666666667
2023-09-09 09:00:00,24.275000000000002,51.916666666666664,503.8333333333333,38.25,1017.9166666666666,24.275000000000002,51.916666666666686,503.83333333333326,38.24999999999999,1017.9166666666666
2023-09-09 10:00:00,24.474999999999998,53.083333333333336,506.75,37.666666666666664,1018.0083333333333,24.474999999999998,53.083333333333364,506.74999999999994,37.66666666666666,1018.0083333333333
2023-09-09 11:00:00,24.59090909090909,54.0,502.8181818181818,37.63636363636363,1017.7818181818183,24.59090909090909,54.00000000000003,502.81818181818176,37.636363636363626,1017.7818181818183
2023-09-09 12:00:00,24.75,54.833333333333336,506.5833333333333,37.666666666666664,1017.4416666666666,24.75,54.833333333333364,506.58333333333326,37.66666666666666,1017.4416666666666
2023-09-09 13:00:00,25.008333333333336,55.0,512.5,37.916666666666664,1017.0833333333334,25.008333333333336,55.000000000000036,512.5,37.91666666666666,1017.0833333333334
2023-09-09 14:00:00,25.11666666666667,55.0,505.9166666666667,37.916666666666664,1016.9,25.11666666666667,55.000000000000036,505.91666666666663,37.91666666666666,1016.9
2023-09-09 15:00:00,25.2,55.0,515.25,37.666666666666664,1016.7416666666667,25.2,55.000000000000036,515.25,37.66666666666666,1016.7416666666667
2023-09-09 16:00:00,25.241666666666664,55.0,511.3333333333333,38.166666666666664,1016.4333333333334,25.241666666666664,55.000000000000036,511.33333333333326,38.16666666666666,1016.4333333333334
2023-09-09 17:00:00,25.3,55.833333333333336,516.8333333333334,37.75,1015.975,25.3,55.83333333333337,516.8333333333334,37.74999999999999,1015.975
2023-09-09 18:00:00,25.3,56.0,516.1666666666666,37.666666666666664,1015.5749999999999,25.3,56.000000000000036,516.1666666666666,37.66666666666666,1015.5749999999999
2023-09-09 19:00:00,25.28333333333333,56.166666666666664,526.5833333333334,38.083333333333336,1015.4166666666666,25.28333333333333,56.1666666666667,526.5833333333334,38.08333333333333,1015.4166666666666
2023-09-09 20:00:00,25.28333333333333,56.833333333333336,538.0833333333334,37.916666666666664,1015.2666666666668,25.28333333333333,56.83333333333337,538.0833333333334,37.91666666666666,1015.2666666666668
2023-09-09 21:00:00,25.224999999999998,56.0,554.6666666666666,37.666666666666664,1015.275,25.224999999999998,56.000000000000036,554.6666666666666,37.66666666666666,1015.275
2023-09-09 22:00:00,25.136363636363637,55.09090909090909,577.0909090909091,37.90909090909091,1015.1545454545455,25.136363636363637,55.09090909090913,577.0909090909091,37.9090909090909,1015.1545454545455
2023-09-09 23:00:00,25.05,54.0,587.8333333333334,37.416666666666664,1014.9583333333334,25.05,54.000000000000036,587.8333333333334,37.41666666666666,1014.9583333333334
2023-09-10 00:00:00,25.0,53.0,587.6666666666666,37.5,1014.6083333333332,25.0,53.000000000000036,587.6666666666666,37.49999999999999,1014.6083333333332
2023-09-10 01:00:00,25.0,53.583333333333336,560.1666666666666,37.5,1014.3666666666667,25.0,53.58333333333337,560.1666666666666,37.49999999999999,1014.3666666666667
2023-09-10 02:00:00,25.0,54.5,535.6666666666666,37.75,1014.3333333333334,25.0,54.500000000000036,535.6666666666666,37.74999999999999,1014.3333333333334
2023-09-10 03:00:00,25.0,55.0,519.3333333333334,37.25,1014.375,25.0,55.000000000000036,519.3333333333334,37.24999999999999,1014.375
2023-09-10 04:00:00,25.0,55.0,505.6666666666667,37.25,1014.3583333333332,25.0,55.000000000000036,505.66666666666663,37.24999999999999,1014.3583333333332
2023-09-10 05:00:00,25.0,55.0,507.3333333333333,37.75,1014.275,25.0,55.000000000000036,507.33333333333326,37.74999999999999,1014.275
2023-09-10 06:00:00,25.0,55.0,501.0833333333333,37.333333333333336,1014.4833333333332,25.0,55.000000000000036,501.08333333333326,37.33333333333333,1014.4833333333332
2023-09-10 07:00:00,25.0,55.0,500.4166666666667,37.25,1014.6083333333335,25.0,55.000000000000036,500.41666666666663,37.24999999999999,1014.6083333333335
2023-09-10 08:00:00,24.958333333333332,55.0,502.5833333333333,37.416666666666664,1014.6333333333333,24.958333333333332,55.00000000000003,502.58333333333326,37.41666666666666,1014.6333333333333
2023-09-10 09:00:00,24.90909090909091,55.0,503.27272727272725,37.54545454545455,1015.1636363636363,24.90909090909091,55.00000000000003,503.2727272727272,37.54545454545454,1015.1636363636363
2023-09-10 10:00:00,24.958333333333332,55.0,501.25,37.5,1015.525,24.958333333333332,55.00000000000003,501.24999999999994,37.49999999999999,1015.525
2023-09-10 11:00:00,25.0,55.0,502.5833333333333,37.583333333333336,1015.625,25.0,55.000000000000036,502.58333333333326,37.58333333333333,1015.625
2023-09-10 12:00:00,25.0,55.833333333333336,499.75,38.25,1015.6666666666666,25.0,55.83333333333337,499.74999999999994,38.24999999999999,1015.6666666666666
2023-09-10 13:00:00,25.025000000000002,56.0,501.0833333333333,37.583333333333336,1015.6750000000001,25.025000000000002,56.000000000000036,501.08333333333326,37.58333333333333,1015.6750000000001
2023-09-10 14:00:00,25.100000000000005,56.0,502.25,37.583333333333336,1015.8166666666666,25.100000000000005,56.000000000000036,502.24999999999994,37.58333333333333,1015.8166666666666
2023-09-10 15:00:00,25.100000000000005,56.0,500.75,38.333333333333336,1015.6833333333334,25.100000000000005,56.000000000000036,500.74999999999994,38.33333333333333,1015.6833333333334
2023-09-10 16:00:00,25.141666666666666,56.0,504.75,39.25,1015.6750000000001,25.141666666666666,56.000000000000036,504.74999999999994,39.24999999999999,1015.6750000000001
2023-09-10 17:00:00,25.2,56.0,505.0,38.333333333333336,1015.6166666666667,25.2,56.000000000000036,504.99999999999994,38.33333333333333,1015.6166666666667
2023-09-10 18:00:00,25.208333333333332,56.0,508.9166666666667,38.333333333333336,1015.5416666666666,25.208333333333332,56.000000000000036,508.91666666666663,38.33333333333333,1015.5416666666666
2023-09-10 19:00:00,25.2,55.0,513.4166666666666,38.25,1015.6166666666667,25.2,55.000000000000036,513.4166666666666,38.24999999999999,1015.6166666666667
2023-09-10 20:00:00,25.2,55.0,506.09090909090907,37.90909090909091,1015.6363636363636,25.2,55.000000000000036,506.090909090909,37.9090909090909,1015.6363636363636
2023-09-10 21:00:00,25.150000000000002,55.0,511.0,37.916666666666664,1015.7416666666667,25.150000000000002,55.000000000000036,510.99999999999994,37.91666666666666,1015.7416666666667
2023-09-10 22:00:00,25.100000000000005,55.0,511.9166666666667,38.0,1015.6666666666666,25.100000000000005,55.000000000000036,511.91666666666663,37.99999999999999,1015.6666666666666
2023-09-10 23:00:00,25.100000000000005,55.416666666666664,552.3333333333334,40.166666666666664,1015.3583333333332,25.100000000000005,55.4166666666667,552.3333333333334,40.16666666666666,1015.3583333333332
2023-09-11 00:00:00,25.516666666666666,56.0,738.75,41.833333333333336,1015.2333333333332,25.516666666666662,56.000000000000036,738.7500000000001,41.833333333333336,1015.2333333333332
2023-09-11 01:00:00,26.008333333333336,56.0,733.5,38.333333333333336,1014.9666666666667,26.008333333333333,56.00000000000004,733.5000000000001,38.33333333333333,1014.9666666666667
2023-09-11 02:00:00,25.883333333333336,56.0,690.25,38.166666666666664,1014.4083333333333,25.883333333333333,56.00000000000004,690.2500000000001,38.16666666666666,1014.4083333333333
2023-09-11 03:00:00,25.608333333333334,56.583333333333336,614.1666666666666,37.833333333333336,1014.0083333333333,25.608333333333334,56.58333333333338,614.1666666666667,37.83333333333333,1014.0083333333333
2023-09-11 04:00:00,25.400000000000002,57.0,608.5,37.666666666666664,1013.5500000000001,25.400000000000002,57.00000000000004,608.5000000000001,37.66666666666666,1013.5500000000001
2023-09-11 05:00:00,25.275000000000002,57.0,630.0833333333334,37.583333333333336,1013.4916666666667,25.275,57.00000000000004,630.0833333333335,37.58333333333333,1013.4916666666667
2023-09-11 06:00:00,25.3,57.0,702.8333333333334,37.333333333333336,1013.0416666666666,25.299999999999997,57.00000000000004,702.8333333333335,37.33333333333333,1013.0416666666666
2023-09-11 07:00:00,25.38181818181818,57.0,708.2727272727273,37.45454545454545,1013.1363636363636,25.381818181818176,57.00000000000004,708.2727272727274,37.454545454545446,1013.1363636363636
2023-09-11 08:00:00,25.424999999999997,57.0,695.3333333333334,37.583333333333336,1012.8583333333332,25.424999999999994,57.00000000000004,695.3333333333335,37.58333333333333,1012.8583333333332
2023-09-11 09:00:00,25.5,57.0,720.0,37.916666666666664,1012.5583333333334,25.499999999999996,57.00000000000004,720.0000000000001,37.91666666666666,1012.5583333333334
2023-09-11 10:00:00,25.508333333333336,57.25,720.6666666666666,38.0,1011.8583333333332,25.508333333333333,57.25000000000004,720.6666666666667,37.99999999999999,1011.8583333333332
2023-09-11 11:00:00,25.583333333333332,58.666666666666664,715.5,41.666666666666664,1011.9333333333334,25.58333333333333,58.6666666666667,715.5000000000001,41.666666666666664,1011.9333333333334
2023-09-11 12:00:00,25.291666666666668,60.0,555.9166666666666,42.416666666666664,1010.9333333333334,25.291666666666668,60.000000000000036,555.9166666666666,42.416666666666664,1010.9333333333334
2023-09-11 13:00:00,24.816666666666666,60.0,495.4166666666667,39.916666666666664,1010.3166666666666,24.816666666666666,60.00000000000003,495.41666666666663,39.916666666666664,1010.3166666666666
2023-09-11 14:00:00,24.883333333333336,60.0,511.0833333333333,41.0,1010.0749999999999,24.883333333333336,60.00000000000003,511.08333333333326,41.0,1010.0749999999999
2023-09-11 15:00:00,24.7,60.0,539.3333333333334,40.583333333333336,1010.0166666666668,24.7,60.00000000000003,539.3333333333334,40.583333333333336,1010.0166666666668
2023-09-11 16:00:00,24.675,59.5,492.1666666666667,41.0,1009.5333333333333,24.675,59.50000000000003,492.16666666666663,41.0,1009.5333333333333
2023-09-11 17:00:00,24.791666666666668,59.0,493.8333333333333,39.666666666666664,1009.2666666666668,24.791666666666668,59.00000000000003,493.83333333333326,39.666666666666664,1009.2666666666668
2023-09-11 18:00:00,24.645454545454548,59.0,493.27272727272725,39.0,1008.8727272727273,24.645454545454548,59.00000000000003,493.2727272727272,39.0,1008.8727272727273
2023-09-11 19:00:00,24.558333333333334,59.0,491.75,38.583333333333336,1008.3416666666667,24.558333333333334,59.00000000000003,491.74999999999994,38.583333333333336,1008.3416666666667
2023-09-11 20:00:00,24.600000000000005,59.0,499.25,38.916666666666664,1008.2583333333333,24.600000000000005,59.00000000000003,499.24999999999994,38.916666666666664,1008.2583333333333
2023-09-11 21:00:00,24.525000000000002,59.0,493.4166666666667,39.0,1008.2166666666667,24.525000000000002,59.00000000000003,493.41666666666663,39.0,1008.2166666666667
2023-09-11 22:00:00,24.383333333333336,59.25,505.8333333333333,40.083333333333336,1007.8000000000001,24.383333333333336,59.25000000000003,505.83333333333326,40.083333333333336,1007.8000000000001
2023-09-11 23:00:00,24.34166666666667,60.416666666666664,549.8333333333334,39.166666666666664,1007.5,24.34166666666667,60.41666666666669,549.8333333333334,39.166666666666664,1007.5
2023-09-12 00:00:00,24.266666666666666,61.0,543.3333333333334,38.75,1007.1916666666667,24.266666666666666,61.00000000000002,543.3333333333333,38.75,1007.1916666666667
2023-09-12 01:00:00,24.25,62.166666666666664,560.5833333333334,37.666666666666664,1007.1666666666666,24.250000000000004,62.166666666666686,560.5833333333333,37.666666666666664,1007.1666666666666
2023-09-12 02:00:00,24.0,63.0,560.75,37.25,1006.9666666666667,24.000000000000004,63.00000000000002,560.7499999999999,37.25,1006.9666666666667
2023-09-12 03:00:00,23.933333333333334,62.25,543.9166666666666,37.083333333333336,1006.8666666666667,23.933333333333337,62.25000000000002,543.9166666666665,37.083333333333336,1006.8666666666667
2023-09-12 04:00:00,23.958333333333332,62.0,533.1666666666666,37.0,1006.7666666666668,23.958333333333336,62.00000000000002,533.1666666666665,37.0,1006.7666666666668
2023-09-12 05:00:00,23.80909090909091,61.09090909090909,530.2727272727273,37.18181818181818,1006.7909090909089,23.80909090909091,61.090909090909115,530.2727272727271,37.18181818181818,1006.7909090909089
2023-09-12 06:00:00,23.95,61.0,564.1666666666666,37.666666666666664,1006.5333333333333,23.95,61.00000000000002,564.1666666666665,37.666666666666664,1006.5333333333333
2023-09-12 07:00:00,24.0,60.416666666666664,561.75,37.666666666666664,1006.4333333333334,24.0,60.416666666666686,561.7499999999999,37.666666666666664,1006.4333333333334
2023-09-12 08:00:00,23.958333333333332,60.0,564.5,37.916666666666664,1006.8083333333333,23.958333333333332,60.00000000000002,564.4999999999999,37.916666666666664,1006.8083333333333
2023-09-12 09:00:00,23.96666666666667,59.416666666666664,587.5,40.416666666666664,1006.9333333333334,23.96666666666667,59.416666666666686,587.5000000000001,40.416666666666664,1006.9333333333334
2023-09-12 10:00:00,24.058333333333334,59.0,507.5833333333333,39.666666666666664,1007.1583333333333,24.058333333333334,59.00000000000002,507.58333333333326,39.666666666666664,1007.1583333333333
2023-09-12 11:00:00,24.183333333333334,59.0,570.0,47.5,1007.5749999999999,24.183333333333334,59.00000000000002,570.0,47.5,1007.5749999999999
2023-09-12 12:00:00,24.791666666666668,58.25,636.25,41.333333333333336,1007.625,24.791666666666664,58.25000000000003,636.2500000000001,41.333333333333336,1007.625
2023-09-12 13:00:00,24.983333333333334,55.583333333333336,627.8333333333334,41.5,1007.9333333333334,24.98333333333333,55.58333333333338,627.8333333333335,41.5,1007.9333333333334
2023-09-12 14:00:00,25.166666666666668,51.5,543.4166666666666,39.75,1008.3249999999999,25.166666666666668,51.50000000000004,543.4166666666666,39.74999999999999,1008.3249999999999
2023-09-12 15:00:00,25.008333333333336,50.333333333333336,530.25,42.5,1008.5583333333334,25.008333333333336,50.33333333333338,530.25,42.5,1008.5583333333334
2023-09-12 16:00:00,24.990909090909096,49.0,579.9090909090909,47.36363636363637,1008.9909090909091,24.990909090909096,49.00000000000004,579.9090909090909,47.36363636363636,1008.9909090909091
2023-09-12 17:00:00,25.183333333333334,47.5,591.1666666666666,45.5,1009.3666666666667,25.183333333333334,47.50000000000004,591.1666666666666,45.49999999999999,1009.3666666666667
2023-09-12 18:00:00,24.733333333333334,47.083333333333336,535.8333333333334,48.833333333333336,1009.5583333333334,24.733333333333334,47.08333333333337,535.8333333333334,48.83333333333333,1009.5583333333334
2023-09-12 19:00:00,23.316666666666666,48.833333333333336,460.25,43.916666666666664,1009.75,23.316666666666666,48.83333333333336,460.25,43.91666666666666,1009.75
2023-09-12 20:00:00,23.108333333333334,50.833333333333336,482.5833333333333,40.666666666666664,1009.975,23.108333333333334,50.83333333333336,482.5833333333333,40.66666666666666,1009.975
2023-09-12 21:00:00,24.108333333333334,51.0,495.0,38.5,1010.4583333333334,24.108333333333334,51.00000000000003,494.99999999999994,38.49999999999999,1010.4583333333334
2023-09-12 22:00:00,24.075,50.0,539.0,39.416666666666664,1011.0583333333334,24.075,50.00000000000003,539.0,39.41666666666666,1011.0583333333334
2023-09-12 23:00:00,23.441666666666666,49.166666666666664,552.1666666666666,40.166666666666664,1011.5500000000001,23.441666666666666,49.166666666666686,552.1666666666666,40.16666666666666,1011.5500000000001
2023-09-13 00:00:00,22.974999999999998,48.083333333333336,549.5,40.416666666666664,1011.7666666666668,22.974999999999998,48.08333333333335,549.5,40.41666666666666,1011.7666666666668
2023-09-13 01:00:00,22.558333333333334,47.25,524.5,38.916666666666664,1011.9,22.558333333333334,47.250000000000014,524.5,38.91666666666666,1011.9
2023-09-13 02:00:00,22.258333333333336,46.166666666666664,525.1666666666666,38.833333333333336,1012.025,22.258333333333336,46.16666666666667,525.1666666666666,38.83333333333333,1012.025
2023-09-13 03:00:00,21.936363636363637,46.0,497.1818181818182,37.0,1012.2818181818183,21.936363636363637,46.00000000000001,497.18181818181824,36.99999999999999,1012.2818181818183
2023-09-13 04:00:00,21.766666666666666,45.416666666666664,486.9166666666667,38.5,1012.5333333333333,21.766666666666666,45.416666666666664,486.9166666666667,38.49999999999999,1012.5333333333333
2023-09-13 05:00:00,21.46666666666667,44.666666666666664,465.6666666666667,37.083333333333336,1012.7583333333333,21.46666666666667,44.66666666666667,465.6666666666667,37.08333333333333,1012.7583333333333
2023-09-13 06:00:00,21.066666666666666,44.0,490.75,39.083333333333336,1013.0916666666667,21.066666666666666,44.0,490.75000000000006,39.08333333333333,1013.0916666666667
2023-09-13 07:00:00,19.974999999999998,44.5,450.6666666666667,38.75,1013.5833333333334,19.974999999999994,44.49999999999999,450.6666666666667,38.74999999999999,1013.5833333333334
2023-09-13 08:00:00,21.033333333333335,44.75,474.25,37.666666666666664,1013.8583333333332,21.033333333333335,44.74999999999999,474.25000000000006,37.66666666666666,1013.8583333333332
2023-09-13 09:00:00,22.53333333333333,43.833333333333336,571.9166666666666,37.25,1014.2333333333332,22.53333333333333,43.83333333333335,571.9166666666667,37.249999999999986,1014.2333333333332
2023-09-13 10:00:00,23.34166666666667,42.416666666666664,572.3333333333334,38.833333333333336,1014.6166666666667,23.34166666666667,42.416666666666686,572.3333333333335,38.83333333333332,1014.6166666666667
2023-09-13 11:00:00,23.38333333333333,42.0,491.25,40.5,1014.7916666666666,23.38333333333333,42.00000000000002,491.25,40.49999999999999,1014.7916666666666
2023-09-13 12:00:00,23.53333333333333,42.0,582.75,47.333333333333336,1015.0500000000001,23.53333333333333,42.00000000000002,582.7500000000001,47.33333333333333,1015.0500000000001
2023-09-13 13:00:00,24.025000000000002,43.333333333333336,609.5,42.916666666666664,1015.275,24.025000000000002,43.333333333333364,609.5000000000001,42.91666666666666,1015.275
2023-09-13 14:00:00,24.136363636363637,44.0,551.6363636363636,40.45454545454545,1015.4727272727273,24.136363636363637,44.00000000000003,551.6363636363636,40.454545454545446,1015.4727272727273
2023-09-13 15:00:00,24.100000000000005,44.0,572.3333333333334,41.583333333333336,1015.5666666666666,24.100000000000005,44.00000000000003,572.3333333333334,41.58333333333333,1015.5666666666666
2023-09-13 16:00:00,24.100000000000005,42.833333333333336,589.75,40.5,1015.8499999999999,24.100000000000005,42.833333333333364,589.7500000000001,40.49999999999999,1015.8499999999999
2023-09-13 17:00:00,24.09166666666667,42.0,585.5833333333334,39.0,1016.25,24.09166666666667,42.00000000000003,585.5833333333335,38.999999999999986,1016.25
2023-09-13 18:00:00,24.041666666666668,42.0,496.5,38.666666666666664,1016.7583333333333,24.041666666666668,42.00000000000003,496.5,38.66666666666665,1016.7583333333333
2023-09-13 19:00:00,23.858333333333334,41.416666666666664,450.9166666666667,39.5,1017.0583333333334,23.858333333333334,41.41666666666669,450.9166666666667,39.499999999999986,1017.0583333333334
2023-09-13 20:00:00,23.474999999999998,41.0,448.6666666666667,38.916666666666664,1017.6166666666667,23.474999999999998,41.00000000000002,448.6666666666667,38.91666666666665,1017.6166666666667
2023-09-13 21:00:00,23.125,40.416666666666664,440.8333333333333,38.583333333333336,1018.275,23.125,40.416666666666686,440.8333333333333,38.58333333333332,1018.275
2023-09-13 22:00:00,22.849999999999998,39.583333333333336,432.0833333333333,38.583333333333336,1018.6333333333333,22.849999999999998,39.58333333333335,432.0833333333333,38.58333333333332,1018.6333333333333
2023-09-13 23:00:00,22.558333333333334,38.833333333333336,425.75,38.5,1018.9,22.558333333333334,38.83333333333335,425.75,38.499999999999986,1018.9
2023-09-14 00:00:00,22.291666666666668,38.0,419.8333333333333,38.5,1019.3166666666666,22.291666666666668,38.00000000000001,419.8333333333333,38.499999999999986,1019.3166666666666
2023-09-14 01:00:00,21.900000000000002,38.0,452.1818181818182,38.63636363636363,1019.5636363636364,21.900000000000002,38.00000000000001,452.1818181818182,38.63636363636362,1019.5636363636364
2023-09-14 02:00:00,20.875,38.0,433.0833333333333,37.166666666666664,1019.6583333333333,20.875,37.99999999999999,433.0833333333333,37.16666666666665,1019.6583333333333
2023-09-14 03:00:00,20.258333333333333,39.0,416.0833333333333,37.166666666666664,1019.9250000000001,20.258333333333333,38.999999999999986,416.0833333333333,37.16666666666665,1019.9250000000001
2023-09-14 04:00:00,19.866666666666667,39.0,413.0833333333333,37.083333333333336,1019.9916666666667,19.866666666666664,38.99999999999998,413.0833333333333,37.08333333333332,1019.9916666666667
2023-09-14 05:00:00,19.55,39.0,391.25,37.166666666666664,1020.0333333333333,19.549999999999997,38.99999999999998,391.25,37.16666666666665,1020.0333333333333
2023-09-14 06:00:00,19.183333333333334,40.0,373.1666666666667,37.583333333333336,1020.3333333333334,19.18333333333333,39.99999999999997,373.1666666666667,37.58333333333332,1020.3333333333334
2023-09-14 07:00:00,19.041666666666668,40.333333333333336,394.5833333333333,38.166666666666664,1020.375,19.041666666666664,40.33333333333331,394.5833333333333,38.16666666666665,1020.375
2023-09-14 08:00:00,19.433333333333334,41.0,399.6666666666667,39.0,1020.7333333333332,19.43333333333333,40.99999999999998,399.6666666666667,38.999999999999986,1020.7333333333332
2023-09-14 09:00:00,19.7,41.0,415.25,41.583333333333336,1020.8249999999999,19.699999999999996,40.99999999999998,415.25,41.58333333333333,1020.8249999999999
2023-09-14 10:00:00,20.233333333333334,42.833333333333336,390.5,40.083333333333336,1020.8000000000001,20.233333333333334,42.83333333333332,390.5,40.08333333333333,1020.8000000000001
2023-09-14 11:00:00,20.716666666666665,43.0,383.0833333333333,40.0,1020.8166666666666,20.716666666666665,42.99999999999999,383.0833333333333,39.99999999999999,1020.8166666666666
2023-09-14 12:00:00,21.236363636363635,43.0,429.45454545454544,40.36363636363637,1020.7454545454547,21.236363636363635,43.0,429.45454545454544,40.36363636363636,1020.7454545454547
2023-09-14 13:00:00,21.366666666666664,43.583333333333336,432.3333333333333,41.666666666666664,1020.2333333333332,21.366666666666664,43.583333333333336,432.3333333333333,41.66666666666666,1020.2333333333332
2023-09-14 14:00:00,21.741666666666664,44.0,476.25,39.416666666666664,1020.3583333333332,21.741666666666664,44.0,476.25,39.41666666666666,1020.3583333333332
2023-09-14 15:00:00,21.958333333333332,44.0,489.0833333333333,40.333333333333336,1020.0166666666668,21.958333333333332,44.00000000000001,489.0833333333333,40.33333333333333,1020.0166666666668
2023-09-14 16:00:00,22.2,44.916666666666664,483.9166666666667,46.666666666666664,1019.5500000000001,22.2,44.916666666666664,483.9166666666667,46.66666666666666,1019.5500000000001
2023-09-14 17:00:00,22.59166666666667,45.25,505.5833333333333,45.166666666666664,1019.5416666666666,22.59166666666667,45.25000000000001,505.58333333333337,45.16666666666666,1019.5416666666666
2023-09-14 18:00:00,21.891666666666666,46.833333333333336,516.5,47.416666666666664,1019.4166666666666,21.891666666666666,46.833333333333336,516.5,47.41666666666666,1019.4166666666666
2023-09-14 19:00:00,21.883333333333336,47.833333333333336,526.5833333333334,47.666666666666664,1019.6666666666666,21.883333333333336,47.833333333333336,526.5833333333334,47.66666666666666,1019.6666666666666
2023-09-14 20:00:00,22.125,48.333333333333336,550.25,45.416666666666664,1019.7666666666668,22.125,48.333333333333336,550.2500000000001,45.41666666666666,1019.7666666666668
2023-09-14 21:00:00,22.133333333333336,48.833333333333336,701.0,47.5,1019.6750000000001,22.133333333333333,48.833333333333336,701.0000000000001,47.49999999999999,1019.6750000000001
2023-09-14 22:00:00,22.883333333333336,49.0,846.75,46.0,1019.7166666666667,22.883333333333333,49.00000000000001,846.7500000000002,45.99999999999999,1019.7166666666667
2023-09-14 23:00:00,23.09090909090909,47.90909090909091,656.9090909090909,45.09090909090909,1019.7,23.090909090909086,47.90909090909092,656.909090909091,45.090909090909086,1019.7
2023-09-15 00:00:00,22.125,47.583333333333336,507.75,41.333333333333336,1019.5833333333334,22.125,47.583333333333336,507.75000000000006,41.33333333333333,1019.5833333333334
2023-09-15 01:00:00,20.008333333333333,50.166666666666664,390.3333333333333,37.5,1019.3083333333333,20.008333333333333,50.16666666666664,390.33333333333326,37.49999999999999,1019.3083333333333
2023-09-15 02:00:00,19.05,52.166666666666664,373.9166666666667,37.166666666666664,1019.0583333333334,19.049999999999997,52.16666666666663,373.91666666666663,37.16666666666666,1019.0583333333334
2023-09-15 03:00:00,18.633333333333333,54.5,366.1666666666667,38.75,1018.6833333333334,18.63333333333333,54.49999999999996,366.16666666666663,38.74999999999999,1018.6833333333334
2023-09-15 04:00:00,18.316666666666666,56.833333333333336,385.25,38.333333333333336,1018.4333333333334,18.316666666666663,56.83333333333329,385.24999999999994,38.33333333333333,1018.4333333333334
2023-09-15 05:00:00,18.341666666666665,59.083333333333336,405.75,37.25,1018.1750000000001,18.34166666666666,59.083333333333286,405.74999999999994,37.25,1018.1750000000001
2023-09-15 06:00:00,18.308333333333334,61.166666666666664,420.1666666666667,37.583333333333336,1018.35,18.30833333333333,61.166666666666615,420.1666666666667,37.583333333333336,1018.35
2023-09-15 07:00:00,18.2,62.833333333333336,426.1666666666667,38.75,1018.5583333333334,18.2,62.833333333333286,426.1666666666667,38.75,1018.5583333333334
2023-09-15 08:00:00,18.283333333333335,63.833333333333336,415.25,39.083333333333336,1018.7083333333334,18.283333333333335,63.833333333333286,415.24999999999994,39.083333333333336,1018.7083333333334
2023-09-15 09:00:00,18.516666666666666,64.16666666666667,426.4166666666667,38.666666666666664,1018.7916666666666,18.516666666666666,64.16666666666663,426.4166666666667,38.666666666666664,1018.7916666666666
2023-09-15 10:00:00,19.436363636363637,64.63636363636364,492.54545454545456,39.63636363636363,1019.0272727272727,19.436363636363637,64.6363636363636,492.54545454545456,39.63636363636363,1019.0272727272727
2023-09-15 11:00:00,20.691666666666666,63.916666666666664,530.5833333333334,41.0,1019.3000000000001,20.69166666666667,63.91666666666664,530.5833333333334,41.0,1019.3000000000001
2023-09-15 12:00:00,21.325,62.916666666666664,516.3333333333334,42.75,1019.4250000000001,21.325000000000003,62.91666666666665,516.3333333333334,42.75,1019.4250000000001
2023-09-15 13:00:00,21.691666666666666,61.75,546.8333333333334,41.0,1019.375,21.69166666666667,61.749999999999986,546.8333333333335,41.0,1019.375
2023-09-15 14:00:00,21.974999999999998,62.25,567.1666666666666,40.25,1019.4833333333332,21.975,62.24999999999999,567.1666666666666,40.25,1019.4833333333332
2023-09-15 15:00:00,21.666666666666668,61.416666666666664,504.75,41.833333333333336,1019.4083333333333,21.66666666666667,61.41666666666665,504.75,41.833333333333336,1019.4083333333333
2023-09-15 16:00:00,21.458333333333332,61.0,467.75,40.083333333333336,1019.3166666666666,21.458333333333332,60.999999999999986,467.74999999999994,40.083333333333336,1019.3166666666666
2023-09-15 17:00:00,21.058333333333334,61.0,464.3333333333333,40.333333333333336,1019.3833333333333,21.058333333333334,60.99999999999998,464.33333333333326,40.333333333333336,1019.3833333333333
2023-09-15 18:00:00,20.483333333333334,60.666666666666664,450.5833333333333,42.416666666666664,1019.6166666666667,20.483333333333334,60.666666666666636,450.58333333333326,42.416666666666664,1019.6166666666667
2023-09-15 19:00:00,20.158333333333335,61.0,468.5833333333333,44.833333333333336,1019.6166666666667,20.15833333333334,60.99999999999997,468.5833333333333,44.833333333333336,1019.6166666666667
2023-09-15 20:00:00,20.708333333333332,61.0,496.9166666666667,40.0,1019.7916666666666,20.708333333333332,60.99999999999998,496.9166666666667,40.0,1019.7916666666666
2023-09-15 21:00:00,20.936363636363634,61.0,500.72727272727275,39.09090909090909,1019.7545454545453,20.936363636363634,60.99999999999998,500.72727272727275,39.09090909090909,1019.7545454545453
2023-09-15 22:00:00,20.816666666666666,61.0,489.0,40.0,1019.6999999999999,20.816666666666666,60.99999999999998,489.0,40.0,1019.6999999999999
2023-09-15 23:00:00,20.925,61.0,495.4166666666667,39.416666666666664,1019.625,20.925,60.99999999999998,495.4166666666667,39.416666666666664,1019.625
2023-09-16 00:00:00,20.308333333333334,61.0,465.75,39.666666666666664,1019.5916666666667,20.308333333333334,60.99999999999997,465.75,39.666666666666664,1019.5916666666667
2023-09-16 01:00:00,19.875,61.0,447.5,40.083333333333336,1019.4833333333332,19.874999999999996,60.999999999999964,447.49999999999994,40.083333333333336,1019.4833333333332
2023-09-16 02:00:00,20.066666666666666,60.833333333333336,441.4166666666667,38.666666666666664,1019.2333333333335,20.066666666666666,60.83333333333331,441.41666666666663,38.666666666666664,1019.2333333333335
2023-09-16 03:00:00,20.025000000000002,60.333333333333336,452.1666666666667,40.833333333333336,1019.0416666666666,20.025000000000002,60.33333333333331,452.1666666666667,40.833333333333336,1019.0416666666666
2023-09-16 04:00:00,20.066666666666666,60.0,489.75,42.0,1018.875,20.066666666666666,59.99999999999997,489.75,42.0,1018.875
2023-09-16 05:00:00,20.3,59.833333333333336,475.9166666666667,40.083333333333336,1018.7083333333334,20.3,59.83333333333331,475.9166666666667,40.083333333333336,1018.7083333333334
2023-09-16 06:00:00,20.691666666666666,59.0,465.8333333333333,37.0,1018.5,20.691666666666666,58.99999999999998,465.8333333333333,37.0,1018.5
2023-09-16 07:00:00,20.8,58.75,469.3333333333333,37.083333333333336,1018.5,20.8,58.74999999999998,469.3333333333333,37.083333333333336,1018.5
2023-09-16 08:00:00,20.981818181818184,58.0,472.6363636363636,37.0,1018.4,20.981818181818184,57.99999999999998,472.6363636363636,36.99999999999999,1018.4
2023-09-16 09:00:00,21.416666666666668,58.0,483.0,37.083333333333336,1018.3666666666667,21.416666666666668,57.999999999999986,483.0,37.08333333333333,1018.3666666666667
2023-09-16 10:00:00,21.916666666666668,58.0,494.6666666666667,37.5,1018.4583333333334,21.916666666666668,57.99999999999999,494.6666666666667,37.5,1018.4583333333334
2023-09-16 11:00:00,22.191666666666666,58.0,489.25,38.166666666666664,1018.4166666666666,22.191666666666666,57.99999999999999,489.24999999999994,38.166666666666664,1018.4166666666666
2023-09-16 12:00:00,22.40833333333333,57.083333333333336,490.5833333333333,38.833333333333336,1018.225,22.40833333333333,57.083333333333336,490.58333333333326,38.833333333333336,1018.225
2023-09-16 13:00:00,22.566666666666666,57.0,495.6666666666667,38.25,1017.9333333333334,22.566666666666666,57.00000000000001,495.66666666666663,38.24999999999999,1017.9333333333334
2023-09-16 14:00:00,22.71666666666667,57.0,496.9166666666667,38.166666666666664,1017.525,22.71666666666667,57.00000000000001,496.91666666666663,38.16666666666666,1017.525
2023-09-16 15:00:00,22.825,57.0,499.1666666666667,37.75,1016.9083333333333,22.825,57.00000000000001,499.16666666666663,37.74999999999999,1016.9083333333333
2023-09-16 16:00:00,22.933333333333334,57.0,498.0,37.916666666666664,1016.375,22.933333333333334,57.00000000000001,497.99999999999994,37.91666666666666,1016.375
2023-09-16 17:00:00,23.03333333333333,57.0,508.0833333333333,40.916666666666664,1016.1166666666667,23.03333333333333,57.00000000000001,508.08333333333326,40.916666666666664,1016.1166666666667
2023-09-16 18:00:00,23.075000000000003,57.0,510.0,38.333333333333336,1016.0916666666667,23.075000000000003,57.00000000000001,509.99999999999994,38.33333333333333,1016.0916666666667
2023-09-16 19:00:00,22.954545454545453,57.0,516.9090909090909,38.0,1016.1272727272727,22.954545454545453,57.00000000000001,516.9090909090909,37.99999999999999,1016.1272727272727
2023-09-16 20:00:00,22.683333333333334,54.666666666666664,499.5,37.916666666666664,1016.7083333333334,22.683333333333334,54.66666666666667,499.49999999999994,37.91666666666666,1016.7083333333334
2023-09-16 21:00:00,22.175,51.833333333333336,486.8333333333333,37.666666666666664,1017.0333333333333,22.175,51.833333333333336,486.83333333333326,37.66666666666666,1017.0333333333333
2023-09-16 22:00:00,21.766666666666666,50.25,475.5,37.5,1016.8916666666668,21.766666666666666,50.24999999999999,475.49999999999994,37.49999999999999,1016.8916666666668
2023-09-16 23:00:00,21.45,50.0,470.75,37.166666666666664,1016.9333333333334,21.45,49.99999999999999,470.74999999999994,37.16666666666666,1016.9333333333334
2023-09-17 00:00:00,21.216666666666665,50.0,472.5,37.166666666666664,1017.275,21.216666666666665,49.99999999999999,472.49999999999994,37.16666666666666,1017.275
2023-09-17 01:00:00,20.908333333333335,50.0,470.3333333333333,37.0,1017.5500000000001,20.908333333333335,49.999999999999986,470.3333333333333,36.99999999999999,1017.5500000000001
2023-09-17 02:00:00,20.591666666666665,50.0,467.75,37.0,1017.75,20.591666666666665,49.999999999999986,467.75,36.99999999999999,1017.75
2023-09-17 03:00:00,20.325,49.833333333333336,454.5833333333333,37.0,1018.0,20.325,49.833333333333314,454.58333333333326,36.99999999999999,1018.0
2023-09-17 04:00:00,19.991666666666667,49.0,440.4166666666667,37.083333333333336,1018.3083333333334,19.991666666666664,48.99999999999998,440.4166666666667,37.08333333333332,1018.3083333333334
2023-09-17 05:00:00,19.541666666666668,48.166666666666664,432.6666666666667,37.0,1018.725,19.541666666666664,48.166666666666636,432.6666666666667,36.999999999999986,1018.725
2023-09-17 06:00:00,19.036363636363635,48.0,436.8181818181818,37.0,1019.2727272727273,19.03636363636363,47.999999999999964,436.8181818181818,36.99999999999999,1019.2727272727273
2023-09-17 07:00:00,18.883333333333333,48.0,441.8333333333333,37.0,1019.9250000000001,18.88333333333333,47.999999999999964,441.8333333333333,36.99999999999999,1019.9250000000001
2023-09-17 08:00:00,19.866666666666667,47.666666666666664,437.1666666666667,37.0,1020.625,19.866666666666664,47.666666666666636,437.16666666666663,36.99999999999999,1020.625
2023-09-17 09:00:00,20.558333333333334,47.0,449.9166666666667,37.25,1021.025,20.558333333333334,46.999999999999986,449.9166666666667,37.24999999999999,1021.025
2023-09-17 10:00:00,20.733333333333334,46.25,502.8333333333333,38.333333333333336,1021.6083333333332,20.733333333333334,46.249999999999986,502.83333333333337,38.33333333333333,1021.6083333333332
2023-09-17 11:00:00,20.891666666666666,46.0,428.75,38.666666666666664,1021.6666666666666,20.891666666666666,45.999999999999986,428.75,38.66666666666666,1021.6666666666666
2023-09-17 12:00:00,21.09166666666667,45.0,445.25,42.083333333333336,1021.6583333333333,21.09166666666667,44.999999999999986,445.25,42.08333333333333,1021.6583333333333
2023-09-17 13:00:00,21.333333333333332,44.5,463.6666666666667,41.416666666666664,1021.775,21.333333333333332,44.5,463.6666666666667,41.41666666666666,1021.775
2023-09-17 14:00:00,21.166666666666668,43.416666666666664,440.25,38.666666666666664,1021.7666666666668,21.166666666666668,43.41666666666666,440.25,38.66666666666666,1021.7666666666668
2023-09-17 15:00:00,20.866666666666667,43.0,427.6666666666667,39.0,1021.375,20.866666666666667,42.99999999999999,427.6666666666667,38.99999999999999,1021.375
2023-09-17 16:00:00,20.633333333333336,43.583333333333336,426.4166666666667,40.333333333333336,1021.0833333333334,20.633333333333336,43.58333333333333,426.4166666666667,40.33333333333333,1021.0833333333334
2023-09-17 17:00:00,21.045454545454547,44.0,472.09090909090907,42.18181818181818,1020.9454545454545,21.045454545454547,43.99999999999999,472.09090909090907,42.18181818181817,1020.9454545454545
2023-09-17 18:00:00,21.483333333333334,44.0,514.9166666666666,41.166666666666664,1020.9499999999999,21.483333333333334,44.0,514.9166666666666,41.16666666666666,1020.9499999999999
2023-09-17 19:00:00,21.61666666666667,43.083333333333336,512.5,41.0,1020.975,21.61666666666667,43.083333333333336,512.5,40.99999999999999,1020.975
2023-09-17 20:00:00,21.666666666666668,43.0,494.5,39.583333333333336,1020.7083333333334,21.666666666666668,43.0,494.50000000000006,39.58333333333333,1020.7083333333334
2023-09-17 21:00:00,21.483333333333334,43.0,449.4166666666667,38.083333333333336,1020.3083333333334,21.483333333333334,43.0,449.4166666666667,38.08333333333332,1020.3083333333334
2023-09-17 22:00:00,21.216666666666665,43.0,442.0,38.416666666666664,1019.875,21.216666666666665,43.0,442.0,38.41666666666665,1019.875
2023-09-17 23:00:00,21.008333333333333,43.333333333333336,436.3333333333333,37.666666666666664,1019.3916666666668,21.008333333333333,43.33333333333333,436.3333333333333,37.66666666666665,1019.3916666666668
2023-09-18 00:00:00,20.90833333333333,44.0,435.0833333333333,37.416666666666664,1018.8416666666667,20.90833333333333,43.99999999999999,435.0833333333333,37.41666666666665,1018.8416666666667
2023-09-18 01:00:00,20.8,44.916666666666664,432.4166666666667,38.25,1018.1333333333333,20.8,44.91666666666665,432.4166666666667,38.24999999999999,1018.1333333333333
2023-09-18 02:00:00,20.891666666666666,45.916666666666664,438.9166666666667,37.166666666666664,1017.3833333333333,20.891666666666666,45.91666666666665,438.9166666666667,37.16666666666666,1017.3833333333333
2023-09-18 03:00:00,20.8,47.333333333333336,433.9166666666667,37.333333333333336,1016.8249999999999,20.8,47.33333333333332,433.9166666666667,37.33333333333333,1016.8249999999999
2023-09-18 04:00:00,20.88181818181818,48.36363636363637,440.54545454545456,37.36363636363637,1016.1090909090909,20.88181818181818,48.36363636363635,440.5454545454545,37.36363636363636,1016.1090909090909
2023-09-18 05:00:00,20.849999999999998,49.333333333333336,443.5,37.333333333333336,1015.0916666666667,20.849999999999998,49.33333333333332,443.49999999999994,37.33333333333333,1015.0916666666667
2023-09-18 06:00:00,20.650000000000002,50.0,438.5,38.333333333333336,1014.0833333333334,20.650000000000002,49.999999999999986,438.49999999999994,38.33333333333333,1014.0833333333334
2023-09-18 07:00:00,20.483333333333334,50.916666666666664,438.5,39.75,1013.475,20.483333333333334,50.91666666666665,438.49999999999994,39.74999999999999,1013.475
2023-09-18 08:00:00,20.175,51.0,431.3333333333333,40.0,1012.5,20.175,50.999999999999986,431.33333333333326,39.99999999999999,1012.5
2023-09-18 09:00:00,20.233333333333334,51.583333333333336,433.0833333333333,39.333333333333336,1011.4083333333333,20.233333333333334,51.58333333333332,433.08333333333326,39.33333333333333,1011.4083333333333
2023-09-18 10:00:00,20.283333333333335,52.0,449.25,41.833333333333336,1010.4499999999999,20.283333333333335,51.999999999999986,449.25,41.83333333333333,1010.4499999999999
2023-09-18 11:00:00,20.15,52.0,447.5,41.666666666666664,1009.4583333333334,20.15,51.999999999999986,447.49999999999994,41.66666666666666,1009.4583333333334
2023-09-18 12:00:00,19.858333333333334,52.666666666666664,421.8333333333333,40.0,1008.7333333333332,19.85833333333333,52.66666666666664,421.83333333333326,39.99999999999999,1008.7333333333332
2023-09-18 13:00:00,19.974999999999998,53.333333333333336,431.0833333333333,44.666666666666664,1007.85,19.974999999999994,53.33333333333332,431.0833333333333,44.666666666666664,1007.85
2023-09-18 14:00:00,19.933333333333334,54.416666666666664,421.5833333333333,40.75,1006.7083333333334,19.93333333333333,54.41666666666665,421.58333333333326,40.74999999999999,1006.7083333333334
2023-09-18 15:00:00,19.745454545454546,55.36363636363637,417.45454545454544,41.90909090909091,1005.2636363636364,19.745454545454542,55.363636363636346,417.4545454545454,41.909090909090914,1005.2636363636364
2023-09-18 16:00:00,19.95,56.0,421.5,40.083333333333336,1003.6083333333332,19.949999999999996,55.999999999999986,421.49999999999994,40.08333333333334,1003.6083333333332
2023-09-18 17:00:00,20.3,56.0,432.4166666666667,40.5,1001.9583333333334,20.3,55.999999999999986,432.41666666666663,40.50000000000001,1001.9583333333334
2023-09-18 18:00:00,20.650000000000002,56.666666666666664,458.25,39.666666666666664,1001.1750000000001,20.650000000000002,56.66666666666666,458.24999999999994,39.66666666666667,1001.1750000000001
2023-09-18 19:00:00,21.158333333333335,56.916666666666664,464.6666666666667,39.666666666666664,999.9333333333334,21.158333333333335,56.91666666666666,464.66666666666663,39.66666666666667,999.9333333333334
2023-09-18 20:00:00,21.5,57.0,486.6666666666667,41.166666666666664,998.475,21.5,57.0,486.6666666666667,41.16666666666667,998.475
2023-09-18 21:00:00,21.8,57.75,486.1666666666667,43.583333333333336,998.4333333333334,21.8,57.74999999999999,486.16666666666663,43.58333333333334,998.4333333333334
2023-09-18 22:00:00,22.09166666666667,58.0,486.75,39.0,998.3000000000001,22.09166666666667,58.0,486.74999999999994,39.00000000000001,998.3000000000001
2023-09-18 23:00:00,22.325,58.666666666666664,500.1666666666667,41.25,997.9333333333334,22.325,58.666666666666664,500.1666666666667,41.25000000000001,997.9333333333334
2023-09-19 00:00:00,22.55,59.0,512.25,37.083333333333336,997.35,22.55,59.00000000000001,512.25,37.08333333333334,997.35
2023-09-19 01:00:00,22.78333333333333,59.0,514.9166666666666,37.0,996.4083333333333,22.78333333333333,59.00000000000001,514.9166666666666,37.00000000000001,996.4083333333333
2023-09-19 02:00:00,22.954545454545453,59.0,522.5454545454545,37.0,995.5090909090909,22.954545454545453,59.00000000000001,522.5454545454545,37.00000000000001,995.5090909090909
2023-09-19 03:00:00,23.09166666666667,58.083333333333336,538.75,37.0,994.3833333333333,23.09166666666667,58.08333333333335,538.75,37.0,994.3833333333333
2023-09-19 04:00:00,23.208333333333332,58.0,530.5833333333334,37.0,992.9250000000001,23.208333333333332,58.00000000000002,530.5833333333334,37.0,992.9250000000001
2023-09-19 05:00:00,23.3,58.0,532.0833333333334,37.0,991.3249999999999,23.3,58.00000000000002,532.0833333333334,37.0,991.3249999999999
2023-09-19 06:00:00,23.349999999999998,57.083333333333336,532.5,37.833333333333336,989.85,23.349999999999998,57.083333333333364,532.5,37.833333333333336,989.85
2023-09-19 07:00:00,23.349999999999998,56.833333333333336,522.6666666666666,37.333333333333336,989.3833333333333,23.349999999999998,56.833333333333364,522.6666666666666,37.333333333333336,989.3833333333333
2023-09-19 08:00:00,23.3,55.416666666666664,514.0833333333334,37.25,989.8166666666666,23.3,55.41666666666669,514.0833333333334,37.25,989.8166666666666
2023-09-19 09:00:00,23.3,54.416666666666664,511.1666666666667,37.0,989.8666666666667,23.3,54.41666666666669,511.16666666666663,37.0,989.8666666666667
2023-09-19 10:00:00,23.34166666666667,53.833333333333336,504.8333333333333,38.583333333333336,990.2416666666667,23.34166666666667,53.833333333333364,504.83333333333326,38.583333333333336,990.2416666666667
2023-09-19 11:00:00,23.3,52.416666666666664,501.6666666666667,39.083333333333336,990.6333333333333,23.3,52.41666666666669,501.66666666666663,39.083333333333336,990.6333333333333
2023-09-19 12:00:00,23.233333333333334,50.5,498.3333333333333,38.666666666666664,991.2333333333332,23.233333333333334,50.50000000000003,498.33333333333326,38.666666666666664,991.2333333333332
2023-09-19 13:00:00,23.327272727272724,49.09090909090909,644.7272727272727,44.18181818181818,991.5090909090909,23.32727272727272,49.09090909090912,644.7272727272729,44.18181818181818,991.5090909090909
2023-09-19 14:00:00,22.883333333333336,47.5,552.25,45.916666666666664,991.6916666666666,22.883333333333336,47.50000000000002,552.25,45.916666666666664,991.6916666666666
2023-09-19 15:00:00,22.016666666666666,46.083333333333336,472.1666666666667,43.916666666666664,991.9250000000001,22.016666666666666,46.08333333333335,472.1666666666667,43.916666666666664,991.9250000000001
2023-09-19 16:00:00,21.791666666666668,46.0,453.4166666666667,43.5,992.2083333333334,21.791666666666668,46.00000000000001,453.4166666666667,43.5,992.2083333333334
2023-09-19 17:00:00,21.46666666666667,46.083333333333336,449.5,43.666666666666664,992.2166666666667,21.46666666666667,46.08333333333334,449.5,43.666666666666664,992.2166666666667
2023-09-19 18:00:00,21.175,47.0,449.6666666666667,44.5,991.5666666666666,21.175,47.0,449.6666666666667,44.5,991.5666666666666
2023-09-19 19:00:00,20.483333333333334,48.916666666666664,449.5,40.916666666666664,991.1333333333333,20.483333333333334,48.91666666666666,449.5,40.916666666666664,991.1333333333333
2023-09-19 20:00:00,21.008333333333333,50.25,522.5833333333334,40.083333333333336,990.5833333333334,21.008333333333333,50.25,522.5833333333335,40.083333333333336,990.5833333333334
2023-09-19 21:00:00,22.183333333333334,50.583333333333336,651.3333333333334,43.333333333333336,989.8166666666666,22.18333333333333,50.58333333333335,651.3333333333335,43.333333333333336,989.8166666666666
2023-09-19 22:00:00,22.349999999999998,50.25,572.8333333333334,39.333333333333336,989.6833333333334,22.349999999999998,50.250000000000014,572.8333333333335,39.333333333333336,989.6833333333334
2023-09-19 23:00:00,22.925,50.333333333333336,696.5833333333334,46.583333333333336,990.3333333333334,22.924999999999997,50.33333333333336,696.5833333333335,46.58333333333334,990.3333333333334
2023-09-20 00:00:00,22.854545454545455,50.09090909090909,703.5454545454545,39.81818181818182,991.1272727272727,22.854545454545452,50.090909090909115,703.5454545454546,39.81818181818182,991.1272727272727
2023-09-20 01:00:00,22.366666666666664,49.333333333333336,633.1666666666666,36.916666666666664,991.75,22.36666666666666,49.33333333333335,633.1666666666667,36.916666666666664,991.75
2023-09-20 02:00:00,22.2,49.0,623.5833333333334,36.666666666666664,992.4333333333334,22.199999999999996,49.000000000000014,623.5833333333335,36.666666666666664,992.4333333333334
2023-09-20 03:00:00,22.150000000000002,48.333333333333336,612.1666666666666,37.25,992.8666666666667,22.150000000000002,48.33333333333335,612.1666666666667,37.25,992.8666666666667
2023-09-20 04:00:00,21.958333333333332,48.0,612.6666666666666,37.083333333333336,993.3916666666668,21.958333333333332,48.00000000000001,612.6666666666667,37.083333333333336,993.3916666666668
2023-09-20 05:00:00,21.858333333333334,48.5,619.5,37.25,993.7916666666666,21.85833333333333,48.50000000000001,619.5000000000001,37.25,993.7916666666666
2023-09-20 06:00:00,21.71666666666667,49.083333333333336,617.4166666666666,37.5,994.525,21.71666666666667,49.083333333333336,617.4166666666667,37.5,994.525
2023-09-20 07:00:00,21.600000000000005,50.0,604.1666666666666,37.75,994.6583333333333,21.600000000000005,50.0,604.1666666666667,37.75,994.6583333333333
2023-09-20 08:00:00,21.600000000000005,50.0,606.3333333333334,38.083333333333336,994.8333333333334,21.600000000000005,50.0,606.3333333333335,38.083333333333336,994.8333333333334
2023-09-20 09:00:00,21.708333333333332,51.0,594.4166666666666,40.5,995.2083333333334,21.708333333333332,51.0,594.4166666666667,40.5,995.2083333333334
2023-09-20 10:00:00,21.833333333333332,51.0,678.8333333333334,40.416666666666664,995.3249999999999,21.83333333333333,51.00000000000001,678.8333333333335,40.416666666666664,995.3249999999999
2023-09-20 11:00:00,22.263636363636365,51.0,675.0909090909091,45.81818181818182,995.2545454545453,22.263636363636362,51.00000000000001,675.0909090909092,45.81818181818183,995.2545454545453
2023-09-20 12:00:00,22.508333333333336,52.5,663.8333333333334,42.416666666666664,995.3083333333334,22.508333333333333,52.500000000000014,663.8333333333335,42.416666666666664,995.3083333333334
2023-09-20 13:00:00,22.166666666666668,56.5,571.1666666666666,44.083333333333336,995.8833333333333,22.166666666666668,56.50000000000001,571.1666666666667,44.08333333333334,995.8833333333333
2023-09-20 14:00:00,21.816666666666666,58.5,514.3333333333334,44.833333333333336,996.4333333333334,21.816666666666666,58.5,514.3333333333334,44.83333333333334,996.4333333333334
2023-09-20 15:00:00,21.55,59.833333333333336,462.5833333333333,41.833333333333336,996.5583333333334,21.55,59.83333333333333,462.58333333333326,41.83333333333334,996.5583333333334
2023-09-20 16:00:00,21.633333333333336,60.0,487.5833333333333,43.75,996.8083333333334,21.633333333333336,59.99999999999999,487.5833333333333,43.75000000000001,996.8083333333334
2023-09-20 17:00:00,22.0,60.0,508.0,44.666666666666664,996.8583333333332,22.0,60.0,508.0,44.66666666666667,996.8583333333332
2023-09-20 18:00:00,22.066666666666666,60.0,520.6666666666666,43.833333333333336,997.225,22.066666666666666,60.0,520.6666666666666,43.83333333333334,997.225
2023-09-20 19:00:00,22.175,60.0,573.4166666666666,45.666666666666664,997.5083333333333,22.175,60.0,573.4166666666667,45.66666666666667,997.5083333333333
2023-09-20 20:00:00,22.358333333333334,59.916666666666664,562.3333333333334,44.666666666666664,997.8166666666666,22.358333333333334,59.916666666666664,562.3333333333335,44.66666666666667,997.8166666666666
2023-09-20 21:00:00,22.25,60.666666666666664,578.9166666666666,47.083333333333336,998.0083333333333,22.250000000000004,60.666666666666664,578.9166666666667,47.08333333333334,998.0083333333333
2023-09-20 22:00:00,21.763636363636365,61.81818181818182,535.6363636363636,44.63636363636363,998.1181818181819,21.76363636363637,61.81818181818181,535.6363636363637,44.63636363636364,998.1181818181819
2023-09-20 23:00:00,22.349999999999998,61.75,728.3333333333334,40.416666666666664,998.15,22.349999999999998,61.75,728.3333333333336,40.41666666666667,998.15
2023-09-21 00:00:00,22.425,61.166666666666664,677.25,39.666666666666664,998.5583333333334,22.424999999999997,61.166666666666664,677.2500000000001,39.66666666666667,998.5583333333334
2023-09-21 01:00:00,21.958333333333332,62.0,592.6666666666666,39.416666666666664,998.4583333333334,21.958333333333336,62.0,592.6666666666666,39.41666666666667,998.4583333333334
2023-09-21 02:00:00,21.808333333333334,62.0,586.0,38.583333333333336,998.3000000000001,21.808333333333337,61.99999999999999,586.0,38.58333333333334,998.3000000000001
2023-09-21 03:00:00,21.8,62.0,568.5,38.0,997.9416666666666,21.800000000000004,61.99999999999999,568.5,38.00000000000001,997.9416666666666
2023-09-21 04:00:00,21.825,62.0,564.25,37.833333333333336,997.625,21.825000000000003,62.0,564.25,37.83333333333334,997.625
2023-09-21 05:00:00,21.88333333333333,62.0,560.5,37.916666666666664,997.4666666666667,21.883333333333333,62.0,560.5,37.91666666666667,997.4666666666667
2023-09-21 06:00:00,21.766666666666666,62.0,547.1666666666666,38.333333333333336,997.1,21.76666666666667,61.99999999999999,547.1666666666666,38.33333333333334,997.1
2023-09-21 07:00:00,21.71666666666667,62.0,545.5,39.25,996.8916666666665,21.716666666666672,61.99999999999999,545.5,39.25000000000001,996.8916666666665
2023-09-21 08:00:00,21.816666666666666,62.0,573.0833333333334,39.75,996.8583333333332,21.81666666666667,62.0,573.0833333333334,39.75000000000001,996.8583333333332
2023-09-21 09:00:00,22.041666666666668,62.0,591.0,39.666666666666664,996.65,22.04166666666667,62.0,591.0,39.66666666666667,996.65
2023-09-21 10:00:00,22.15833333333333,62.0,530.3333333333334,42.166666666666664,996.6333333333333,22.158333333333335,62.0,530.3333333333334,42.16666666666667,996.6333333333333
2023-09-21 11:00:00,22.34166666666667,62.0,532.5833333333334,43.166666666666664,996.4499999999999,22.341666666666672,62.0,532.5833333333334,43.16666666666667,996.4499999999999
2023-09-21 12:00:00,22.5,60.916666666666664,527.6666666666666,46.916666666666664,996.5166666666668,22.500000000000004,60.91666666666667,527.6666666666666,46.91666666666667,996.5166666666668
2023-09-21 13:00:00,22.224999999999998,60.0,508.1666666666667,45.5,996.8833333333333,22.224999999999998,60.0,508.1666666666667,45.50000000000001,996.8833333333333
2023-09-21 14:00:00,21.954545454545453,60.0,495.3636363636364,43.27272727272727,996.9363636363636,21.954545454545453,60.0,495.3636363636364,43.27272727272728,996.9363636363636
2023-09-21 15:00:00,21.84166666666667,60.583333333333336,477.4166666666667,42.333333333333336,996.9333333333334,21.84166666666667,60.583333333333336,477.41666666666663,42.33333333333334,996.9333333333334
2023-09-21 16:00:00,21.916666666666668,61.0,500.75,42.833333333333336,996.8583333333332,21.91666666666667,61.0,500.75,42.83333333333334,996.8583333333332
2023-09-21 17:00:00,22.575,60.666666666666664,519.9166666666666,40.083333333333336,996.7416666666667,22.575,60.66666666666667,519.9166666666666,40.08333333333334,996.7416666666667
2023-09-21 18:00:00,22.816666666666666,60.0,525.75,43.416666666666664,996.7333333333332,22.816666666666666,60.00000000000001,525.75,43.41666666666667,996.7333333333332
2023-09-21 19:00:00,22.816666666666666,60.833333333333336,574.0,43.583333333333336,996.9333333333334,22.816666666666666,60.83333333333334,574.0,43.58333333333335,996.9333333333334
2023-09-21 20:00:00,22.90833333333333,61.0,575.75,42.916666666666664,997.3666666666667,22.908333333333335,61.00000000000001,575.7500000000001,42.91666666666667,997.3666666666667
2023-09-21 21:00:00,22.866666666666664,60.5,532.3333333333334,38.5,997.9416666666666,22.866666666666664,60.50000000000001,532.3333333333334,38.50000000000001,997.9416666666666
2023-09-21 22:00:00,22.666666666666668,60.0,511.4166666666667,38.916666666666664,997.8416666666667,22.666666666666668,60.00000000000001,511.4166666666667,38.91666666666667,997.8416666666667
2023-09-21 23:00:00,22.516666666666666,60.0,527.75,39.0,997.5833333333334,22.516666666666666,60.00000000000001,527.75,39.00000000000001,997.5833333333334
2023-09-22 00:00:00,22.099999999999998,60.666666666666664,534.8333333333334,44.583333333333336,997.025,22.099999999999998,60.666666666666664,534.8333333333334,44.58333333333334,997.025
2023-09-22 01:00:00,21.545454545454547,61.72727272727273,506.27272727272725,41.54545454545455,996.0545454545455,21.54545454545455,61.72727272727272,506.27272727272725,41.545454545454554,996.0545454545455
2023-09-22 02:00:00,21.099999999999998,62.666666666666664,488.4166666666667,38.083333333333336,995.0833333333334,21.1,62.66666666666665,488.4166666666667,38.08333333333334,995.0833333333334
2023-09-22 03:00:00,21.333333333333332,63.0,506.4166666666667,37.5,994.1416666666668,21.333333333333336,62.99999999999999,506.4166666666667,37.50000000000001,994.1416666666668
2023-09-22 04:00:00,21.40833333333333,63.0,501.25,37.75,993.9916666666667,21.408333333333335,62.99999999999999,501.25,37.75000000000001,993.9916666666667
2023-09-22 05:00:00,21.375,63.916666666666664,501.9166666666667,38.333333333333336,993.85,21.375000000000004,63.91666666666666,501.9166666666667,38.33333333333334,993.85
2023-09-22 06:00:00,21.34166666666667,65.0,490.8333333333333,38.75,993.25,21.341666666666672,65.0,490.8333333333333,38.75000000000001,993.25
2023-09-22 07:00:00,21.266666666666666,65.0,500.5,41.0,992.9250000000001,21.26666666666667,65.0,500.5,41.00000000000001,992.9250000000001
2023-09-22 08:00:00,20.833333333333332,65.16666666666667,483.0,39.416666666666664,993.625,20.833333333333336,65.16666666666666,483.0,39.41666666666667,993.625
2023-09-22 09:00:00,20.400000000000002,64.33333333333333,462.8333333333333,38.833333333333336,993.9416666666666,20.400000000000006,64.33333333333331,462.8333333333333,38.83333333333334,993.9416666666666
2023-09-22 10:00:00,20.108333333333334,64.0,464.4166666666667,40.75,993.6500000000001,20.108333333333338,63.99999999999997,464.4166666666667,40.75000000000001,993.6500000000001
2023-09-22 11:00:00,19.883333333333333,64.0,451.3333333333333,42.416666666666664,993.9083333333333,19.883333333333333,63.99999999999997,451.3333333333333,42.41666666666667,993.9083333333333
2023-09-22 12:00:00,19.772727272727273,64.81818181818181,439.3636363636364,42.72727272727273,994.2090909090908,19.772727272727273,64.81818181818178,439.3636363636363,42.727272727272734,994.2090909090908
2023-09-22 13:00:00,19.9,64.83333333333333,448.0833333333333,43.583333333333336,994.7833333333333,19.9,64.83333333333331,448.08333333333326,43.58333333333334,994.7833333333333
2023-09-22 14:00:00,19.816666666666666,63.916666666666664,440.8333333333333,39.5,995.5749999999999,19.816666666666666,63.916666666666636,440.83333333333326,39.50000000000001,995.5749999999999
2023-09-22 15:00:00,19.775000000000002,63.0,431.3333333333333,39.416666666666664,995.7833333333333,19.775000000000002,62.99999999999997,431.33333333333326,39.41666666666667,995.7833333333333
2023-09-22 16:00:00,19.683333333333334,62.083333333333336,425.9166666666667,39.666666666666664,996.5833333333334,19.683333333333334,62.08333333333331,425.91666666666663,39.66666666666667,996.5833333333334
2023-09-22 17:00:00,19.508333333333333,61.0,424.5,39.25,997.1999999999999,19.50833333333333,60.99999999999997,424.49999999999994,39.25000000000001,997.1999999999999
2023-09-22 18:00:00,19.391666666666666,60.333333333333336,431.25,40.75,997.8666666666667,19.391666666666662,60.33333333333331,431.24999999999994,40.75000000000001,997.8666666666667
2023-09-22 19:00:00,19.008333333333333,60.0,428.5,42.333333333333336,998.3333333333334,19.00833333333333,59.999999999999964,428.49999999999994,42.33333333333334,998.3333333333334
2023-09-22 20:00:00,18.658333333333335,61.0,421.8333333333333,39.25,998.7416666666667,18.65833333333333,60.999999999999964,421.83333333333326,39.25000000000001,998.7416666666667
2023-09-22 21:00:00,18.441666666666666,61.5,424.6666666666667,46.0,999.0,18.441666666666666,61.49999999999996,424.6666666666667,46.00000000000001,999.0
2023-09-22 22:00:00,18.241666666666667,62.0,420.5,39.583333333333336,999.4499999999999,18.241666666666667,61.99999999999996,420.5,39.58333333333334,999.4499999999999
2023-09-22 23:00:00,17.936363636363637,62.0,418.09090909090907,44.72727272727273,999.7,17.936363636363637,61.99999999999995,418.09090909090907,44.727272727272734,999.7
2023-09-23 00:00:00,17.766666666666666,62.333333333333336,421.1666666666667,41.833333333333336,1000.1083333333335,17.766666666666666,62.333333333333286,421.1666666666667,41.83333333333334,1000.1083333333335
2023-09-23 01:00:00,18.175,62.0,438.1666666666667,39.583333333333336,1000.1916666666666,18.175,61.99999999999996,438.1666666666667,39.58333333333334,1000.1916666666666
2023-09-23 02:00:00,17.991666666666667,61.333333333333336,431.5833333333333,38.666666666666664,1000.2333333333332,17.991666666666667,61.333333333333286,431.5833333333333,38.66666666666667,1000.2333333333332
2023-09-23 03:00:00,17.9,61.916666666666664,431.25,39.75,1000.4666666666667,17.9,61.916666666666615,431.25,39.75000000000001,1000.4666666666667
2023-09-23 04:00:00,17.849999999999998,62.0,427.8333333333333,38.25,1000.5833333333334,17.849999999999998,61.99999999999995,427.8333333333333,38.25000000000001,1000.5833333333334
2023-09-23 05:00:00,17.758333333333333,62.0,421.5,37.166666666666664,1000.875,17.758333333333333,61.99999999999995,421.5,37.16666666666667,1000.875
2023-09-23 06:00:00,17.691666666666666,62.0,425.3333333333333,37.5,1001.3249999999999,17.691666666666666,61.99999999999995,425.3333333333333,37.50000000000001,1001.3249999999999
2023-09-23 07:00:00,17.591666666666665,62.083333333333336,425.8333333333333,37.416666666666664,1001.9333333333334,17.591666666666665,62.083333333333286,425.8333333333333,37.41666666666667,1001.9333333333334
2023-09-23 08:00:00,18.291666666666668,62.083333333333336,456.6666666666667,37.916666666666664,1002.5583333333334,18.291666666666668,62.08333333333329,456.6666666666667,37.91666666666667,1002.5583333333334
2023-09-23 09:00:00,19.016666666666666,61.166666666666664,457.75,38.5,1003.025,19.016666666666662,61.16666666666663,457.75,38.50000000000001,1003.025
2023-09-23 10:00:00,19.063636363636366,62.0,439.27272727272725,38.45454545454545,1003.4545454545455,19.063636363636366,61.999999999999964,439.27272727272725,38.45454545454546,1003.4545454545455
2023-09-23 11:00:00,19.141666666666666,61.25,429.4166666666667,40.583333333333336,1003.5166666666668,19.141666666666666,61.249999999999964,429.41666666666663,40.58333333333334,1003.5166666666668
2023-09-23 12:00:00,19.541666666666668,60.583333333333336,425.5833333333333,41.5,1003.6333333333333,19.541666666666664,60.58333333333331,425.58333333333326,41.50000000000001,1003.6333333333333
2023-09-23 13:00:00,19.716666666666665,60.25,421.1666666666667,38.916666666666664,1004.1333333333333,19.71666666666666,60.24999999999997,421.16666666666663,38.91666666666667,1004.1333333333333
2023-09-23 14:00:00,20.183333333333334,59.75,489.0833333333333,50.916666666666664,1004.5,20.183333333333334,59.74999999999998,489.08333333333337,50.91666666666667,1004.5
2023-09-23 15:00:00,20.466666666666665,57.5,487.3333333333333,44.5,1004.8249999999999,20.466666666666665,57.499999999999986,487.3333333333333,44.50000000000001,1004.8249999999999
2023-09-23 16:00:00,20.5,56.5,447.0833333333333,39.25,1005.1666666666666,20.5,56.499999999999986,447.08333333333326,39.25000000000001,1005.1666666666666
2023-09-23 17:00:00,20.216666666666665,56.0,422.75,39.833333333333336,1005.5166666666668,20.216666666666665,55.999999999999986,422.74999999999994,39.83333333333334,1005.5166666666668
2023-09-23 18:00:00,20.14166666666667,56.0,448.3333333333333,40.083333333333336,1005.8833333333333,20.14166666666667,55.999999999999986,448.33333333333326,40.083333333333336,1005.8833333333333
2023-09-23 19:00:00,20.116666666666667,57.0,457.6666666666667,39.583333333333336,1006.15,20.116666666666667,56.999999999999986,457.6666666666667,39.583333333333336,1006.15
2023-09-23 20:00:00,19.908333333333335,57.0,431.25,38.75,1006.5749999999999,19.90833333333333,56.99999999999998,431.24999999999994,38.75,1006.5749999999999
2023-09-23 21:00:00,19.8,57.18181818181818,439.0,45.63636363636363,1007.0181818181819,19.799999999999997,57.18181818181816,438.99999999999994,45.63636363636363,1007.0181818181819
2023-09-23 22:00:00,19.308333333333334,58.0,442.1666666666667,50.25,1007.3333333333334,19.30833333333333,57.99999999999997,442.16666666666674,50.25,1007.3333333333334
2023-09-23 23:00:00,18.716666666666665,57.916666666666664,449.0833333333333,42.916666666666664,1008.0,18.71666666666666,57.91666666666663,449.0833333333333,42.916666666666664,1008.0
2023-09-24 00:00:00,19.516666666666666,56.416666666666664,439.9166666666667,37.416666666666664,1008.6750000000001,19.516666666666662,56.41666666666664,439.91666666666663,37.41666666666666,1008.6750000000001
2023-09-24 01:00:00,19.758333333333333,54.416666666666664,430.9166666666667,37.0,1009.5333333333333,19.75833333333333,54.41666666666664,430.91666666666663,36.99999999999999,1009.5333333333333
2023-09-24 02:00:00,19.974999999999998,52.833333333333336,431.0833333333333,37.0,1010.35,19.974999999999994,52.83333333333332,431.08333333333326,36.99999999999999,1010.35
2023-09-24 03:00:00,20.0,51.75,441.0,36.75,1011.0749999999999,19.999999999999996,51.749999999999986,440.99999999999994,36.74999999999999,1011.0749999999999
2023-09-24 04:00:00,20.0,50.666666666666664,447.4166666666667,36.666666666666664,1011.9416666666666,19.999999999999996,50.66666666666665,447.41666666666663,36.66666666666666,1011.9416666666666
2023-09-24 05:00:00,20.008333333333333,50.0,457.25,36.5,1012.725,20.008333333333333,49.999999999999986,457.25,36.49999999999999,1012.725
2023-09-24 06:00:00,20.083333333333332,49.166666666666664,442.25,36.5,1013.6,20.083333333333332,49.16666666666665,442.24999999999994,36.49999999999999,1013.6
2023-09-24 07:00:00,20.1,49.0,450.5,36.5,1014.5749999999999,20.1,48.99999999999998,450.49999999999994,36.49999999999999,1014.5749999999999
2023-09-24 08:00:00,20.12727272727273,48.45454545454545,441.45454545454544,36.63636363636363,1015.5909090909091,20.12727272727273,48.45454545454543,441.4545454545454,36.636363636363626,1015.5909090909091
2023-09-24 09:00:00,20.275000000000002,48.0,433.8333333333333,36.75,1016.4166666666666,20.275000000000002,47.99999999999998,433.83333333333326,36.74999999999999,1016.4166666666666
2023-09-24 10:00:00,20.591666666666665,47.833333333333336,433.5833333333333,38.666666666666664,1017.4916666666667,20.591666666666665,47.83333333333332,433.5833333333333,38.66666666666666,1017.4916666666667
2023-09-24 11:00:00,20.825,46.5,435.9166666666667,37.0,1018.2583333333333,20.825,46.499999999999986,435.9166666666667,36.99999999999999,1018.2583333333333
2023-09-24 12:00:00,20.9,45.25,426.75,37.083333333333336,1018.7583333333333,20.9,45.249999999999986,426.75,37.08333333333333,1018.7583333333333
2023-09-24 13:00:00,20.841666666666665,44.333333333333336,430.4166666666667,36.916666666666664,1019.2833333333333,20.841666666666665,44.33333333333333,430.4166666666667,36.91666666666665,1019.2833333333333
2023-09-24 14:00:00,20.8,44.0,424.4166666666667,37.25,1019.9583333333334,20.8,43.99999999999999,424.4166666666667,37.249999999999986,1019.9583333333334
2023-09-24 15:00:00,20.8,44.083333333333336,426.75,38.0,1020.5333333333333,20.8,44.08333333333333,426.75,37.99999999999999,1020.5333333333333
2023-09-24 16:00:00,20.783333333333335,45.25,425.75,42.333333333333336,1020.5749999999999,20.783333333333335,45.249999999999986,425.75,42.33333333333333,1020.5749999999999
2023-09-24 17:00:00,20.783333333333335,46.5,430.25,38.75,1020.4666666666667,20.783333333333335,46.499999999999986,430.25,38.74999999999999,1020.4666666666667
2023-09-24 18:00:00,20.85833333333333,47.666666666666664,428.1666666666667,38.083333333333336,1020.5416666666666,20.85833333333333,47.66666666666665,428.1666666666667,38.08333333333333,1020.5416666666666
2023-09-24 19:00:00,20.9,48.72727272727273,435.09090909090907,38.72727272727273,1020.7727272727273,20.9,48.72727272727271,435.09090909090907,38.72727272727272,1020.7727272727273
2023-09-24 20:00:00,20.966666666666665,49.666666666666664,446.0,42.916666666666664,1021.0666666666666,20.966666666666665,49.66666666666665,446.0,42.91666666666666,1021.0666666666666
2023-09-24 21:00:00,20.849999999999998,51.0,464.0833333333333,43.583333333333336,1021.125,20.849999999999998,50.999999999999986,464.0833333333333,43.58333333333333,1021.125
2023-09-24 22:00:00,20.525000000000002,52.166666666666664,444.8333333333333,40.833333333333336,1021.1833333333334,20.525000000000002,52.16666666666664,444.83333333333326,40.83333333333333,1021.1833333333334
2023-09-24 23:00:00,20.599999999999998,54.416666666666664,475.4166666666667,38.75,1021.0583333333334,20.599999999999998,54.41666666666665,475.4166666666667,38.74999999999999,1021.0583333333334
2023-09-25 00:00:00,20.941666666666666,55.0,469.3333333333333,38.25,1020.8083333333333,20.941666666666666,54.999999999999986,469.33333333333326,38.24999999999999,1020.8083333333333
2023-09-25 01:00:00,20.90833333333333,55.0,524.9166666666666,37.083333333333336,1020.8583333333332,20.90833333333333,54.999999999999986,524.9166666666667,37.08333333333333,1020.8583333333332
2023-09-25 02:00:00,20.925,55.0,527.6666666666666,37.0,1020.6583333333333,20.925,54.999999999999986,527.6666666666667,36.99999999999999,1020.6583333333333
2023-09-25 03:00:00,21.0,55.0,538.3333333333334,37.0,1020.3833333333333,21.0,54.999999999999986,538.3333333333335,36.99999999999999,1020.3833333333333
2023-09-25 04:00:00,20.933333333333334,54.166666666666664,518.1666666666666,37.083333333333336,1019.9583333333334,20.933333333333334,54.16666666666665,518.1666666666667,37.08333333333333,1019.9583333333334
2023-09-25 05:00:00,20.5,54.18181818181818,460.45454545454544,37.18181818181818,1019.5454545454545,20.5,54.18181818181816,460.4545454545454,37.18181818181817,1019.5454545454545
2023-09-25 06:00:00,20.163636363636364,55.0,456.45454545454544,37.81818181818182,1019.4181818181819,20.163636363636364,54.99999999999998,456.45454545454544,37.81818181818181,1019.4181818181819
2023-09-25 07:00:00,20.375,55.75,495.1666666666667,38.083333333333336,1018.9166666666666,20.375,55.74999999999998,495.1666666666667,38.08333333333333,1018.9166666666666
2023-09-25 08:00:00,20.216666666666665,56.0,493.3333333333333,38.5,1018.6,20.216666666666665,55.99999999999998,493.3333333333333,38.49999999999999,1018.6
2023-09-25 09:00:00,20.275000000000002,56.0,490.8333333333333,48.5,1018.7583333333333,20.275000000000002,55.99999999999998,490.83333333333337,48.5,1018.7583333333333
2023-09-25 10:00:00,20.125,56.75,428.5,45.25,1018.6500000000001,20.125,56.74999999999998,428.49999999999994,45.25,1018.6500000000001
2023-09-25 11:00:00,20.241666666666667,57.0,451.6666666666667,47.833333333333336,1018.3833333333333,20.241666666666667,56.99999999999998,451.6666666666667,47.833333333333336,1018.3833333333333
2023-09-25 12:00:00,20.816666666666666,56.916666666666664,483.75,45.666666666666664,1018.0833333333334,20.816666666666666,56.91666666666665,483.75,45.666666666666664,1018.0833333333334
2023-09-25 13:00:00,21.066666666666666,56.0,469.0,43.333333333333336,1018.5083333333333,21.066666666666666,55.999999999999986,468.99999999999994,43.333333333333336,1018.5083333333333
2023-09-25 14:00:00,21.383333333333336,56.916666666666664,521.6666666666666,41.0,1018.5833333333334,21.383333333333336,56.91666666666666,521.6666666666666,41.0,1018.5833333333334
2023-09-25 15:00:00,21.358333333333334,57.0,467.5833333333333,39.333333333333336,1018.6833333333334,21.358333333333334,56.99999999999999,467.58333333333326,39.333333333333336,1018.6833333333334
2023-09-25 16:00:00,21.183333333333334,56.083333333333336,472.8333333333333,40.416666666666664,1018.4583333333334,21.183333333333334,56.08333333333333,472.83333333333326,40.416666666666664,1018.4583333333334
2023-09-25 17:00:00,21.2,56.36363636363637,471.90909090909093,39.27272727272727,1018.3363636363637,21.2,56.36363636363636,471.9090909090909,39.27272727272727,1018.3363636363637
2023-09-25 18:00:00,21.325,57.583333333333336,556.3333333333334,41.666666666666664,1018.4916666666667,21.325,57.58333333333333,556.3333333333335,41.666666666666664,1018.4916666666667
2023-09-25 19:00:00,21.53333333333333,58.0,565.75,40.833333333333336,1018.625,21.53333333333333,57.999999999999986,565.7500000000001,40.833333333333336,1018.625
2023-09-25 20:00:00,21.916666666666668,58.0,545.3333333333334,41.166666666666664,1018.9250000000001,21.916666666666668,57.99999999999999,545.3333333333335,41.166666666666664,1018.9250000000001
2023-09-25 21:00:00,22.066666666666666,57.5,518.75,40.333333333333336,1019.3000000000001,22.066666666666666,57.5,518.75,40.333333333333336,1019.3000000000001
2023-09-25 22:00:00,22.166666666666668,58.0,613.5,44.0,1019.5749999999999,22.166666666666668,57.99999999999999,613.5000000000001,44.0,1019.5749999999999
2023-09-25 23:00:00,22.34166666666667,58.0,599.8333333333334,38.666666666666664,1019.9416666666666,22.34166666666667,57.99999999999999,599.8333333333335,38.666666666666664,1019.9416666666666
2023-09-26 00:00:00,22.474999999999998,58.333333333333336,543.0833333333334,42.916666666666664,1020.0833333333334,22.474999999999998,58.333333333333336,543.0833333333334,42.916666666666664,1020.0833333333334
2023-09-26 01:00:00,22.333333333333332,58.0,567.3333333333334,43.583333333333336,1020.3916666666668,22.333333333333332,57.99999999999999,567.3333333333335,43.583333333333336,1020.3916666666668
2023-09-26 02:00:00,21.733333333333334,58.083333333333336,500.6666666666667,40.5,1020.725,21.733333333333334,58.08333333333332,500.6666666666667,40.5,1020.725
2023-09-26 03:00:00,20.491666666666667,59.666666666666664,450.9166666666667,38.833333333333336,1020.975,20.491666666666667,59.666666666666636,450.91666666666663,38.833333333333336,1020.975
2023-09-26 04:00:00,20.19090909090909,60.63636363636363,449.09090909090907,37.45454545454545,1021.1272727272727,20.19090909090909,60.636363636363605,449.090909090909,37.45454545454545,1021.1272727272727
2023-09-26 05:00:00,19.891666666666666,61.0,443.0,37.75,1021.3166666666666,19.891666666666662,60.999999999999964,442.99999999999994,37.75,1021.3166666666666
2023-09-26 06:00:00,19.675,62.0,440.5,37.916666666666664,1021.4666666666667,19.675,61.999999999999964,440.49999999999994,37.916666666666664,1021.4666666666667
2023-09-26 07:00:00,19.433333333333334,62.333333333333336,436.5833333333333,38.75,1021.6333333333333,19.433333333333334,62.3333333333333,436.58333333333326,38.75,1021.6333333333333
2023-09-26 08:00:00,19.2,63.083333333333336,438.5833333333333,38.666666666666664,1022.1833333333334,19.199999999999996,63.08333333333329,438.5833333333333,38.66666666666666,1022.1833333333334
2023-09-26 09:00:00,19.416666666666668,64.0,442.0,39.916666666666664,1022.65,19.416666666666664,63.999999999999964,442.0,39.916666666666664,1022.65
2023-09-26 10:00:00,19.9,63.333333333333336,431.9166666666667,43.833333333333336,1022.9583333333334,19.9,63.3333333333333,431.91666666666663,43.833333333333336,1022.9583333333334
2023-09-26 11:00:00,19.933333333333334,62.416666666666664,425.25,40.666666666666664,1023.1500000000001,19.933333333333334,62.416666666666636,425.24999999999994,40.666666666666664,1023.1500000000001
2023-09-26 12:00:00,20.141666666666666,61.583333333333336,429.0,39.916666666666664,1023.1750000000001,20.14166666666667,61.58333333333331,428.99999999999994,39.916666666666664,1023.1750000000001
2023-09-26 13:00:00,20.316666666666666,60.25,434.0833333333333,39.166666666666664,1022.9166666666666,20.316666666666666,60.24999999999997,434.08333333333326,39.166666666666664,1022.9166666666666
2023-09-26 14:00:00,20.633333333333336,59.333333333333336,444.0,41.0,1022.4166666666666,20.633333333333336,59.333333333333314,443.99999999999994,41.0,1022.4166666666666
2023-09-26 15:00:00,20.7,59.0,454.09090909090907,44.09090909090909,1021.9818181818181,20.7,58.99999999999998,454.090909090909,44.09090909090909,1021.9818181818181
2023-09-26 16:00:00,20.983333333333334,60.083333333333336,533.6666666666666,47.25,1021.8416666666667,20.983333333333334,60.083333333333314,533.6666666666667,47.25,1021.8416666666667
2023-09-26 17:00:00,21.108333333333334,60.333333333333336,487.3333333333333,41.0,1021.5833333333334,21.108333333333334,60.333333333333314,487.3333333333333,41.0,1021.5833333333334
2023-09-26 18:00:00,21.233333333333334,61.0,520.25,43.083333333333336,1021.5,21.233333333333338,60.999999999999986,520.2500000000001,43.083333333333336,1021.5
2023-09-26 19:00:00,21.400000000000002,61.0,575.25,44.75,1021.2833333333333,21.400000000000006,60.999999999999986,575.2500000000001,44.75,1021.2833333333333
2023-09-26 20:00:00,21.216666666666665,61.166666666666664,554.0833333333334,43.75,1021.0583333333334,21.21666666666667,61.16666666666665,554.0833333333335,43.75,1021.0583333333334
2023-09-26 21:00:00,21.258333333333333,61.083333333333336,489.0,38.916666666666664,1020.6666666666666,21.258333333333333,61.08333333333332,489.0,38.916666666666664,1020.6666666666666
2023-09-26 22:00:00,21.61666666666667,58.916666666666664,487.6666666666667,38.75,1020.4083333333333,21.61666666666667,58.91666666666665,487.6666666666667,38.75,1020.4083333333333
2023-09-26 23:00:00,21.53333333333333,57.083333333333336,490.5,43.333333333333336,1020.1083333333332,21.53333333333333,57.08333333333333,490.5,43.333333333333336,1020.1083333333332
2023-09-27 00:00:00,20.974999999999998,56.0,487.6666666666667,37.666666666666664,1019.6083333333332,20.974999999999998,55.999999999999986,487.6666666666667,37.66666666666666,1019.6083333333332
2023-09-27 01:00:00,20.166666666666668,57.0,478.1666666666667,37.166666666666664,1019.0833333333334,20.166666666666668,56.99999999999998,478.1666666666667,37.16666666666666,1019.0833333333334
2023-09-27 02:00:00,19.89090909090909,57.45454545454545,463.1818181818182,36.81818181818182,1018.6181818181819,19.890909090909087,57.454545454545425,463.1818181818182,36.81818181818181,1018.6181818181819
2023-09-27 03:00:00,19.691666666666666,58.083333333333336,449.5833333333333,37.0,1018.2666666666668,19.691666666666663,58.0833333333333,449.5833333333333,36.99999999999999,1018.2666666666668
2023-09-27 04:00:00,19.525000000000002,59.0,463.9166666666667,36.833333333333336,1017.6166666666667,19.525,58.999999999999964,463.9166666666667,36.833333333333336,1017.6166666666667
2023-09-27 05:00:00,19.5,59.916666666666664,455.1666666666667,36.833333333333336,1016.975,19.499999999999996,59.91666666666663,455.1666666666667,36.833333333333336,1016.975
2023-09-27 06:00:00,19.5,60.916666666666664,456.3333333333333,37.75,1016.7166666666667,19.499999999999996,60.91666666666663,456.3333333333333,37.75,1016.7166666666667
2023-09-27 07:00:00,19.650000000000002,61.75,479.25,40.25,1016.4166666666666,19.650000000000002,61.749999999999964,479.25,40.25,1016.4166666666666
2023-09-27 08:00:00,20.375,61.083333333333336,466.0,38.083333333333336,1015.9416666666666,20.375,61.08333333333331,466.0,38.083333333333336,1015.9416666666666
2023-09-27 09:00:00,20.59166666666667,61.5,453.25,38.916666666666664,1016.375,20.591666666666672,61.49999999999998,453.24999999999994,38.916666666666664,1016.375
2023-09-27 10:00:00,20.666666666666668,62.0,480.3333333333333,39.0,1016.4333333333334,20.66666666666667,61.99999999999998,480.3333333333333,39.0,1016.4333333333334
2023-09-27 11:00:00,20.883333333333333,63.0,489.4166666666667,41.583333333333336,1016.7583333333333,20.883333333333336,62.99999999999998,489.4166666666667,41.583333333333336,1016.7583333333333
2023-09-27 12:00:00,21.025000000000002,63.0,489.4166666666667,40.0,1016.8666666666667,21.025000000000006,62.99999999999998,489.4166666666667,40.0,1016.8666666666667
2023-09-27 13:00:00,21.227272727272727,63.0,492.1818181818182,40.54545454545455,1016.9545454545455,21.22727272727273,62.999999999999986,492.1818181818182,40.54545454545455,1016.9545454545455
2023-09-27 14:00:00,21.666666666666668,62.0,510.25,41.0,1017.0,21.66666666666667,61.999999999999986,510.25,41.0,1017.0
2023-09-27 15:00:00,22.53333333333333,61.166666666666664,579.6666666666666,43.333333333333336,1017.1583333333333,22.533333333333335,61.166666666666664,579.6666666666667,43.333333333333336,1017.1583333333333
2023-09-27 16:00:00,22.191666666666666,60.083333333333336,525.6666666666666,43.916666666666664,1017.2416666666667,22.191666666666666,60.08333333333333,525.6666666666666,43.916666666666664,1017.2416666666667
2023-09-27 17:00:00,22.183333333333334,59.833333333333336,534.4166666666666,41.416666666666664,1017.3916666666668,22.183333333333334,59.83333333333333,534.4166666666666,41.416666666666664,1017.3916666666668
2023-09-27 18:00:00,22.633333333333336,59.083333333333336,513.0,39.5,1017.7916666666666,22.633333333333336,59.083333333333336,513.0,39.5,1017.7916666666666
2023-09-27 19:00:00,23.191666666666666,57.583333333333336,575.75,45.916666666666664,1018.4333333333334,23.191666666666666,57.58333333333335,575.7500000000001,45.916666666666664,1018.4333333333334
2023-09-27 20:00:00,23.016666666666666,57.0,547.5,44.75,1018.5083333333333,23.016666666666666,57.00000000000001,547.5,44.75,1018.5083333333333
2023-09-27 21:00:00,22.691666666666666,57.0,512.5,38.916666666666664,1018.1416666666668,22.691666666666666,57.00000000000001,512.5,38.916666666666664,1018.1416666666668
2023-09-27 22:00:00,22.441666666666666,57.0,502.0833333333333,38.583333333333336,1018.3249999999999,22.441666666666666,57.0,502.0833333333333,38.583333333333336,1018.3249999999999
2023-09-27 23:00:00,21.641666666666666,57.25,494.4166666666667,39.583333333333336,1018.2833333333333,21.641666666666666,57.24999999999999,494.4166666666667,39.583333333333336,1018.2833333333333
2023-09-28 00:00:00,20.863636363636363,58.0,478.27272727272725,37.63636363636363,1018.1,20.863636363636363,57.99999999999998,478.27272727272725,37.63636363636363,1018.1
2023-09-28 01:00:00,20.64166666666667,58.0,520.1666666666666,38.666666666666664,1017.7083333333334,20.64166666666667,57.99999999999998,520.1666666666667,38.666666666666664,1017.7083333333334
2023-09-28 02:00:00,19.991666666666667,58.0,477.3333333333333,36.916666666666664,1017.5500000000001,19.991666666666664,57.99999999999997,477.3333333333333,36.91666666666666,1017.5500000000001
2023-09-28 03:00:00,19.283333333333335,58.083333333333336,448.6666666666667,36.666666666666664,1016.9416666666666,19.28333333333333,58.0833333333333,448.6666666666667,36.66666666666666,1016.9416666666666
2023-09-28 04:00:00,18.925,59.0,440.5833333333333,36.833333333333336,1016.1583333333333,18.924999999999997,58.99999999999996,440.5833333333333,36.833333333333336,1016.1583333333333
2023-09-28 05:00:00,18.724999999999998,59.166666666666664,456.4166666666667,36.833333333333336,1015.875,18.724999999999994,59.16666666666662,456.4166666666667,36.833333333333336,1015.875
2023-09-28 06:00:00,18.733333333333334,60.0,445.9166666666667,37.666666666666664,1015.1,18.73333333333333,59.99999999999996,445.9166666666667,37.666666666666664,1015.1
2023-09-28 07:00:00,18.825,61.166666666666664,443.0,38.166666666666664,1014.4416666666666,18.824999999999996,61.16666666666662,443.0,38.166666666666664,1014.4416666666666
2023-09-28 08:00:00,19.008333333333333,62.583333333333336,453.25,38.416666666666664,1013.7916666666666,19.008333333333333,62.58333333333329,453.25,38.416666666666664,1013.7916666666666
2023-09-28 09:00:00,19.391666666666666,63.333333333333336,480.75,40.333333333333336,1012.4833333333332,19.391666666666666,63.33333333333331,480.75,40.333333333333336,1012.4833333333332
2023-09-28 10:00:00,20.316666666666666,62.833333333333336,470.75,39.083333333333336,1011.8833333333333,20.31666666666667,62.833333333333314,470.75,39.083333333333336,1011.8833333333333
2023-09-28 11:00:00,20.654545454545456,62.0,494.54545454545456,42.72727272727273,1011.2363636363636,20.65454545454546,61.999999999999986,494.54545454545456,42.72727272727273,1011.2363636363636
2023-09-28 12:00:00,21.041666666666668,62.25,504.6666666666667,41.75,1010.5749999999999,21.04166666666667,62.249999999999986,504.6666666666667,41.75,1010.5749999999999
2023-09-28 13:00:00,21.175,63.583333333333336,491.0833333333333,39.333333333333336,1010.5,21.175000000000004,63.58333333333332,491.0833333333333,39.333333333333336,1010.5
2023-09-28 14:00:00,21.1,64.0,469.4166666666667,38.583333333333336,1010.3166666666666,21.100000000000005,63.999999999999986,469.41666666666663,38.583333333333336,1010.3166666666666
2023-09-28 15:00:00,21.083333333333332,64.58333333333333,473.6666666666667,39.416666666666664,1010.3166666666666,21.083333333333336,64.58333333333331,473.6666666666667,39.416666666666664,1010.3166666666666
2023-09-28 16:00:00,20.974999999999998,65.0,468.5833333333333,40.416666666666664,1010.4499999999999,20.975,64.99999999999997,468.58333333333326,40.416666666666664,1010.4499999999999
2023-09-28 17:00:00,21.2,63.333333333333336,501.75,46.833333333333336,1010.7083333333334,21.200000000000003,63.33333333333333,501.75,46.833333333333336,1010.7083333333334
2023-09-28 18:00:00,20.925,62.0,453.75,38.416666666666664,1011.1333333333333,20.925000000000004,61.999999999999986,453.74999999999994,38.416666666666664,1011.1333333333333
2023-09-28 19:00:00,20.716666666666665,62.0,450.75,40.583333333333336,1011.3333333333334,20.71666666666667,61.999999999999986,450.74999999999994,40.583333333333336,1011.3333333333334
2023-09-28 20:00:00,20.608333333333334,62.333333333333336,461.8333333333333,39.75,1011.4166666666666,20.608333333333338,62.33333333333332,461.83333333333326,39.75,1011.4166666666666
2023-09-28 21:00:00,20.6,63.0,456.6666666666667,38.166666666666664,1011.5166666666668,20.600000000000005,62.999999999999986,456.66666666666663,38.166666666666664,1011.5166666666668
2023-09-28 22:00:00,20.581818181818182,63.0,447.1818181818182,38.63636363636363,1011.8363636363637,20.581818181818186,62.999999999999986,447.18181818181813,38.63636363636363,1011.8363636363637
2023-09-28 23:00:00,20.558333333333334,63.0,457.5,39.0,1011.875,20.558333333333337,62.999999999999986,457.49999999999994,39.0,1011.875
2023-09-29 00:00:00,20.64166666666667,62.75,468.1666666666667,37.833333333333336,1011.6833333333334,20.641666666666673,62.749999999999986,468.1666666666667,37.833333333333336,1011.6833333333334
2023-09-29 01:00:00,20.433333333333334,63.0,453.0833333333333,36.916666666666664,1011.4666666666667,20.433333333333337,62.99999999999998,453.08333333333326,36.916666666666664,1011.4666666666667
2023-09-29 02:00:00,20.333333333333332,63.0,448.75,36.833333333333336,1011.1,20.333333333333336,62.99999999999998,448.74999999999994,36.833333333333336,1011.1
2023-09-29 03:00:00,20.3,62.666666666666664,441.4166666666667,36.416666666666664,1011.0583333333334,20.300000000000004,62.66666666666664,441.41666666666663,36.416666666666664,1011.0583333333334
2023-09-29 04:00:00,20.216666666666665,62.0,449.6666666666667,36.5,1010.5666666666666,20.21666666666667,61.99999999999998,449.66666666666663,36.5,1010.5666666666666
2023-09-29 05:00:00,20.2,62.0,449.0,36.5,1010.1666666666666,20.200000000000003,61.99999999999998,448.99999999999994,36.5,1010.1666666666666
2023-09-29 06:00:00,20.14166666666667,62.0,445.4166666666667,36.916666666666664,1009.8000000000001,20.141666666666673,61.99999999999998,445.41666666666663,36.916666666666664,1009.8000000000001
2023-09-29 07:00:00,20.108333333333334,62.833333333333336,450.75,37.0,1009.5333333333333,20.108333333333338,62.833333333333314,450.74999999999994,37.0,1009.5333333333333
2023-09-29 08:00:00,20.041666666666668,63.0,450.0,37.333333333333336,1009.4,20.04166666666667,62.99999999999998,449.99999999999994,37.333333333333336,1009.4
2023-09-29 09:00:00,19.972727272727273,63.0,448.45454545454544,37.36363636363637,1009.2727272727273,19.972727272727273,62.99999999999998,448.4545454545454,37.36363636363637,1009.2727272727273
2023-09-29 10:00:00,20.05,63.0,443.6666666666667,37.833333333333336,1009.3666666666667,20.050000000000004,62.99999999999998,443.66666666666663,37.833333333333336,1009.3666666666667
2023-09-29 11:00:00,20.158333333333335,63.0,443.9166666666667,37.75,1009.3416666666667,20.15833333333334,62.99999999999998,443.91666666666663,37.75,1009.3416666666667
2023-09-29 12:00:00,20.23333333333333,62.833333333333336,446.75,49.333333333333336,1009.2833333333333,20.233333333333334,62.833333333333314,446.74999999999994,49.33333333333334,1009.2833333333333
2023-09-29 13:00:00,20.258333333333333,61.666666666666664,434.9166666666667,39.833333333333336,1009.2083333333334,20.258333333333336,61.66666666666664,434.91666666666663,39.833333333333336,1009.2083333333334
2023-09-29 14:00:00,20.191666666666666,60.916666666666664,453.9166666666667,41.0,1008.7833333333333,20.191666666666666,60.91666666666664,453.91666666666663,41.0,1008.7833333333333
2023-09-29 15:00:00,20.224999999999998,60.416666666666664,435.4166666666667,37.833333333333336,1008.4083333333333,20.224999999999998,60.41666666666664,435.41666666666663,37.833333333333336,1008.4083333333333
2023-09-29 16:00:00,20.0,61.416666666666664,434.25,38.0,1007.8833333333333,20.0,61.41666666666664,434.24999999999994,38.0,1007.8833333333333
2023-09-29 17:00:00,19.766666666666666,62.0,430.8333333333333,37.833333333333336,1007.0583333333334,19.766666666666666,61.99999999999997,430.83333333333326,37.833333333333336,1007.0583333333334
2023-09-29 18:00:00,19.5,62.666666666666664,429.8333333333333,38.25,1006.6416666666668,19.5,62.666666666666636,429.83333333333326,38.25,1006.6416666666668
2023-09-29 19:00:00,19.48333333333333,63.333333333333336,461.6666666666667,44.333333333333336,1006.6666666666666,19.48333333333333,63.33333333333331,461.6666666666667,44.333333333333336,1006.6666666666666
2023-09-29 20:00:00,20.418181818181818,62.54545454545455,507.45454545454544,46.81818181818182,1006.8272727272728,20.41818181818182,62.545454545454525,507.45454545454544,46.81818181818182,1006.8272727272728
2023-09-29 21:00:00,19.983333333333334,61.916666666666664,458.8333333333333,38.416666666666664,1006.5833333333334,19.983333333333334,61.91666666666664,458.8333333333333,38.416666666666664,1006.5833333333334
2023-09-29 22:00:00,19.5,62.916666666666664,435.5,39.916666666666664,1006.3666666666667,19.5,62.916666666666636,435.49999999999994,39.916666666666664,1006.3666666666667
2023-09-29 23:00:00,20.733333333333334,62.583333333333336,551.5,45.083333333333336,1006.6999999999999,20.733333333333338,62.58333333333332,551.5000000000001,45.083333333333336,1006.6999999999999
2023-09-30 00:00:00,20.991666666666667,59.583333333333336,530.5833333333334,43.583333333333336,1007.1833333333334,20.991666666666667,59.58333333333332,530.5833333333335,43.583333333333336,1007.1833333333334
2023-09-30 01:00:00,19.358333333333334,59.0,431.5833333333333,37.0,1007.2083333333334,19.35833333333333,58.99999999999997,431.58333333333326,37.0,1007.2083333333334
2023-09-30 02:00:00,18.825,59.75,423.75,36.75,1007.3083333333334,18.824999999999996,59.749999999999964,423.74999999999994,36.75,1007.3083333333334
2023-09-30 03:00:00,18.633333333333336,60.0,419.75,37.833333333333336,1007.1999999999999,18.633333333333333,59.99999999999996,419.74999999999994,37.833333333333336,1007.1999999999999
2023-09-30 04:00:00,18.941666666666666,60.0,462.4166666666667,37.25,1007.0500000000001,18.941666666666663,59.999999999999964,462.4166666666667,37.25,1007.0500000000001
2023-09-30 05:00:00,19.441666666666666,59.25,497.3333333333333,36.833333333333336,1007.0666666666666,19.441666666666663,59.24999999999997,497.3333333333333,36.833333333333336,1007.0666666666666
2023-09-30 06:00:00,19.508333333333333,58.5,475.8333333333333,36.583333333333336,1006.8666666666667,19.50833333333333,58.49999999999997,475.8333333333333,36.58333333333333,1006.8666666666667
2023-09-30 07:00:00,19.536363636363635,58.0,478.45454545454544,36.90909090909091,1007.0090909090909,19.53636363636363,57.99999999999997,478.45454545454544,36.9090909090909,1007.0090909090909
2023-09-30 08:00:00,19.900000000000002,57.416666666666664,500.1666666666667,37.0,1007.3916666666668,19.9,57.41666666666664,500.1666666666667,36.99999999999999,1007.3916666666668
2023-09-30 09:00:00,20.616666666666667,56.25,597.5833333333334,37.75,1007.8249999999999,20.616666666666667,56.24999999999999,597.5833333333335,37.74999999999999,1007.8249999999999
2023-09-30 10:00:00,21.175,55.5,669.8333333333334,38.416666666666664,1008.4333333333334,21.174999999999997,55.49999999999999,669.8333333333335,38.41666666666666,1008.4333333333334
2023-09-30 11:00:00,21.758333333333336,54.333333333333336,573.8333333333334,40.25,1009.4333333333334,21.758333333333336,54.333333333333336,573.8333333333335,40.24999999999999,1009.4333333333334
2023-09-30 12:00:00,22.150000000000002,54.5,550.8333333333334,41.166666666666664,1010.0333333333333,22.150000000000002,54.50000000000001,550.8333333333335,41.16666666666666,1010.0333333333333
2023-09-30 13:00:00,21.983333333333334,53.0,489.6666666666667,40.333333333333336,1010.625,21.983333333333334,53.00000000000001,489.66666666666663,40.33333333333333,1010.625
2023-09-30 14:00:00,21.55,52.5,453.5,38.75,1010.7666666666668,21.55,52.5,453.49999999999994,38.74999999999999,1010.7666666666668
2023-09-30 15:00:00,21.291666666666668,52.416666666666664,443.1666666666667,40.75,1011.0,21.291666666666668,52.416666666666664,443.16666666666663,40.74999999999999,1011.0
2023-09-30 16:00:00,20.48333333333333,53.75,440.75,47.416666666666664,1011.0166666666668,20.48333333333333,53.749999999999986,440.75,47.416666666666664,1011.0166666666668
2023-09-30 17:00:00,20.008333333333333,55.0,434.5833333333333,45.333333333333336,1011.2416666666667,20.008333333333333,54.999999999999986,434.5833333333333,45.333333333333336,1011.2416666666667
2023-09-30 18:00:00,19.318181818181817,56.0,417.45454545454544,39.54545454545455,1011.5818181818181,19.318181818181813,55.99999999999998,417.4545454545454,39.54545454545454,1011.5818181818181
2023-09-30 19:00:00,18.508333333333333,56.666666666666664,408.0,39.083333333333336,1011.9166666666666,18.50833333333333,56.66666666666663,407.99999999999994,39.083333333333336,1011.9166666666666
2023-09-30 20:00:00,18.275000000000002,54.916666666666664,415.5833333333333,40.916666666666664,1012.1916666666666,18.275,54.91666666666663,415.58333333333326,40.91666666666666,1012.1916666666666
2023-09-30 21:00:00,17.708333333333332,54.5,418.1666666666667,39.166666666666664,1012.4499999999999,17.70833333333333,54.49999999999996,418.1666666666667,39.16666666666666,1012.4499999999999
2023-09-30 22:00:00,19.091666666666665,54.25,627.5833333333334,41.25,1012.5583333333334,19.091666666666658,54.24999999999997,627.5833333333336,41.25,1012.5583333333334
2023-09-30 23:00:00,20.583333333333332,52.583333333333336,832.5833333333334,41.583333333333336,1013.125,20.58333333333333,52.58333333333333,832.5833333333336,41.583333333333336,1013.125
