Timestamp,Temperature,Humidity,CO2,Noise,Pressure
2023-07-01 00:00:00,22.05,53.416666666666664,544.9166666666666,43.0,1000.6666666666666
2023-07-01 01:00:00,21.349999999999998,53.0,513.1666666666666,39.333333333333336,1000.4499999999999
2023-07-01 02:00:00,21.099999999999998,53.0,503.25,39.25,1000.1750000000001
2023-07-01 03:00:00,20.883333333333333,53.75,499.25,39.25,999.9833333333332
2023-07-01 04:00:00,20.7,54.083333333333336,489.4166666666667,39.333333333333336,999.5
2023-07-01 05:00:00,20.55,55.0,484.8333333333333,39.416666666666664,999.2833333333333
2023-07-01 06:00:00,20.833333333333332,55.416666666666664,502.5,39.333333333333336,999.0
2023-07-01 07:00:00,21.0,55.0,500.72727272727275,39.63636363636363,998.7818181818183
2023-07-01 08:00:00,21.241666666666667,54.0,522.6666666666666,40.75,998.6333333333333
2023-07-01 09:00:00,21.741666666666664,53.083333333333336,490.1666666666667,45.666666666666664,998.4499999999999
2023-07-01 10:00:00,22.166666666666668,52.416666666666664,490.1666666666667,42.583333333333336,998.3499999999999
2023-07-01 11:00:00,22.675,50.916666666666664,511.3333333333333,40.666666666666664,998.15
2023-07-01 12:00:00,22.991666666666664,49.583333333333336,529.1666666666666,44.25,997.5583333333334
2023-07-01 13:00:00,22.933333333333334,48.916666666666664,503.5,40.833333333333336,997.0916666666667
2023-07-01 14:00:00,22.566666666666666,48.916666666666664,454.3333333333333,40.916666666666664,996.8000000000001
2023-07-01 15:00:00,22.491666666666664,48.75,446.5833333333333,41.083333333333336,996.4083333333333
2023-07-01 16:00:00,22.316666666666666,49.0,446.5,40.5,995.9666666666667
2023-07-01 17:00:00,22.3,49.0,441.5,40.333333333333336,995.4583333333334
2023-07-01 18:00:00,22.19090909090909,50.09090909090909,445.8181818181818,40.36363636363637,994.8727272727273
2023-07-01 19:00:00,22.03333333333333,52.083333333333336,444.8333333333333,40.083333333333336,994.2666666666668
2023-07-01 20:00:00,21.958333333333332,53.833333333333336,440.6666666666667,40.333333333333336,993.6333333333333
2023-07-01 21:00:00,21.875,54.0,437.4166666666667,40.166666666666664,993.3583333333332
2023-07-01 22:00:00,21.708333333333332,54.333333333333336,431.5833333333333,40.5,992.9
2023-07-01 23:00:00,21.516666666666666,55.5,427.5,40.416666666666664,992.4166666666666
2023-07-02 00:00:00,21.375,56.25,432.9166666666667,40.083333333333336,991.85
2023-07-02 01:00:00,21.791666666666668,56.333333333333336,443.8333333333333,39.583333333333336,991.2833333333333
2023-07-02 02:00:00,22.0,56.0,453.5,39.5,990.6
2023-07-02 03:00:00,22.008333333333336,56.666666666666664,457.9166666666667,39.916666666666664,990.0833333333334
2023-07-02 04:00:00,21.983333333333334,57.0,449.9166666666667,39.5,989.6
2023-07-02 05:00:00,21.9,57.0,450.8181818181818,39.54545454545455,989.0
2023-07-02 06:00:00,21.741666666666664,57.416666666666664,441.1666666666667,39.583333333333336,988.6166666666667
2023-07-02 07:00:00,21.7,58.0,444.75,40.0,988.225
2023-07-02 08:00:00,21.508333333333336,58.333333333333336,437.25,40.416666666666664,988.0666666666666
2023-07-02 09:00:00,21.208333333333332,58.833333333333336,430.0,39.666666666666664,988.3583333333332
2023-07-02 10:00:00,21.2,57.416666666666664,428.75,40.833333333333336,988.8416666666667
2023-07-02 11:00:00,21.108333333333334,55.666666666666664,423.3333333333333,40.916666666666664,989.2333333333335
2023-07-02 12:00:00,21.066666666666666,53.666666666666664,415.0833333333333,41.833333333333336,989.5500000000001
2023-07-02 13:00:00,21.116666666666667,52.0,415.0,41.916666666666664,989.6583333333333
2023-07-02 14:00:00,20.958333333333332,51.0,411.9166666666667,41.5,989.6833333333334
2023-07-02 15:00:00,20.808333333333334,50.583333333333336,404.75,42.0,990.1500000000001
2023-07-02 16:00:00,20.545454545454547,50.63636363636363,403.0,42.18181818181818,990.1545454545455
2023-07-02 17:00:00,20.375,50.916666666666664,401.6666666666667,41.666666666666664,989.8249999999999
2023-07-02 18:00:00,20.349999999999998,51.75,433.3333333333333,43.416666666666664,989.3416666666667
2023-07-02 19:00:00,20.55,52.0,454.9166666666667,42.416666666666664,988.9499999999999
2023-07-02 20:00:00,21.0,52.0,420.1666666666667,41.0,988.5583333333334
2023-07-02 21:00:00,21.391666666666666,52.0,495.0833333333333,43.75,988.5083333333333
2023-07-02 22:00:00,21.325,52.0,459.75,43.166666666666664,988.25
2023-07-02 23:00:00,20.625,52.583333333333336,441.5833333333333,43.333333333333336,987.9583333333334
2023-07-03 00:00:00,19.900000000000002,53.0,442.0833333333333,39.583333333333336,987.8333333333334
2023-07-03 01:00:00,19.216666666666665,53.083333333333336,434.6666666666667,39.666666666666664,987.6750000000001
2023-07-03 02:00:00,18.791666666666668,53.916666666666664,432.3333333333333,39.416666666666664,987.6500000000001
2023-07-03 03:00:00,18.472727272727273,54.27272727272727,424.72727272727275,39.54545454545455,987.5
2023-07-03 04:00:00,18.4,55.416666666666664,420.0833333333333,39.416666666666664,987.1166666666667
2023-07-03 05:00:00,18.5,56.166666666666664,409.0,39.5,986.65
2023-07-03 06:00:00,18.59166666666667,57.166666666666664,409.75,40.083333333333336,986.6
2023-07-03 07:00:00,18.875,58.5,406.1666666666667,40.25,986.7833333333333
2023-07-03 08:00:00,19.075,59.916666666666664,397.6666666666667,41.333333333333336,987.2833333333333
2023-07-03 09:00:00,19.341666666666665,59.0,416.5833333333333,42.5,987.85
2023-07-03 10:00:00,19.099999999999998,59.0,413.3333333333333,43.25,988.4166666666666
2023-07-03 11:00:00,19.55,58.5,450.9166666666667,45.5,989.1
2023-07-03 12:00:00,20.141666666666666,57.0,461.75,44.0,989.5166666666668
2023-07-03 13:00:00,20.88181818181818,55.45454545454545,474.54545454545456,51.54545454545455,990.0727272727272
2023-07-03 14:00:00,21.416666666666668,54.583333333333336,498.75,51.166666666666664,990.4499999999999
2023-07-03 15:00:00,21.84166666666667,54.0,539.0,45.833333333333336,990.9
2023-07-03 16:00:00,22.358333333333334,53.25,625.25,46.333333333333336,991.4583333333334
2023-07-03 17:00:00,21.708333333333332,53.0,585.5,46.833333333333336,991.875
2023-07-03 18:00:00,21.041666666666668,52.666666666666664,484.0833333333333,43.0,992.2333333333332
2023-07-03 19:00:00,20.058333333333334,52.75,451.4166666666667,43.25,992.475
2023-07-03 20:00:00,21.216666666666665,53.416666666666664,594.5833333333334,45.5,992.6750000000001
2023-07-03 21:00:00,21.733333333333334,52.5,639.9166666666666,43.916666666666664,992.8583333333332
2023-07-03 22:00:00,21.650000000000002,53.75,565.8333333333334,45.666666666666664,993.1916666666667
2023-07-03 23:00:00,21.358333333333334,53.833333333333336,548.1666666666666,46.5,993.2916666666666
2023-07-04 00:00:00,19.71818181818182,54.0,439.1818181818182,41.54545454545455,993.4272727272728
2023-07-04 01:00:00,19.25,54.416666666666664,430.25,41.333333333333336,993.5416666666666
2023-07-04 02:00:00,18.841666666666665,55.0,420.3333333333333,41.25,993.5916666666667
2023-07-04 03:00:00,18.516666666666666,56.0,407.0,41.083333333333336,993.5166666666668
2023-07-04 04:00:00,18.375,56.0,407.4166666666667,41.583333333333336,993.5833333333334
2023-07-04 05:00:00,18.083333333333332,57.0,409.9166666666667,41.25,993.5749999999999
2023-07-04 06:00:00,18.041666666666668,57.0,406.25,41.416666666666664,993.5916666666667
2023-07-04 07:00:00,18.058333333333334,57.666666666666664,416.8333333333333,42.0,993.5583333333334
2023-07-04 08:00:00,18.866666666666667,57.333333333333336,467.0833333333333,42.0,994.1416666666668
2023-07-04 09:00:00,19.433333333333334,57.0,501.8333333333333,47.25,994.5833333333334
2023-07-04 10:00:00,19.95,56.166666666666664,499.1666666666667,41.416666666666664,994.9916666666667
2023-07-04 11:00:00,20.454545454545453,55.09090909090909,555.6363636363636,43.54545454545455,995.5181818181819
2023-07-04 12:00:00,21.858333333333334,55.583333333333336,735.1666666666666,46.083333333333336,995.9499999999999
2023-07-04 13:00:00,22.258333333333336,55.083333333333336,768.5,44.166666666666664,996.0916666666667
2023-07-04 14:00:00,22.108333333333334,55.0,550.4166666666666,43.75,996.475
2023-07-04 15:00:00,21.916666666666668,55.666666666666664,464.5833333333333,43.083333333333336,996.875
2023-07-04 16:00:00,21.96666666666667,56.416666666666664,571.0833333333334,45.083333333333336,997.3666666666667
2023-07-04 17:00:00,22.291666666666668,56.083333333333336,567.5833333333334,42.416666666666664,997.875
2023-07-04 18:00:00,22.633333333333336,56.0,577.5833333333334,41.583333333333336,998.2583333333333
2023-07-04 19:00:00,22.866666666666664,56.0,664.0833333333334,41.75,998.8666666666667
2023-07-04 20:00:00,22.991666666666664,56.0,679.0,41.416666666666664,999.0833333333334
2023-07-04 21:00:00,23.0,55.416666666666664,582.6666666666666,40.25,999.5083333333333
2023-07-04 22:00:00,22.8,55.0,552.0909090909091,40.27272727272727,1000.1636363636363
2023-07-04 23:00:00,22.5,54.166666666666664,537.8333333333334,40.416666666666664,1000.625
2023-07-05 00:00:00,22.34166666666667,54.0,598.0,52.583333333333336,1001.275
2023-07-05 01:00:00,21.075,54.666666666666664,511.6666666666667,38.916666666666664,1001.8000000000001
2023-07-05 02:00:00,20.225,56.0,477.9166666666667,38.916666666666664,1002.1916666666666
2023-07-05 03:00:00,19.825,56.0,471.9166666666667,38.5,1002.7083333333334
2023-07-05 04:00:00,19.45,56.0,474.75,39.0,1003.225
2023-07-05 05:00:00,19.416666666666668,56.5,477.5833333333333,39.083333333333336,1003.6916666666666
2023-07-05 06:00:00,20.041666666666668,56.0,518.8333333333334,39.833333333333336,1004.3833333333333
2023-07-05 07:00:00,20.958333333333332,55.083333333333336,562.3333333333334,40.0,1005.0083333333333
2023-07-05 08:00:00,21.641666666666666,52.666666666666664,578.5833333333334,41.666666666666664,1005.5749999999999
2023-07-05 09:00:00,22.563636363636363,50.27272727272727,566.3636363636364,40.63636363636363,1006.3545454545455
2023-07-05 10:00:00,23.333333333333332,48.416666666666664,584.4166666666666,40.416666666666664,1006.9250000000001
2023-07-05 11:00:00,23.59166666666667,46.0,602.3333333333334,41.083333333333336,1007.6166666666667
2023-07-05 12:00:00,23.75,44.333333333333336,601.0833333333334,41.166666666666664,1008.025
2023-07-05 13:00:00,24.150000000000002,43.416666666666664,657.9166666666666,46.666666666666664,1008.2083333333334
2023-07-05 14:00:00,24.741666666666664,44.333333333333336,753.8333333333334,43.666666666666664,1008.125
2023-07-05 15:00:00,24.675,42.583333333333336,607.0,39.916666666666664,1007.9083333333333
2023-07-05 16:00:00,24.34166666666667,42.0,520.5833333333334,41.0,1007.625
2023-07-05 17:00:00,24.066666666666666,43.0,521.25,40.666666666666664,1007.6083333333335
2023-07-05 18:00:00,23.683333333333334,44.583333333333336,504.6666666666667,39.916666666666664,1007.375
2023-07-05 19:00:00,23.25,46.833333333333336,504.25,41.916666666666664,1007.1999999999999
2023-07-05 20:00:00,23.027272727272727,47.90909090909091,486.72727272727275,41.18181818181818,1007.1454545454545
2023-07-05 21:00:00,22.8,49.416666666666664,490.5,40.333333333333336,1006.7166666666667
2023-07-05 22:00:00,22.325,50.5,620.25,58.25,1006.3583333333332
2023-07-05 23:00:00,21.458333333333332,52.166666666666664,547.3333333333334,40.666666666666664,1005.9416666666666
2023-07-06 00:00:00,19.908333333333335,54.75,439.25,39.166666666666664,1005.5416666666666
2023-07-06 01:00:00,19.349999999999998,56.583333333333336,422.8333333333333,38.416666666666664,1005.3083333333334
2023-07-06 02:00:00,19.14166666666667,57.833333333333336,421.25,38.666666666666664,1004.7083333333334
2023-07-06 03:00:00,19.175,58.916666666666664,448.0,38.333333333333336,1004.1416666666668
2023-07-06 04:00:00,19.641666666666666,59.0,484.6666666666667,38.166666666666664,1003.6833333333334
2023-07-06 05:00:00,19.841666666666665,59.0,491.0,38.666666666666664,1003.5083333333333
2023-07-06 06:00:00,19.85833333333333,58.666666666666664,502.0833333333333,39.083333333333336,1003.1916666666666
2023-07-06 07:00:00,20.05454545454546,58.0,497.45454545454544,39.36363636363637,1003.1272727272727
2023-07-06 08:00:00,20.625,57.166666666666664,521.1666666666666,40.416666666666664,1003.0833333333334
2023-07-06 09:00:00,21.0,55.583333333333336,484.3333333333333,40.0,1003.2583333333333
2023-07-06 10:00:00,21.341666666666665,54.333333333333336,486.4166666666667,41.083333333333336,1003.2666666666668
2023-07-06 11:00:00,21.625,54.0,508.75,42.583333333333336,1003.4916666666667
2023-07-06 12:00:00,22.15833333333333,53.0,547.5833333333334,42.333333333333336,1003.9583333333334
2023-07-06 13:00:00,22.375,53.916666666666664,525.9166666666666,45.666666666666664,1004.4333333333334
2023-07-06 14:00:00,22.358333333333334,55.416666666666664,586.4166666666666,48.25,1005.1583333333333
2023-07-06 15:00:00,21.974999999999998,58.416666666666664,514.5,43.416666666666664,1005.8000000000001
2023-07-06 16:00:00,22.083333333333332,59.0,520.8333333333334,51.083333333333336,1006.4416666666666
2023-07-06 17:00:00,22.40833333333333,58.916666666666664,540.0,44.333333333333336,1007.1666666666666
2023-07-06 18:00:00,22.7,58.90909090909091,548.6363636363636,46.09090909090909,1007.5181818181819
2023-07-06 19:00:00,23.125,58.5,601.5,48.166666666666664,1007.9583333333334
2023-07-06 20:00:00,23.358333333333334,58.0,595.0833333333334,58.583333333333336,1008.4916666666667
2023-07-06 21:00:00,23.375,58.0,642.0833333333334,50.166666666666664,1009.1666666666666
2023-07-06 22:00:00,23.125,57.083333333333336,526.0,42.333333333333336,1009.7583333333333
2023-07-06 23:00:00,22.325,58.25,547.3333333333334,42.75,1010.2666666666668
2023-07-07 00:00:00,21.316666666666666,59.666666666666664,507.1666666666667,38.166666666666664,1010.7583333333333
2023-07-07 01:00:00,20.849999999999998,60.583333333333336,493.0,38.166666666666664,1011.0666666666666
2023-07-07 02:00:00,20.408333333333335,61.0,494.0,38.0,1011.3916666666665
2023-07-07 03:00:00,20.033333333333335,61.0,528.3333333333334,38.083333333333336,1011.7333333333332
2023-07-07 04:00:00,19.783333333333335,61.166666666666664,522.6666666666666,38.166666666666664,1012.2583333333333
2023-07-07 05:00:00,19.845454545454547,62.18181818181818,514.9090909090909,38.18181818181818,1012.6727272727272
2023-07-07 06:00:00,20.058333333333334,63.0,526.0,39.166666666666664,1013.3583333333332
2023-07-07 07:00:00,20.858333333333334,62.833333333333336,629.9166666666666,39.5,1013.9499999999999
2023-07-07 08:00:00,22.0,61.833333333333336,668.1666666666666,41.166666666666664,1014.5583333333334
2023-07-07 09:00:00,22.75,59.583333333333336,586.5,39.5,1015.0166666666668
2023-07-07 10:00:00,23.075,57.75,510.5833333333333,39.333333333333336,1015.6583333333333
2023-07-07 11:00:00,23.40833333333333,56.416666666666664,495.5833333333333,39.5,1016.6083333333332
2023-07-07 12:00:00,23.566666666666666,54.5,497.4166666666667,39.5,1017.0416666666666
2023-07-07 13:00:00,23.575000000000003,52.916666666666664,495.5833333333333,39.333333333333336,1017.4583333333334
2023-07-07 14:00:00,23.5,52.0,490.0833333333333,39.5,1017.8000000000001
2023-07-07 15:00:00,23.427272727272726,51.09090909090909,483.09090909090907,39.90909090909091,1018.1909090909091
2023-07-07 16:00:00,23.25,51.166666666666664,481.25,39.75,1018.6
2023-07-07 17:00:00,23.258333333333336,51.0,477.75,40.333333333333336,1018.5916666666667
2023-07-07 18:00:00,23.241666666666664,51.333333333333336,476.5,39.833333333333336,1018.625
2023-07-07 19:00:00,23.2,52.0,476.0,39.583333333333336,1018.8583333333332
2023-07-07 20:00:00,23.2,53.0,474.9166666666667,39.916666666666664,1018.9916666666667
2023-07-07 21:00:00,23.11666666666667,53.5,475.6666666666667,39.416666666666664,1019.3333333333334
2023-07-07 22:00:00,23.03333333333333,54.0,476.9166666666667,39.416666666666664,1019.5416666666666
2023-07-07 23:00:00,22.916666666666668,53.416666666666664,478.9166666666667,39.166666666666664,1019.8166666666666
2023-07-08 00:00:00,22.766666666666666,53.0,478.0833333333333,38.916666666666664,1019.975
2023-07-08 01:00:00,22.683333333333334,53.0,485.0833333333333,38.75,1020.025
2023-07-08 02:00:00,22.563636363636366,53.0,495.3636363636364,38.54545454545455,1020.3363636363637
2023-07-08 03:00:00,22.358333333333334,53.0,506.9166666666667,38.833333333333336,1020.4416666666666
2023-07-08 04:00:00,22.241666666666664,53.0,502.9166666666667,38.5,1020.6083333333335
2023-07-08 05:00:00,22.141666666666666,53.0,494.5833333333333,38.833333333333336,1020.7916666666666
2023-07-08 06:00:00,22.058333333333334,53.5,516.25,38.833333333333336,1021.0500000000001
2023-07-08 07:00:00,22.09166666666667,54.25,495.75,38.666666666666664,1021.4250000000001
2023-07-08 08:00:00,22.59166666666667,55.0,487.9166666666667,39.083333333333336,1021.5416666666666
2023-07-08 09:00:00,23.224999999999998,54.916666666666664,491.1666666666667,38.916666666666664,1021.5749999999999
2023-07-08 10:00:00,23.708333333333332,54.0,498.75,39.5,1021.7083333333334
2023-07-08 11:00:00,24.099999999999998,53.083333333333336,498.25,39.666666666666664,1021.7000000000002
2023-07-08 12:00:00,24.433333333333334,52.083333333333336,504.8333333333333,39.0,1021.7666666666668
2023-07-08 13:00:00,24.6,52.0,507.09090909090907,39.18181818181818,1021.8
2023-07-08 14:00:00,24.458333333333332,52.583333333333336,505.6666666666667,39.333333333333336,1021.9416666666666
2023-07-08 15:00:00,24.399999999999995,53.583333333333336,508.4166666666667,39.25,1021.9
2023-07-08 16:00:00,24.399999999999995,54.25,507.8333333333333,39.666666666666664,1021.8333333333334
2023-07-08 17:00:00,24.416666666666668,55.0,511.5,39.166666666666664,1021.6083333333332
2023-07-08 18:00:00,24.5,53.583333333333336,512.5,39.166666666666664,1021.5416666666666
2023-07-08 19:00:00,24.45,51.666666666666664,510.0833333333333,39.583333333333336,1021.5833333333334
2023-07-08 20:00:00,24.391666666666666,51.25,511.8333333333333,39.5,1021.7083333333334
2023-07-08 21:00:00,24.3,52.0,541.3333333333334,40.916666666666664,1021.9916666666667
2023-07-08 22:00:00,24.308333333333334,52.0,576.9166666666666,41.0,1022.1416666666668
2023-07-08 23:00:00,24.233333333333334,52.0,603.6666666666666,43.333333333333336,1022.4250000000001
2023-07-09 00:00:00,24.136363636363637,51.54545454545455,667.0909090909091,47.09090909090909,1022.5727272727272
2023-07-09 01:00:00,23.925,50.583333333333336,621.0,45.583333333333336,1022.5833333333334
2023-07-09 02:00:00,23.55,50.0,640.8333333333334,43.333333333333336,1022.6833333333334
2023-07-09 03:00:00,22.933333333333334,51.583333333333336,605.8333333333334,39.75,1022.5583333333334
2023-07-09 04:00:00,22.733333333333334,54.083333333333336,568.5833333333334,39.833333333333336,1022.5583333333334
2023-07-09 05:00:00,22.633333333333336,55.5,555.5833333333334,40.0,1022.6500000000001
2023-07-09 06:00:00,22.566666666666666,56.25,548.75,39.5,1022.9666666666667
2023-07-09 07:00:00,22.5,57.0,546.5833333333334,39.5,1023.3499999999999
2023-07-09 08:00:00,22.733333333333334,58.0,575.0833333333334,40.25,1023.3249999999999
2023-07-09 09:00:00,23.525000000000002,57.75,673.5833333333334,40.0,1023.1833333333334
2023-07-09 10:00:00,24.308333333333334,57.0,689.5833333333334,41.083333333333336,1022.9666666666667
2023-07-09 11:00:00,25.0,57.81818181818182,691.1818181818181,44.72727272727273,1022.9090909090909
2023-07-09 12:00:00,25.675,56.25,675.4166666666666,42.833333333333336,1022.8916666666665
2023-07-09 13:00:00,26.175,53.75,728.9166666666666,45.75,1022.6999999999999
2023-07-09 14:00:00,26.125,51.583333333333336,663.9166666666666,45.25,1022.35
2023-07-09 15:00:00,26.208333333333332,49.75,627.0833333333334,47.666666666666664,1022.1750000000001
2023-07-09 16:00:00,26.2,48.333333333333336,617.25,44.333333333333336,1021.7416666666667
2023-07-09 17:00:00,26.241666666666664,46.916666666666664,638.1666666666666,43.833333333333336,1021.3333333333334
2023-07-09 18:00:00,25.8,45.75,572.1666666666666,47.25,1020.975
2023-07-09 19:00:00,25.575,45.0,583.1666666666666,47.833333333333336,1020.8000000000001
2023-07-09 20:00:00,24.916666666666668,45.166666666666664,535.25,43.416666666666664,1020.6666666666666
2023-07-09 21:00:00,24.075,46.583333333333336,517.6666666666666,43.416666666666664,1020.5583333333334
2023-07-09 22:00:00,23.136363636363637,49.0,520.4545454545455,43.36363636363637,1020.5272727272727
2023-07-09 23:00:00,22.233333333333334,51.333333333333336,544.9166666666666,43.083333333333336,1020.8166666666666
2023-07-10 00:00:00,21.241666666666667,53.166666666666664,537.75,43.166666666666664,1020.5416666666666
2023-07-10 01:00:00,20.125,54.75,519.0833333333334,42.75,1020.1416666666668
2023-07-10 02:00:00,20.275000000000002,53.666666666666664,463.0,40.666666666666664,1019.7666666666668
2023-07-10 03:00:00,20.116666666666667,53.916666666666664,465.5833333333333,40.916666666666664,1019.6333333333333
2023-07-10 04:00:00,19.825,54.0,451.1666666666667,41.25,1019.1916666666666
2023-07-10 05:00:00,19.458333333333332,55.0,448.8333333333333,41.25,1018.8416666666667
2023-07-10 06:00:00,20.0,55.916666666666664,472.6666666666667,42.5,1018.5333333333333
2023-07-10 07:00:00,20.849999999999998,56.583333333333336,486.1666666666667,50.083333333333336,1018.25
2023-07-10 08:00:00,22.349999999999998,54.666666666666664,473.6666666666667,41.083333333333336,1017.9499999999999
2023-07-10 09:00:00,23.081818181818182,52.36363636363637,472.3636363636364,41.18181818181818,1017.4454545454545
2023-07-10 10:00:00,24.241666666666664,50.083333333333336,502.9166666666667,41.833333333333336,1017.0166666666668
2023-07-10 11:00:00,25.016666666666666,49.166666666666664,537.3333333333334,42.75,1016.6166666666667
2023-07-10 12:00:00,25.2,49.083333333333336,548.3333333333334,43.5,1016.2666666666668
2023-07-10 13:00:00,24.21666666666667,50.416666666666664,507.0833333333333,44.0,1016.5083333333333
2023-07-10 14:00:00,23.633333333333336,52.666666666666664,506.4166666666667,44.083333333333336,1016.725
2023-07-10 15:00:00,23.375,52.75,523.9166666666666,48.333333333333336,1016.4666666666667
2023-07-10 16:00:00,23.391666666666666,53.75,506.4166666666667,44.0,1016.25
2023-07-10 17:00:00,23.241666666666664,54.083333333333336,507.4166666666667,44.0,1015.8583333333332
2023-07-10 18:00:00,22.816666666666666,55.75,507.4166666666667,44.75,1015.4
2023-07-10 19:00:00,22.183333333333334,56.0,474.0,44.0,1015.1583333333333
2023-07-10 20:00:00,22.10909090909091,56.63636363636363,534.5454545454545,54.54545454545455,1014.8636363636364
2023-07-10 21:00:00,22.849999999999998,57.0,606.75,44.666666666666664,1014.75
2023-07-10 22:00:00,22.933333333333334,57.0,614.5833333333334,48.083333333333336,1014.6166666666667
2023-07-10 23:00:00,22.40833333333333,57.833333333333336,558.1666666666666,44.25,1014.3333333333334
2023-07-11 00:00:00,22.141666666666666,58.916666666666664,543.25,44.0,1014.025
2023-07-11 01:00:00,21.974999999999998,59.25,521.8333333333334,44.0,1013.8416666666667
2023-07-11 02:00:00,21.71666666666667,60.416666666666664,502.3333333333333,43.916666666666664,1013.5583333333334
2023-07-11 03:00:00,21.53333333333333,61.166666666666664,517.0833333333334,44.0,1013.275
2023-07-11 04:00:00,21.366666666666664,62.0,517.3333333333334,43.583333333333336,1013.2666666666668
2023-07-11 05:00:00,21.59166666666667,61.333333333333336,540.1666666666666,40.333333333333336,1013.2416666666667
2023-07-11 06:00:00,21.600000000000005,61.0,528.8333333333334,40.166666666666664,1013.3583333333332
2023-07-11 07:00:00,21.545454545454547,61.0,527.0909090909091,40.36363636363637,1013.5
2023-07-11 08:00:00,21.316666666666666,61.0,520.4166666666666,41.916666666666664,1013.625
2023-07-11 09:00:00,21.133333333333333,61.333333333333336,489.0833333333333,47.416666666666664,1013.7333333333332
2023-07-11 10:00:00,22.308333333333334,58.75,537.25,43.333333333333336,1013.725
2023-07-11 11:00:00,21.866666666666664,57.0,468.6666666666667,45.5,1013.6
2023-07-11 12:00:00,21.753846153846155,56.38461538461539,500.38461538461536,43.84615384615385,1013.8076923076923
2023-07-11 13:00:00,21.65833333333333,55.25,495.4166666666667,44.75,1013.6916666666666
2023-07-11 14:00:00,22.066666666666666,55.0,509.5,50.333333333333336,1013.375
2023-07-11 15:00:00,22.474999999999998,56.0,501.5,47.25,1012.75
2023-07-11 16:00:00,22.724999999999998,55.583333333333336,514.5833333333334,46.916666666666664,1012.275
2023-07-11 17:00:00,22.84166666666667,54.916666666666664,572.0833333333334,48.166666666666664,1011.875
2023-07-11 18:00:00,22.766666666666666,53.5,572.75,39.666666666666664,1011.3583333333332
2023-07-11 19:00:00,22.441666666666666,53.0,542.0,41.083333333333336,1010.7333333333332
2023-07-11 20:00:00,21.933333333333334,54.083333333333336,516.4166666666666,42.833333333333336,1009.9250000000001
2023-07-11 21:00:00,21.525000000000002,57.0,476.25,43.916666666666664,1009.2166666666667
2023-07-11 22:00:00,21.175,58.0,467.25,41.75,1008.125
2023-07-11 23:00:00,20.908333333333335,58.666666666666664,480.1666666666667,55.833333333333336,1007.7916666666666
2023-07-12 00:00:00,20.527272727272727,60.81818181818182,470.27272727272725,40.36363636363637,1007.2818181818183
2023-07-12 01:00:00,20.341666666666665,63.083333333333336,465.3333333333333,39.833333333333336,1006.9916666666667
2023-07-12 02:00:00,20.191666666666666,64.66666666666667,461.25,39.5,1006.625
2023-07-12 03:00:00,20.291666666666668,65.66666666666667,471.5,39.333333333333336,1006.1333333333333
2023-07-12 04:00:00,20.40833333333333,66.0,477.6666666666667,39.25,1005.7333333333332
2023-07-12 05:00:00,20.441666666666666,66.0,483.5,39.25,1005.3083333333334
2023-07-12 06:00:00,20.566666666666666,66.0,489.8333333333333,39.083333333333336,1004.8833333333333
2023-07-12 07:00:00,20.6,66.0,483.8333333333333,41.583333333333336,1004.6416666666668
2023-07-12 08:00:00,20.6,65.66666666666667,482.5,47.416666666666664,1004.7166666666667
2023-07-12 09:00:00,20.825,64.58333333333333,488.75,42.0,1004.8416666666667
2023-07-12 10:00:00,21.349999999999998,63.166666666666664,502.1666666666667,45.833333333333336,1004.5166666666668
2023-07-12 11:00:00,21.536363636363635,62.54545454545455,506.1818181818182,44.72727272727273,1004.1636363636364
2023-07-12 12:00:00,21.875,62.0,535.6666666666666,45.333333333333336,1004.1500000000001
2023-07-12 13:00:00,22.09166666666667,62.25,578.5,49.083333333333336,1004.0333333333333
2023-07-12 14:00:00,22.400000000000002,62.75,579.6666666666666,48.916666666666664,1003.4499999999999
2023-07-12 15:00:00,22.483333333333334,62.0,547.5833333333334,45.5,1003.3833333333333
2023-07-12 16:00:00,22.55,61.166666666666664,557.6666666666666,45.416666666666664,1003.5749999999999
2023-07-12 17:00:00,22.866666666666664,60.916666666666664,602.5833333333334,45.583333333333336,1003.475
2023-07-12 18:00:00,22.96666666666667,60.25,569.8333333333334,43.583333333333336,1003.2083333333334
2023-07-12 19:00:00,22.90833333333333,61.0,586.8333333333334,43.833333333333336,1003.125
2023-07-12 20:00:00,23.041666666666668,60.416666666666664,597.0833333333334,45.833333333333336,1003.1750000000001
2023-07-12 21:00:00,22.375,60.75,514.6666666666666,44.166666666666664,1003.4
2023-07-12 22:00:00,21.79090909090909,61.0,486.6363636363636,44.27272727272727,1003.4636363636364
2023-07-12 23:00:00,21.45,61.0,506.75,42.416666666666664,1003.3083333333333
2023-07-13 00:00:00,21.25,60.666666666666664,520.8333333333334,37.0,1003.3416666666667
2023-07-13 01:00:00,20.866666666666664,61.0,497.5,37.25,1003.3666666666667
2023-07-13 02:00:00,20.516666666666666,61.0,474.25,37.083333333333336,1003.2083333333334
2023-07-13 03:00:00,20.258333333333333,61.0,467.9166666666667,37.666666666666664,1003.2333333333332
2023-07-13 04:00:00,20.1,61.0,476.9166666666667,37.166666666666664,1003.375
2023-07-13 05:00:00,19.95,61.0,477.3333333333333,37.333333333333336,1003.4833333333332
2023-07-13 06:00:00,19.9,61.0,475.1666666666667,37.75,1003.7083333333334
2023-07-13 07:00:00,20.075,61.0,504.0833333333333,39.0,1003.9916666666667
2023-07-13 08:00:00,20.675,60.583333333333336,480.4166666666667,39.583333333333336,1004.2416666666667
2023-07-13 09:00:00,21.054545454545455,59.09090909090909,467.45454545454544,39.27272727272727,1004.5727272727272
2023-07-13 10:00:00,21.05,58.166666666666664,461.8333333333333,40.0,1004.8083333333334
2023-07-13 11:00:00,22.09166666666667,57.5,502.3333333333333,39.833333333333336,1005.1416666666668
2023-07-13 12:00:00,22.291666666666668,55.833333333333336,509.75,40.333333333333336,1005.3416666666667
2023-07-13 13:00:00,22.483333333333334,54.166666666666664,518.0833333333334,41.166666666666664,1005.5749999999999
2023-07-13 14:00:00,22.2,54.0,490.3333333333333,43.166666666666664,1005.6916666666667
2023-07-13 15:00:00,22.40833333333333,54.0,503.25,41.833333333333336,1005.6083333333335
2023-07-13 16:00:00,22.191666666666666,54.0,500.0,42.833333333333336,1005.8583333333332
2023-07-13 17:00:00,22.55,54.0,516.5,40.916666666666664,1005.6833333333334
2023-07-13 18:00:00,22.308333333333334,54.833333333333336,519.75,49.333333333333336,1005.7666666666668
2023-07-13 19:00:00,21.78333333333333,56.0,463.5833333333333,43.166666666666664,1005.8583333333332
2023-07-13 20:00:00,21.981818181818184,56.90909090909091,471.3636363636364,44.72727272727273,1005.9
2023-07-13 21:00:00,22.316666666666666,57.0,476.75,46.333333333333336,1006.0833333333334
2023-07-13 22:00:00,22.150000000000002,57.0,471.6666666666667,41.916666666666664,1006.3666666666667
2023-07-13 23:00:00,21.974999999999998,57.25,473.0,44.416666666666664,1006.5916666666667
2023-07-14 00:00:00,21.974999999999998,58.0,519.1666666666666,42.583333333333336,1006.8083333333333
2023-07-14 01:00:00,22.141666666666666,57.25,610.6666666666666,38.166666666666664,1007.0749999999999
2023-07-14 02:00:00,21.900000000000002,55.666666666666664,584.5,38.083333333333336,1007.3083333333333
2023-07-14 03:00:00,21.691666666666666,54.25,583.4166666666666,38.0,1007.5333333333333
2023-07-14 04:00:00,21.316666666666666,53.083333333333336,601.4166666666666,38.333333333333336,1007.9333333333334
2023-07-14 05:00:00,20.916666666666668,53.0,615.0833333333334,37.833333333333336,1008.1333333333333
2023-07-14 06:00:00,21.116666666666667,53.333333333333336,727.0,37.916666666666664,1008.5416666666666
2023-07-14 07:00:00,21.61818181818182,53.81818181818182,785.1818181818181,38.63636363636363,1009.0
2023-07-14 08:00:00,22.333333333333332,52.25,624.5,39.666666666666664,1009.4499999999999
2023-07-14 09:00:00,22.941666666666666,49.5,495.8333333333333,39.5,1009.8916666666668
2023-07-14 10:00:00,23.53333333333333,47.833333333333336,535.75,40.25,1010.4416666666666
2023-07-14 11:00:00,23.78333333333333,46.166666666666664,529.1666666666666,40.583333333333336,1010.975
2023-07-14 12:00:00,23.53333333333333,44.583333333333336,488.5,38.833333333333336,1011.1999999999999
2023-07-14 13:00:00,23.275000000000002,44.0,482.9166666666667,41.333333333333336,1011.4083333333333
2023-07-14 14:00:00,22.90833333333333,44.0,508.6666666666667,39.75,1011.475
2023-07-14 15:00:00,22.766666666666666,44.666666666666664,504.75,39.916666666666664,1011.6666666666666
2023-07-14 16:00:00,22.433333333333334,45.75,464.0,40.583333333333336,1011.6500000000001
2023-07-14 17:00:00,22.166666666666668,47.666666666666664,454.0833333333333,42.083333333333336,1011.5583333333334
2023-07-14 18:00:00,22.572727272727274,48.45454545454545,561.3636363636364,40.54545454545455,1011.5363636363636
2023-07-14 19:00:00,22.941666666666666,49.0,609.0,39.333333333333336,1011.6
2023-07-14 20:00:00,23.041666666666668,49.0,594.6666666666666,41.75,1011.7666666666668
2023-07-14 21:00:00,23.108333333333334,48.333333333333336,525.9166666666666,41.5,1011.9416666666666
2023-07-14 22:00:00,22.441666666666666,49.0,474.0833333333333,45.25,1011.9833333333332
2023-07-14 23:00:00,22.099999999999998,49.583333333333336,473.3333333333333,41.833333333333336,1012.1166666666667
2023-07-15 00:00:00,21.633333333333336,50.333333333333336,476.4166666666667,42.916666666666664,1012.1999999999999
2023-07-15 01:00:00,22.058333333333334,51.0,576.0833333333334,39.583333333333336,1012.2416666666667
2023-07-15 02:00:00,22.366666666666664,51.0,569.9166666666666,37.833333333333336,1012.0916666666667
2023-07-15 03:00:00,22.399999999999995,51.0,563.75,38.0,1011.875
2023-07-15 04:00:00,22.241666666666664,50.25,550.0,37.75,1011.7249999999999
2023-07-15 05:00:00,22.2,50.81818181818182,574.3636363636364,38.09090909090909,1011.2727272727273
2023-07-15 06:00:00,22.066666666666666,51.0,592.1666666666666,37.833333333333336,1010.9833333333332
2023-07-15 07:00:00,21.891666666666666,51.833333333333336,605.75,40.0,1010.9333333333334
2023-07-15 08:00:00,21.45,52.916666666666664,494.5,40.416666666666664,1011.1416666666668
2023-07-15 09:00:00,21.425,53.833333333333336,494.0,41.666666666666664,1011.0916666666667
2023-07-15 10:00:00,21.5,54.583333333333336,499.3333333333333,42.25,1010.8416666666667
2023-07-15 11:00:00,21.400000000000002,55.0,499.1666666666667,41.166666666666664,1010.525
2023-07-15 12:00:00,21.150000000000002,56.0,482.4166666666667,43.5,1009.8000000000001
2023-07-15 13:00:00,20.891666666666666,56.666666666666664,460.9166666666667,42.666666666666664,1008.9250000000001
2023-07-15 14:00:00,20.875,57.0,466.5833333333333,42.916666666666664,1008.25
2023-07-15 15:00:00,21.2,57.0,484.9166666666667,40.833333333333336,1007.65
2023-07-15 16:00:00,21.418181818181818,56.09090909090909,501.3636363636364,41.36363636363637,1006.7090909090908
2023-07-15 17:00:00,21.416666666666668,56.0,490.6666666666667,40.583333333333336,1006.1166666666667
2023-07-15 18:00:00,21.825,56.583333333333336,492.8333333333333,41.5,1005.2583333333333
2023-07-15 19:00:00,22.175,57.0,482.5,39.666666666666664,1005.0083333333333
2023-07-15 20:00:00,22.224999999999998,57.416666666666664,453.75,40.416666666666664,1004.8416666666667
2023-07-15 21:00:00,22.391666666666666,58.5,516.5833333333334,43.166666666666664,1004.2833333333333
2023-07-15 22:00:00,22.399999999999995,59.0,524.6666666666666,41.416666666666664,1003.7166666666667
2023-07-15 23:00:00,22.508333333333336,59.75,571.4166666666666,43.5,1003.3916666666665
2023-07-16 00:00:00,22.71666666666667,61.0,610.9166666666666,44.0,1003.2916666666666
2023-07-16 01:00:00,22.849999999999998,61.0,682.4166666666666,38.083333333333336,1002.0916666666667
2023-07-16 02:00:00,22.71818181818182,61.0,632.0,38.27272727272727,1001.8181818181819
2023-07-16 03:00:00,22.383333333333336,61.0,595.5833333333334,37.916666666666664,1001.2083333333334
2023-07-16 04:00:00,21.416666666666668,61.5,520.3333333333334,38.0,1001.0666666666666
2023-07-16 05:00:00,20.958333333333332,62.0,520.6666666666666,38.5,1001.275
2023-07-16 06:00:00,20.683333333333334,63.0,516.4166666666666,38.5,1001.3666666666667
2023-07-16 07:00:00,20.6,62.333333333333336,507.25,38.666666666666664,1001.65
2023-07-16 08:00:00,20.7,62.0,527.6666666666666,38.5,1001.8000000000001
2023-07-16 09:00:00,20.775000000000002,62.666666666666664,514.25,39.583333333333336,1001.4416666666666
2023-07-16 10:00:00,20.849999999999998,63.0,486.75,40.5,1001.3249999999999
2023-07-16 11:00:00,21.608333333333334,61.5,525.3333333333334,43.166666666666664,1001.2833333333333
2023-07-16 12:00:00,22.108333333333334,59.583333333333336,501.0,45.25,1001.5
2023-07-16 13:00:00,22.10909090909091,59.0,507.0,46.90909090909091,1001.7090909090908
2023-07-16 14:00:00,22.150000000000002,58.916666666666664,495.0833333333333,46.25,1001.8166666666666
2023-07-16 15:00:00,22.391666666666666,58.0,536.0,44.416666666666664,1002.2333333333332
2023-07-16 16:00:00,22.125,58.666666666666664,495.0,43.333333333333336,1002.7083333333334
2023-07-16 17:00:00,22.208333333333332,59.0,512.0833333333334,46.916666666666664,1002.7916666666666
2023-07-16 18:00:00,22.458333333333332,58.333333333333336,519.0833333333334,41.833333333333336,1003.0083333333333
2023-07-16 19:00:00,22.391666666666666,58.0,524.5,42.583333333333336,1003.4166666666666
2023-07-16 20:00:00,22.308333333333334,58.0,539.5,47.333333333333336,1003.6
2023-07-16 21:00:00,22.03333333333333,58.0,505.4166666666667,41.583333333333336,1004.0500000000001
2023-07-16 22:00:00,21.775000000000002,58.25,507.0,45.083333333333336,1004.1916666666667
2023-07-16 23:00:00,20.458333333333332,59.416666666666664,443.6666666666667,43.75,1004.2333333333332
2023-07-17 00:00:00,20.636363636363637,60.09090909090909,519.3636363636364,48.81818181818182,1004.2545454545453
2023-07-17 01:00:00,20.441666666666666,60.0,510.25,44.5,1004.225
2023-07-17 02:00:00,20.7,60.0,522.75,42.333333333333336,1004.3000000000001
2023-07-17 03:00:00,20.7,60.0,517.0833333333334,42.083333333333336,1004.275
2023-07-17 04:00:00,20.658333333333335,60.0,551.4166666666666,42.0,1004.3666666666667
2023-07-17 05:00:00,20.583333333333332,60.0,516.3333333333334,40.416666666666664,1004.5166666666668
2023-07-17 06:00:00,20.416666666666668,60.0,497.8333333333333,40.75,1004.5333333333333
2023-07-17 07:00:00,20.416666666666668,60.083333333333336,503.1666666666667,41.666666666666664,1004.5916666666667
2023-07-17 08:00:00,19.866666666666667,60.583333333333336,450.6666666666667,45.75,1004.6999999999999
2023-07-17 09:00:00,20.400000000000002,60.416666666666664,444.5833333333333,42.916666666666664,1004.775
2023-07-17 10:00:00,21.008333333333333,58.916666666666664,460.3333333333333,45.5,1005.025
2023-07-17 11:00:00,20.672727272727272,58.0,457.8181818181818,48.54545454545455,1005.0636363636364
2023-07-17 12:00:00,20.716666666666665,56.75,455.9166666666667,44.25,1005.1750000000001
2023-07-17 13:00:00,20.841666666666665,55.25,463.25,43.0,1005.1333333333333
2023-07-17 14:00:00,20.633333333333333,56.0,457.5,43.0,1005.3166666666666
2023-07-17 15:00:00,20.275000000000002,56.833333333333336,453.6666666666667,42.916666666666664,1005.25
2023-07-17 16:00:00,20.025000000000002,57.0,444.9166666666667,43.333333333333336,1005.1583333333333
2023-07-17 17:00:00,19.516666666666666,57.583333333333336,422.6666666666667,42.25,1004.9499999999999
2023-07-17 18:00:00,19.558333333333334,58.0,427.4166666666667,42.0,1004.8249999999999
2023-07-17 19:00:00,19.45,58.0,453.5,45.5,1004.6833333333334
2023-07-17 20:00:00,20.05,57.5,483.6666666666667,43.25,1004.6
2023-07-17 21:00:00,19.433333333333334,59.083333333333336,443.4166666666667,40.666666666666664,1004.6416666666668
2023-07-17 22:00:00,19.754545454545454,60.0,452.3636363636364,40.36363636363637,1004.6454545454545
2023-07-17 23:00:00,20.266666666666666,59.5,449.75,39.416666666666664,1004.7083333333334
2023-07-18 00:00:00,20.708333333333332,58.583333333333336,457.75,42.5,1004.9833333333332
2023-07-18 01:00:00,20.008333333333333,56.833333333333336,449.3333333333333,41.583333333333336,1005.4666666666667
2023-07-18 02:00:00,19.391666666666666,55.083333333333336,439.75,38.083333333333336,1005.9
2023-07-18 03:00:00,18.891666666666666,54.25,434.3333333333333,38.0,1006.125
2023-07-18 04:00:00,18.516666666666666,54.0,425.75,38.083333333333336,1006.4083333333333
2023-07-18 05:00:00,18.391666666666666,54.583333333333336,418.25,38.25,1006.6583333333333
2023-07-18 06:00:00,18.441666666666666,54.25,414.3333333333333,38.166666666666664,1006.8166666666666
2023-07-18 07:00:00,19.591666666666665,54.166666666666664,454.5833333333333,38.333333333333336,1007.1416666666668
2023-07-18 08:00:00,20.983333333333334,52.333333333333336,467.25,38.916666666666664,1007.4916666666667
2023-07-18 09:00:00,22.018181818181816,50.45454545454545,483.90909090909093,39.09090909090909,1007.7454545454547
2023-07-18 10:00:00,22.633333333333336,48.833333333333336,490.8333333333333,40.416666666666664,1008.0666666666666
2023-07-18 11:00:00,22.916666666666668,47.916666666666664,486.75,41.25,1008.1750000000001
2023-07-18 12:00:00,22.575,48.0,471.1666666666667,40.333333333333336,1008.3083333333333
2023-07-18 13:00:00,21.825,48.0,466.9166666666667,42.583333333333336,1008.2166666666667
2023-07-18 14:00:00,21.40833333333333,48.0,462.0833333333333,42.75,1008.1166666666667
2023-07-18 15:00:00,21.025,49.5,455.9166666666667,44.0,1007.9083333333333
2023-07-18 16:00:00,20.9,49.833333333333336,461.1666666666667,41.0,1007.5916666666667
2023-07-18 17:00:00,20.775000000000002,50.0,440.6666666666667,40.916666666666664,1007.4916666666667
2023-07-18 18:00:00,20.791666666666668,50.75,428.6666666666667,39.5,1007.225
2023-07-18 19:00:00,20.358333333333334,51.75,438.9166666666667,40.333333333333336,1006.7916666666666
2023-07-18 20:00:00,20.263636363636365,52.90909090909091,457.27272727272725,41.18181818181818,1006.3363636363636
2023-07-18 21:00:00,20.633333333333333,54.0,461.5,39.916666666666664,1006.0333333333333
2023-07-18 22:00:00,20.708333333333332,54.416666666666664,450.0833333333333,40.333333333333336,1005.9499999999999
2023-07-18 23:00:00,20.508333333333333,53.5,443.1666666666667,39.833333333333336,1006.0749999999999
2023-07-19 00:00:00,20.224999999999998,51.166666666666664,446.25,41.583333333333336,1006.1083333333335
2023-07-19 01:00:00,19.416666666666668,50.5,435.5,39.25,1005.9583333333334
2023-07-19 02:00:00,18.766666666666666,51.25,447.8333333333333,39.0,1005.8166666666666
2023-07-19 03:00:00,18.133333333333333,52.416666666666664,472.9166666666667,37.833333333333336,1005.6416666666668
2023-07-19 04:00:00,17.483333333333334,53.333333333333336,473.9166666666667,37.916666666666664,1005.6333333333333
2023-07-19 05:00:00,17.375,53.666666666666664,456.0833333333333,38.0,1005.5083333333333
2023-07-19 06:00:00,18.325,52.583333333333336,437.75,38.083333333333336,1005.6083333333335
2023-07-19 07:00:00,19.11818181818182,51.09090909090909,426.8181818181818,40.09090909090909,1005.6818181818181
2023-07-19 08:00:00,19.266666666666666,49.25,402.5,38.0,1005.7666666666668
2023-07-19 09:00:00,19.341666666666665,49.0,407.0,38.25,1005.9083333333333
2023-07-19 10:00:00,19.55,48.333333333333336,401.5833333333333,38.166666666666664,1005.9
2023-07-19 11:00:00,20.008333333333333,47.333333333333336,405.25,38.416666666666664,1005.8583333333332
2023-07-19 12:00:00,20.316666666666666,46.166666666666664,408.6666666666667,39.0,1005.6833333333334
2023-07-19 13:00:00,20.425,46.083333333333336,414.1666666666667,39.583333333333336,1005.5416666666666
2023-07-19 14:00:00,20.083333333333332,46.833333333333336,411.6666666666667,39.166666666666664,1005.2666666666668
2023-07-19 15:00:00,19.908333333333335,47.0,404.6666666666667,39.166666666666664,1005.025
2023-07-19 16:00:00,19.827272727272728,47.63636363636363,403.09090909090907,39.45454545454545,1004.7454545454547
2023-07-19 17:00:00,19.59166666666667,49.25,399.0833333333333,39.916666666666664,1004.1
2023-07-19 18:00:00,19.591666666666665,51.333333333333336,398.5,39.5,1003.5416666666666
2023-07-19 19:00:00,19.466666666666665,52.5,403.75,39.083333333333336,1003.15
2023-07-19 20:00:00,19.375,53.25,403.5,38.833333333333336,1002.8833333333333
2023-07-19 21:00:00,19.525000000000002,49.916666666666664,407.4166666666667,38.333333333333336,1002.875
2023-07-19 22:00:00,19.266666666666666,48.0,409.1666666666667,41.583333333333336,1002.7583333333333
2023-07-19 23:00:00,18.90833333333333,48.0,419.4166666666667,42.083333333333336,1002.6999999999999
2023-07-20 00:00:00,18.254545454545454,48.90909090909091,428.72727272727275,38.63636363636363,1002.4545454545455
2023-07-20 01:00:00,17.3,50.416666666666664,450.4166666666667,40.5,1002.225
2023-07-20 02:00:00,16.733333333333334,51.0,445.0,38.666666666666664,1002.025
2023-07-20 03:00:00,16.349999999999998,52.0,449.75,38.0,1001.9666666666667
2023-07-20 04:00:00,15.866666666666667,52.083333333333336,434.5,38.0,1001.7166666666667
2023-07-20 05:00:00,15.608333333333333,53.25,442.4166666666667,38.083333333333336,1001.625
2023-07-20 06:00:00,16.008333333333333,54.416666666666664,436.1666666666667,37.833333333333336,1001.7083333333334
2023-07-20 07:00:00,17.083333333333332,55.416666666666664,440.25,39.416666666666664,1001.9250000000001
2023-07-20 08:00:00,18.958333333333332,53.25,397.75,37.75,1002.1416666666668
2023-07-20 09:00:00,20.354545454545455,50.18181818181818,413.09090909090907,38.0,1002.1272727272727
2023-07-20 10:00:00,21.366666666666664,47.583333333333336,428.5,38.333333333333336,1002.3000000000001
2023-07-20 11:00:00,22.03333333333333,46.083333333333336,445.3333333333333,38.333333333333336,1002.6666666666666
2023-07-20 12:00:00,22.349999999999998,44.833333333333336,452.0833333333333,38.833333333333336,1002.6916666666667
2023-07-20 13:00:00,22.133333333333336,44.0,447.1666666666667,39.166666666666664,1002.6
2023-07-20 14:00:00,21.849999999999998,44.0,448.0833333333333,39.166666666666664,1002.4250000000001
2023-07-20 15:00:00,21.88333333333333,44.75,466.75,40.5,1002.475
2023-07-20 16:00:00,22.141666666666666,45.0,535.1666666666666,41.333333333333336,1002.725
2023-07-20 17:00:00,22.483333333333334,45.75,531.0833333333334,42.166666666666664,1002.7916666666666
2023-07-20 18:00:00,22.463636363636365,46.54545454545455,491.09090909090907,41.18181818181818,1002.6181818181817
2023-07-20 19:00:00,22.28333333333333,48.666666666666664,482.3333333333333,39.916666666666664,1002.0833333333334
2023-07-20 20:00:00,22.275000000000002,47.416666666666664,511.5833333333333,40.833333333333336,1001.975
2023-07-20 21:00:00,22.291666666666668,47.5,494.4166666666667,48.5,1002.1416666666668
2023-07-20 22:00:00,20.858333333333334,49.416666666666664,498.5,46.583333333333336,1002.4499999999999
2023-07-20 23:00:00,19.008333333333333,52.083333333333336,484.8333333333333,48.833333333333336,1002.2166666666667
2023-07-21 00:00:00,17.775000000000002,53.666666666666664,481.9166666666667,46.083333333333336,1002.1
2023-07-21 01:00:00,16.791666666666668,55.25,477.75,40.666666666666664,1001.9666666666667
2023-07-21 02:00:00,15.736363636363636,56.27272727272727,465.90909090909093,37.54545454545455,1001.6727272727272
2023-07-21 03:00:00,15.275,57.75,461.25,37.25,1001.4916666666667
2023-07-21 04:00:00,15.058333333333332,58.916666666666664,456.0,37.416666666666664,1001.4583333333334
2023-07-21 05:00:00,15.141666666666666,60.833333333333336,462.1666666666667,37.166666666666664,1001.5333333333333
2023-07-21 06:00:00,15.666666666666666,63.166666666666664,438.0,37.333333333333336,1001.6583333333333
2023-07-21 07:00:00,16.333333333333332,64.33333333333333,394.9166666666667,37.583333333333336,1001.9416666666666
2023-07-21 08:00:00,18.166666666666668,63.25,469.75,37.833333333333336,1002.15
2023-07-21 09:00:00,19.983333333333334,60.333333333333336,604.0833333333334,39.916666666666664,1002.4166666666666
2023-07-21 10:00:00,21.325,56.333333333333336,557.1666666666666,49.833333333333336,1002.7916666666666
2023-07-21 11:00:00,22.38181818181818,52.90909090909091,525.7272727272727,39.63636363636363,1002.8818181818181
2023-07-21 12:00:00,22.925,49.166666666666664,486.1666666666667,39.583333333333336,1002.8916666666665
2023-07-21 13:00:00,23.03333333333333,47.25,522.1666666666666,43.666666666666664,1002.9166666666666
2023-07-21 14:00:00,22.691666666666666,46.0,520.5833333333334,43.833333333333336,1003.0749999999999
2023-07-21 15:00:00,22.575000000000003,46.0,531.5833333333334,45.166666666666664,1003.2583333333333
2023-07-21 16:00:00,22.391666666666666,46.0,472.0833333333333,44.416666666666664,1003.1833333333334
2023-07-21 17:00:00,21.45,46.583333333333336,453.75,46.25,1003.3083333333334
2023-07-21 18:00:00,21.275000000000002,47.75,456.8333333333333,45.416666666666664,1003.775
2023-07-21 19:00:00,20.675,50.0,439.75,45.916666666666664,1003.9833333333332
2023-07-21 20:00:00,20.19090909090909,51.18181818181818,433.6363636363636,46.54545454545455,1004.0
2023-07-21 21:00:00,19.833333333333332,52.0,433.0,45.416666666666664,1003.9666666666667
2023-07-21 22:00:00,20.341666666666665,51.583333333333336,440.1666666666667,40.166666666666664,1004.1166666666667
2023-07-21 23:00:00,20.125,51.75,455.6666666666667,43.916666666666664,1004.1333333333333
2023-07-22 00:00:00,19.775000000000002,52.0,446.3333333333333,39.25,1004.2083333333334
2023-07-22 01:00:00,19.083333333333332,53.0,438.9166666666667,39.083333333333336,1004.1
2023-07-22 02:00:00,18.416666666666668,54.333333333333336,429.5,39.0,1003.8916666666665
2023-07-22 03:00:00,17.916666666666668,55.666666666666664,411.0,38.666666666666664,1003.6833333333334
2023-07-22 04:00:00,17.636363636363637,56.63636363636363,404.8181818181818,37.36363636363637,1003.5272727272727
2023-07-22 05:00:00,17.433333333333334,57.5,403.1666666666667,37.0,1003.4666666666667
2023-07-22 06:00:00,18.133333333333333,57.833333333333336,407.5,37.083333333333336,1003.4833333333332
2023-07-22 07:00:00,19.466666666666665,56.75,463.6666666666667,37.25,1003.5833333333334
2023-07-22 08:00:00,20.150000000000002,54.583333333333336,468.25,40.083333333333336,1003.625
2023-07-22 09:00:00,20.566666666666666,52.916666666666664,438.0,41.5,1003.75
2023-07-22 10:00:00,20.516666666666666,52.083333333333336,463.9166666666667,44.5,1004.025
2023-07-22 11:00:00,20.241666666666667,52.833333333333336,472.1666666666667,46.333333333333336,1004.0916666666667
2023-07-22 12:00:00,20.108333333333334,53.25,410.3333333333333,48.5,1004.1833333333334
2023-07-22 13:00:00,19.563636363636366,54.72727272727273,403.6363636363636,45.0,1004.1181818181819
2023-07-22 14:00:00,19.925,55.166666666666664,401.3333333333333,43.916666666666664,1003.8583333333332
2023-07-22 15:00:00,20.041666666666668,53.833333333333336,410.4166666666667,44.0,1003.8666666666667
2023-07-22 16:00:00,20.166666666666668,53.0,413.5833333333333,43.666666666666664,1003.9
2023-07-22 17:00:00,20.48333333333333,53.5,494.4166666666667,44.25,1003.8249999999999
2023-07-22 18:00:00,21.566666666666666,53.166666666666664,552.1666666666666,43.083333333333336,1004.0749999999999
2023-07-22 19:00:00,22.558333333333334,52.583333333333336,690.8333333333334,47.416666666666664,1004.0583333333334
2023-07-22 20:00:00,23.583333333333332,50.416666666666664,715.75,44.333333333333336,1004.0
2023-07-22 21:00:00,24.0,49.25,623.5,40.833333333333336,1004.0666666666666
2023-07-22 22:00:00,22.845454545454547,49.09090909090909,534.8181818181819,41.09090909090909,1004.2272727272727
2023-07-22 23:00:00,20.633333333333333,51.25,462.8333333333333,38.5,1004.125
2023-07-23 00:00:00,19.608333333333334,53.083333333333336,453.5833333333333,38.083333333333336,1004.125
2023-07-23 01:00:00,18.891666666666666,54.25,448.5833333333333,38.25,1004.1583333333333
2023-07-23 02:00:00,18.533333333333335,55.333333333333336,444.25,37.583333333333336,1004.0333333333333
2023-07-23 03:00:00,18.325,56.333333333333336,440.8333333333333,37.25,1003.9
2023-07-23 04:00:00,18.05,57.0,438.4166666666667,37.166666666666664,1003.7083333333334
2023-07-23 05:00:00,17.891666666666666,57.166666666666664,444.1666666666667,37.0,1003.7166666666667
2023-07-23 06:00:00,17.90909090909091,58.0,433.09090909090907,37.18181818181818,1003.7636363636364
2023-07-23 07:00:00,18.291666666666668,58.833333333333336,446.1666666666667,37.333333333333336,1003.8916666666665
2023-07-23 08:00:00,19.783333333333335,58.333333333333336,506.0,37.833333333333336,1004.0083333333333
2023-07-23 09:00:00,21.116666666666667,56.25,503.4166666666667,39.166666666666664,1004.0583333333334
2023-07-23 10:00:00,22.375,53.416666666666664,570.8333333333334,51.583333333333336,1004.3416666666667
2023-07-23 11:00:00,23.15833333333333,54.583333333333336,595.1666666666666,53.25,1004.6500000000001
2023-07-23 12:00:00,23.958333333333332,53.166666666666664,633.5,53.5,1004.625
2023-07-23 13:00:00,22.933333333333334,52.083333333333336,501.75,41.5,1004.5916666666667
2023-07-23 14:00:00,22.266666666666666,53.25,486.1666666666667,43.333333333333336,1004.1916666666666
2023-07-23 15:00:00,22.89090909090909,53.27272727272727,585.4545454545455,55.63636363636363,1004.1
2023-07-23 16:00:00,23.416666666666668,51.583333333333336,610.25,50.75,1004.025
2023-07-23 17:00:00,23.59166666666667,50.666666666666664,610.5,50.583333333333336,1003.7416666666667
2023-07-23 18:00:00,23.7,49.5,725.0,52.666666666666664,1003.4833333333332
2023-07-23 19:00:00,23.28333333333333,48.0,549.0,50.666666666666664,1003.2166666666667
2023-07-23 20:00:00,22.675,47.0,525.4166666666666,49.0,1002.975
2023-07-23 21:00:00,22.375,48.166666666666664,642.9166666666666,46.5,1002.8666666666667
2023-07-23 22:00:00,21.366666666666664,50.0,563.5,40.583333333333336,1002.6916666666667
2023-07-23 23:00:00,20.20909090909091,51.0,519.0909090909091,40.36363636363637,1002.4727272727273
2023-07-24 00:00:00,19.441666666666666,52.0,511.0833333333333,38.833333333333336,1002.1166666666667
2023-07-24 01:00:00,18.866666666666664,52.416666666666664,496.5,37.916666666666664,1001.5749999999999
2023-07-24 02:00:00,18.591666666666665,53.25,496.6666666666667,37.333333333333336,1000.9666666666667
2023-07-24 03:00:00,18.791666666666668,54.0,491.8333333333333,38.166666666666664,1000.5749999999999
2023-07-24 04:00:00,19.083333333333332,54.0,502.4166666666667,37.916666666666664,999.8666666666667
2023-07-24 05:00:00,19.133333333333336,54.0,489.5833333333333,38.333333333333336,999.625
2023-07-24 06:00:00,19.2,54.0,494.5833333333333,38.833333333333336,999.4250000000001
2023-07-24 07:00:00,19.675,53.833333333333336,557.25,46.5,999.1083333333332
2023-07-24 08:00:00,20.436363636363637,52.54545454545455,478.90909090909093,40.36363636363637,998.8454545454545
2023-07-24 09:00:00,20.625,52.666666666666664,427.6666666666667,39.25,998.4583333333334
2023-07-24 10:00:00,21.041666666666668,53.0,433.4166666666667,39.5,997.9916666666667
2023-07-24 11:00:00,21.075,54.0,443.8333333333333,40.0,997.5500000000001
2023-07-24 12:00:00,21.233333333333334,55.0,499.75,43.333333333333336,996.7916666666666
2023-07-24 13:00:00,21.358333333333334,55.666666666666664,542.5,41.75,996.4
2023-07-24 14:00:00,21.441666666666666,57.0,551.75,45.833333333333336,995.8416666666667
2023-07-24 15:00:00,21.5,57.0,487.8333333333333,45.166666666666664,995.0916666666667
2023-07-24 16:00:00,21.636363636363637,57.72727272727273,507.09090909090907,40.36363636363637,994.4
2023-07-24 17:00:00,21.90833333333333,58.0,504.3333333333333,39.75,993.7166666666667
2023-07-24 18:00:00,22.075000000000003,58.0,490.1666666666667,40.333333333333336,992.9083333333333
2023-07-24 19:00:00,22.2,58.833333333333336,513.0,41.166666666666664,992.0500000000001
2023-07-24 20:00:00,22.34166666666667,58.416666666666664,543.4166666666666,44.833333333333336,991.6333333333333
2023-07-24 21:00:00,22.95,58.583333333333336,595.6666666666666,43.666666666666664,991.4583333333334
2023-07-24 22:00:00,22.974999999999998,58.0,561.3333333333334,40.583333333333336,991.3666666666667
2023-07-24 23:00:00,23.03333333333333,58.0,613.5,45.166666666666664,991.2833333333333
2023-07-25 00:00:00,21.84166666666667,58.5,562.9166666666666,41.25,991.0083333333333
2023-07-25 01:00:00,20.536363636363635,60.54545454545455,491.6363636363636,38.09090909090909,991.0090909090909
2023-07-25 02:00:00,20.033333333333335,61.166666666666664,466.5833333333333,37.583333333333336,991.1166666666667
2023-07-25 03:00:00,19.741666666666667,62.0,460.5,37.666666666666664,991.3416666666667
2023-07-25 04:00:00,19.433333333333334,62.333333333333336,445.0833333333333,37.583333333333336,991.625
2023-07-25 05:00:00,19.316666666666666,63.0,447.6666666666667,37.416666666666664,991.7416666666667
2023-07-25 06:00:00,19.258333333333333,63.333333333333336,452.75,37.833333333333336,991.8833333333333
2023-07-25 07:00:00,19.375,64.0,455.8333333333333,38.833333333333336,992.0166666666668
2023-07-25 08:00:00,19.95,63.416666666666664,485.3333333333333,43.666666666666664,992.3333333333334
2023-07-25 09:00:00,20.483333333333334,61.833333333333336,475.1666666666667,44.166666666666664,992.5666666666666
2023-07-25 10:00:00,20.89090909090909,60.27272727272727,526.1818181818181,40.54545454545455,992.8909090909091
2023-07-25 11:00:00,21.724999999999998,57.416666666666664,541.5833333333334,47.416666666666664,993.0500000000001
2023-07-25 12:00:00,22.400000000000002,53.916666666666664,508.6666666666667,48.833333333333336,993.125
2023-07-25 13:00:00,22.516666666666666,52.166666666666664,519.75,50.333333333333336,993.4583333333334
2023-07-25 14:00:00,22.28333333333333,51.666666666666664,508.6666666666667,41.0,993.7666666666668
2023-07-25 15:00:00,22.150000000000002,50.666666666666664,497.75,40.583333333333336,993.9416666666666
2023-07-25 16:00:00,22.125,50.916666666666664,499.75,40.583333333333336,994.1916666666666
2023-07-25 17:00:00,22.175,51.0,471.3333333333333,41.166666666666664,994.3583333333332
2023-07-25 18:00:00,22.081818181818182,51.27272727272727,457.54545454545456,40.54545454545455,994.2818181818183
2023-07-25 19:00:00,22.108333333333334,52.5,503.3333333333333,50.666666666666664,994.5500000000001
2023-07-25 20:00:00,22.25,53.25,497.5,47.583333333333336,994.8416666666667
2023-07-25 21:00:00,22.233333333333334,54.0,500.5833333333333,51.0,994.9833333333332
2023-07-25 22:00:00,21.599999999999998,54.5,461.0,39.333333333333336,995.0666666666666
2023-07-25 23:00:00,21.133333333333336,55.666666666666664,472.6666666666667,38.416666666666664,995.1083333333332
2023-07-26 00:00:00,20.791666666666668,56.0,472.4166666666667,38.25,995.3916666666665
2023-07-26 01:00:00,20.333333333333332,56.5,457.0833333333333,37.25,995.6083333333332
2023-07-26 02:00:00,19.933333333333334,56.916666666666664,450.0833333333333,37.333333333333336,995.9833333333332
2023-07-26 03:00:00,19.7,56.0,465.6363636363636,37.0,996.3454545454545
2023-07-26 04:00:00,19.083333333333332,56.0,451.5833333333333,37.0,996.6583333333333
2023-07-26 05:00:00,18.716666666666665,56.0,447.0,37.083333333333336,997.0
2023-07-26 06:00:00,18.816666666666666,56.0,450.5833333333333,37.583333333333336,997.2583333333333
2023-07-26 07:00:00,19.333333333333332,56.0,469.25,37.75,997.475
2023-07-26 08:00:00,20.608333333333334,55.25,595.5833333333334,44.166666666666664,997.7916666666666
2023-07-26 09:00:00,21.816666666666666,53.583333333333336,695.8333333333334,44.333333333333336,998.2833333333333
2023-07-26 10:00:00,22.299999999999997,53.916666666666664,696.8333333333334,42.166666666666664,998.6916666666666
2023-07-26 11:00:00,22.3,52.666666666666664,578.9166666666666,39.0,999.025
2023-07-26 12:00:00,22.363636363636363,51.18181818181818,595.1818181818181,41.45454545454545,999.3090909090909
2023-07-26 13:00:00,22.25,51.166666666666664,599.1666666666666,43.416666666666664,999.4833333333332
2023-07-26 14:00:00,22.366666666666664,50.833333333333336,596.0833333333334,41.583333333333336,999.8000000000001
2023-07-26 15:00:00,21.099999999999998,51.166666666666664,527.6666666666666,41.416666666666664,999.8916666666665
2023-07-26 16:00:00,21.441666666666666,51.0,529.25,40.166666666666664,999.9
2023-07-26 17:00:00,21.150000000000002,51.666666666666664,508.3333333333333,39.833333333333336,999.8916666666665
2023-07-26 18:00:00,21.358333333333334,52.166666666666664,519.0,40.416666666666664,999.975
2023-07-26 19:00:00,21.875,52.0,529.25,44.333333333333336,999.6166666666667
2023-07-26 20:00:00,22.336363636363636,53.0,633.4545454545455,46.90909090909091,999.6636363636364
2023-07-26 21:00:00,22.333333333333332,53.0,570.4166666666666,43.75,999.7916666666666
2023-07-26 22:00:00,22.483333333333334,53.083333333333336,691.9166666666666,48.333333333333336,999.7583333333333
2023-07-26 23:00:00,21.558333333333334,53.583333333333336,628.5833333333334,42.416666666666664,999.7000000000002
2023-07-27 00:00:00,20.191666666666666,55.083333333333336,530.0,39.166666666666664,999.6833333333334
2023-07-27 01:00:00,19.5,56.5,550.4166666666666,38.916666666666664,999.5749999999999
2023-07-27 02:00:00,19.116666666666667,57.25,517.25,38.333333333333336,999.2666666666668
2023-07-27 03:00:00,18.75,58.0,517.8333333333334,38.333333333333336,999.0749999999999
2023-07-27 04:00:00,18.425,58.916666666666664,520.5,38.0,999.1750000000001
2023-07-27 05:00:00,18.172727272727272,59.36363636363637,492.45454545454544,38.18181818181818,999.2272727272727
2023-07-27 06:00:00,18.5,60.0,532.5,38.166666666666664,999.4
2023-07-27 07:00:00,18.875,60.583333333333336,538.0833333333334,38.583333333333336,999.5
2023-07-27 08:00:00,20.208333333333332,59.25,551.0833333333334,43.583333333333336,999.85
2023-07-27 09:00:00,20.833333333333332,57.583333333333336,531.75,44.25,1000.2166666666667
2023-07-27 10:00:00,22.208333333333332,54.916666666666664,611.0833333333334,46.666666666666664,1000.4250000000001
2023-07-27 11:00:00,22.666666666666668,51.833333333333336,535.3333333333334,44.416666666666664,1000.5333333333333
2023-07-27 12:00:00,22.474999999999998,52.0,519.4166666666666,43.916666666666664,1000.6500000000001
2023-07-27 13:00:00,22.25,51.833333333333336,507.6666666666667,47.416666666666664,1000.6833333333334
2023-07-27 14:00:00,22.227272727272727,52.0,494.1818181818182,41.18181818181818,1000.7363636363636
2023-07-27 15:00:00,22.075,51.833333333333336,481.3333333333333,42.916666666666664,1000.725
2023-07-27 16:00:00,21.683333333333334,52.416666666666664,450.9166666666667,41.666666666666664,1000.6833333333334
2023-07-27 17:00:00,22.075,52.583333333333336,477.4166666666667,42.75,1000.75
2023-07-27 18:00:00,22.2,52.0,464.1666666666667,43.416666666666664,1000.8083333333333
2023-07-27 19:00:00,21.491666666666664,53.666666666666664,437.1666666666667,43.25,1000.9499999999999
2023-07-27 20:00:00,20.841666666666665,54.416666666666664,414.8333333333333,40.0,1001.4333333333334
2023-07-27 21:00:00,20.30909090909091,55.45454545454545,411.6363636363636,44.45454545454545,1001.6727272727272
2023-07-27 22:00:00,19.641666666666666,56.666666666666664,405.9166666666667,43.333333333333336,1001.9499999999999
2023-07-27 23:00:00,19.116666666666667,58.666666666666664,435.0833333333333,39.25,1002.0
2023-07-28 00:00:00,19.516666666666666,58.0,550.5,39.916666666666664,1001.9499999999999
2023-07-28 01:00:00,19.066666666666666,56.916666666666664,569.1666666666666,38.25,1001.875
2023-07-28 02:00:00,18.06,57.2,492.4,38.6,1001.74
2023-07-28 03:00:00,18.058333333333334,57.75,521.8333333333334,38.083333333333336,1001.6500000000001
2023-07-28 04:00:00,17.641666666666666,58.333333333333336,500.1666666666667,38.083333333333336,1001.7666666666668
2023-07-28 05:00:00,17.3,60.54545454545455,442.27272727272725,38.0,1001.9545454545455
2023-07-28 06:00:00,17.5,62.25,438.5,37.833333333333336,1002.2416666666667
2023-07-28 07:00:00,17.525,63.416666666666664,429.5,38.25,1002.4499999999999
2023-07-28 08:00:00,17.533333333333335,64.75,424.8333333333333,40.333333333333336,1002.5666666666666
2023-07-28 09:00:00,18.383333333333333,65.83333333333333,436.0,40.0,1002.9666666666667
2023-07-28 10:00:00,20.075,64.5,547.1666666666666,40.083333333333336,1003.4416666666666
2023-07-28 11:00:00,20.418181818181818,63.09090909090909,575.2727272727273,40.54545454545455,1003.6090909090909
2023-07-28 12:00:00,20.5,63.75,504.8333333333333,40.583333333333336,1003.625
2023-07-28 13:00:00,21.724999999999998,62.166666666666664,623.1666666666666,41.333333333333336,1003.6416666666668
2023-07-28 14:00:00,21.78333333333333,60.5,580.4166666666666,41.416666666666664,1003.7916666666666
2023-07-28 15:00:00,22.041666666666668,60.75,502.9166666666667,37.833333333333336,1003.725
2023-07-28 16:00:00,22.791666666666668,58.666666666666664,514.6666666666666,38.083333333333336,1003.725
2023-07-28 17:00:00,23.083333333333332,56.166666666666664,610.4166666666666,40.0,1003.7833333333333
2023-07-28 18:00:00,23.416666666666668,55.0,667.5833333333334,40.416666666666664,1003.7916666666666
2023-07-28 19:00:00,23.399999999999995,55.0,606.5,41.333333333333336,1003.9166666666666
2023-07-28 20:00:00,23.0,55.18181818181818,536.1818181818181,39.36363636363637,1004.0090909090909
2023-07-28 21:00:00,22.2,55.416666666666664,485.3333333333333,39.333333333333336,1003.9333333333334
2023-07-28 22:00:00,21.666666666666668,55.916666666666664,481.8333333333333,41.5,1003.9416666666666
2023-07-28 23:00:00,21.125,57.166666666666664,474.8333333333333,45.416666666666664,1004.025
2023-07-29 00:00:00,20.55,58.0,462.9166666666667,39.75,1004.025
2023-07-29 01:00:00,20.125,58.916666666666664,458.9166666666667,40.416666666666664,1003.9666666666667
2023-07-29 02:00:00,19.791666666666668,59.0,457.6666666666667,39.0,1003.7583333333333
2023-07-29 03:00:00,18.833333333333332,60.166666666666664,445.9166666666667,38.333333333333336,1003.3166666666666
2023-07-29 04:00:00,18.266666666666666,61.0,440.25,37.0,1002.9250000000001
2023-07-29 05:00:00,17.875,61.833333333333336,443.5,37.0,1003.0
2023-07-29 06:00:00,18.583333333333332,63.0,443.5,37.083333333333336,1002.8916666666665
2023-07-29 07:00:00,20.163636363636364,61.54545454545455,471.1818181818182,37.0,1003.0454545454545
2023-07-29 08:00:00,21.40833333333333,60.083333333333336,502.0,37.0,1003.1166666666667
2023-07-29 09:00:00,22.25,57.5,500.6666666666667,38.75,1003.2416666666667
2023-07-29 10:00:00,22.958333333333332,55.166666666666664,524.4166666666666,39.25,1003.2166666666667
2023-07-29 11:00:00,23.53333333333333,52.916666666666664,506.8333333333333,38.166666666666664,1003.1083333333335
2023-07-29 12:00:00,24.099999999999998,51.333333333333336,523.1666666666666,38.833333333333336,1002.9583333333334
2023-07-29 13:00:00,24.166666666666668,51.0,518.0,38.333333333333336,1002.8499999999999
2023-07-29 14:00:00,24.041666666666668,51.0,515.0833333333334,38.833333333333336,1002.7166666666667
2023-07-29 15:00:00,24.100000000000005,50.166666666666664,514.0,39.0,1002.4083333333333
2023-07-29 16:00:00,23.84166666666667,50.166666666666664,510.5833333333333,39.583333333333336,1002.1916666666666
2023-07-29 17:00:00,23.718181818181815,51.0,512.1818181818181,38.27272727272727,1001.9363636363636
2023-07-29 18:00:00,23.400000000000002,53.416666666666664,504.1666666666667,38.166666666666664,1001.7916666666666
2023-07-29 19:00:00,23.150000000000002,56.333333333333336,498.9166666666667,39.333333333333336,1001.5833333333334
2023-07-29 20:00:00,22.675,57.0,494.6666666666667,38.666666666666664,1001.5666666666666
2023-07-29 21:00:00,22.133333333333336,57.666666666666664,489.5,38.583333333333336,1001.5166666666668
2023-07-29 22:00:00,21.71666666666667,59.25,485.0833333333333,38.166666666666664,1001.5
2023-07-29 23:00:00,21.55,60.0,489.8333333333333,38.916666666666664,1001.5416666666666
2023-07-30 00:00:00,21.825,60.0,516.6666666666666,39.166666666666664,1001.5583333333334
2023-07-30 01:00:00,21.758333333333336,60.0,528.5833333333334,37.916666666666664,1001.3166666666666
2023-07-30 02:00:00,21.53333333333333,60.0,518.5833333333334,38.166666666666664,1001.0666666666666
2023-07-30 03:00:00,21.483333333333334,60.916666666666664,523.9166666666666,37.416666666666664,1000.9250000000001
2023-07-30 04:00:00,21.4,61.63636363636363,525.8181818181819,37.54545454545455,1000.8363636363636
2023-07-30 05:00:00,21.5,62.0,514.5833333333334,37.0,1000.7416666666667
2023-07-30 06:00:00,21.575000000000003,62.0,519.9166666666666,37.166666666666664,1000.8249999999999
2023-07-30 07:00:00,21.61666666666667,62.0,521.0833333333334,37.416666666666664,1000.775
2023-07-30 08:00:00,22.0,62.0,579.8333333333334,37.333333333333336,1000.875
2023-07-30 09:00:00,22.46666666666667,61.333333333333336,585.5833333333334,37.666666666666664,1001.0083333333333
2023-07-30 10:00:00,22.766666666666666,59.416666666666664,560.5833333333334,37.416666666666664,1001.1333333333333
2023-07-30 11:00:00,23.191666666666666,58.083333333333336,597.0833333333334,39.166666666666664,1001.35
2023-07-30 12:00:00,23.491666666666664,56.166666666666664,599.5833333333334,39.833333333333336,1001.6999999999999
2023-07-30 13:00:00,23.708333333333332,54.25,593.0833333333334,39.75,1001.8249999999999
2023-07-30 14:00:00,23.936363636363637,53.36363636363637,638.0,47.09090909090909,1001.8363636363636
2023-07-30 15:00:00,23.825,52.0,576.0833333333334,46.0,1002.0166666666668
2023-07-30 16:00:00,23.608333333333334,51.75,595.75,41.5,1002.0749999999999
2023-07-30 17:00:00,23.38333333333333,51.0,566.5,38.5,1001.9583333333334
2023-07-30 18:00:00,23.116666666666664,51.833333333333336,551.0833333333334,39.916666666666664,1001.9583333333334
2023-07-30 19:00:00,22.96666666666667,52.25,544.3333333333334,38.333333333333336,1001.9583333333334
2023-07-30 20:00:00,22.866666666666664,51.083333333333336,529.0833333333334,38.083333333333336,1002.0
2023-07-30 21:00:00,22.7,51.0,523.1666666666666,40.666666666666664,1002.0333333333333
2023-07-30 22:00:00,22.066666666666666,52.416666666666664,551.25,47.833333333333336,1001.9333333333334
2023-07-30 23:00:00,21.65833333333333,53.0,532.9166666666666,45.25,1001.8583333333332
2023-07-31 00:00:00,21.283333333333335,53.416666666666664,503.5,45.083333333333336,1001.7416666666667
2023-07-31 01:00:00,21.354545454545452,54.09090909090909,487.72727272727275,40.45454545454545,1001.5727272727272
2023-07-31 02:00:00,21.025000000000002,55.75,480.25,37.0,1001.5500000000001
2023-07-31 03:00:00,20.808333333333334,57.25,479.6666666666667,37.0,1001.2416666666667
2023-07-31 04:00:00,20.683333333333334,58.0,488.4166666666667,37.0,1001.1416666666668
2023-07-31 05:00:00,20.541666666666668,59.0,487.5833333333333,37.0,1001.1750000000001
2023-07-31 06:00:00,20.366666666666667,59.0,476.25,37.083333333333336,1001.0416666666666
2023-07-31 07:00:00,20.575,58.25,495.1666666666667,38.416666666666664,1000.9083333333333
2023-07-31 08:00:00,21.133333333333333,57.416666666666664,496.5,38.583333333333336,1000.9583333333334
2023-07-31 09:00:00,21.650000000000002,56.166666666666664,503.1666666666667,39.0,1001.0666666666666
2023-07-31 10:00:00,22.15833333333333,53.916666666666664,484.75,40.666666666666664,1001.1166666666667
2023-07-31 11:00:00,22.391666666666666,53.0,520.6666666666666,40.5,1000.9583333333334
2023-07-31 12:00:00,22.727272727272727,52.54545454545455,562.1818181818181,41.27272727272727,1000.8818181818181
2023-07-31 13:00:00,23.150000000000002,51.666666666666664,565.5833333333334,43.666666666666664,1000.8916666666665
2023-07-31 14:00:00,23.516666666666666,50.666666666666664,611.9166666666666,45.166666666666664,1000.7083333333334
2023-07-31 15:00:00,23.575,50.0,579.6666666666666,39.25,1000.5416666666666
2023-07-31 16:00:00,23.599999999999998,50.0,575.6666666666666,39.25,1000.1666666666666
2023-07-31 17:00:00,23.875,50.0,606.25,58.833333333333336,999.8583333333332
2023-07-31 18:00:00,23.983333333333334,50.0,575.0,39.333333333333336,999.625
2023-07-31 19:00:00,24.041666666666668,50.166666666666664,598.4166666666666,50.166666666666664,999.6083333333332
2023-07-31 20:00:00,23.741666666666664,52.416666666666664,554.1666666666666,43.416666666666664,999.3916666666665
2023-07-31 21:00:00,23.441666666666666,53.5,550.6666666666666,43.666666666666664,999.125
2023-07-31 22:00:00,23.041666666666668,53.25,554.5833333333334,39.833333333333336,998.75
2023-07-31 23:00:00,22.845454545454547,52.27272727272727,569.5454545454545,42.54545454545455,998.3636363636364
2023-08-01 00:00:00,22.416666666666668,51.583333333333336,602.0833333333334,43.75,997.9916666666667
2023-08-01 01:00:00,21.833333333333332,51.0,600.1666666666666,38.583333333333336,997.5749999999999
2023-08-01 02:00:00,21.158333333333335,50.666666666666664,581.5833333333334,37.166666666666664,997.0416666666666
2023-08-01 03:00:00,20.599999999999998,50.0,584.0833333333334,37.166666666666664,996.5083333333333
2023-08-01 04:00:00,20.175,50.0,560.75,37.333333333333336,995.9916666666667
2023-08-01 05:00:00,19.791666666666668,50.0,557.3333333333334,37.333333333333336,995.5583333333334
2023-08-01 06:00:00,19.991666666666667,50.833333333333336,557.1666666666666,37.916666666666664,995.15
2023-08-01 07:00:00,21.175,51.833333333333336,614.5,38.583333333333336,994.8416666666667
2023-08-01 08:00:00,22.083333333333332,52.0,584.9166666666666,39.666666666666664,994.9499999999999
2023-08-01 09:00:00,22.71666666666667,52.0,513.0,40.083333333333336,994.8583333333332
2023-08-01 10:00:00,23.236363636363635,51.63636363636363,511.0,40.63636363636363,994.7090909090908
2023-08-01 11:00:00,23.7,51.833333333333336,590.75,41.0,994.375
2023-08-01 12:00:00,24.208333333333332,50.166666666666664,659.5833333333334,44.0,994.0083333333333
2023-08-01 13:00:00,24.650000000000002,48.916666666666664,665.3333333333334,46.333333333333336,993.8166666666666
2023-08-01 14:00:00,24.758333333333336,48.0,599.8333333333334,44.25,993.875
2023-08-01 15:00:00,24.758333333333336,48.5,600.5833333333334,45.833333333333336,994.1083333333335
2023-08-01 16:00:00,24.825,49.0,605.6666666666666,40.166666666666664,993.9833333333332
2023-08-01 17:00:00,24.983333333333334,48.916666666666664,609.3333333333334,41.916666666666664,993.9333333333334
2023-08-01 18:00:00,24.90833333333333,48.666666666666664,564.9166666666666,38.666666666666664,993.8666666666667
2023-08-01 19:00:00,24.775000000000002,49.25,563.9166666666666,39.0,993.9083333333333
2023-08-01 20:00:00,24.508333333333336,50.333333333333336,564.1666666666666,38.666666666666664,994.0749999999999
2023-08-01 21:00:00,24.136363636363637,51.0,549.8181818181819,38.81818181818182,994.3090909090909
2023-08-01 22:00:00,23.59166666666667,51.0,552.5833333333334,38.916666666666664,994.3583333333332
2023-08-01 23:00:00,22.75,52.0,595.0833333333334,41.666666666666664,994.3666666666667
2023-08-02 00:00:00,23.125,51.666666666666664,728.6666666666666,37.916666666666664,994.3916666666665
2023-08-02 01:00:00,23.175,51.0,741.3333333333334,37.25,994.1416666666668
2023-08-02 02:00:00,23.03333333333333,51.0,750.0833333333334,37.083333333333336,993.9416666666666
2023-08-02 03:00:00,22.924999999999997,50.0,730.4166666666666,36.5,993.9083333333333
2023-08-02 04:00:00,22.733333333333334,50.0,740.3333333333334,36.0,993.725
2023-08-02 05:00:00,22.65833333333333,50.0,735.6666666666666,36.25,993.5833333333334
2023-08-02 06:00:00,22.600000000000005,50.0,751.8333333333334,36.666666666666664,993.5500000000001
2023-08-02 07:00:00,22.675,50.5,778.6666666666666,36.75,993.3499999999999
2023-08-02 08:00:00,22.990909090909092,51.18181818181818,736.4545454545455,40.54545454545455,993.1272727272727
2023-08-02 09:00:00,23.474999999999998,52.416666666666664,681.0,41.333333333333336,993.3333333333334
2023-08-02 10:00:00,23.925,54.916666666666664,668.75,39.583333333333336,993.2833333333333
2023-08-02 11:00:00,24.3,53.916666666666664,607.75,42.333333333333336,993.1916666666667
2023-08-02 12:00:00,24.991666666666664,53.25,722.4166666666666,43.833333333333336,993.1
2023-08-02 13:00:00,25.141666666666666,52.75,738.5833333333334,45.166666666666664,993.0666666666666
2023-08-02 14:00:00,25.166666666666668,51.666666666666664,671.1666666666666,43.0,992.8166666666666
2023-08-02 15:00:00,25.433333333333334,50.25,700.4166666666666,38.416666666666664,992.625
2023-08-02 16:00:00,25.583333333333332,50.0,700.9166666666666,40.333333333333336,992.4583333333334
2023-08-02 17:00:00,25.53333333333333,50.0,670.6666666666666,43.25,992.5083333333333
2023-08-02 18:00:00,25.38333333333333,50.0,666.6666666666666,40.0,992.85
2023-08-02 19:00:00,25.20909090909091,50.81818181818182,643.3636363636364,39.27272727272727,993.2363636363636
2023-08-02 20:00:00,25.075000000000003,51.25,633.6666666666666,39.25,993.2583333333333
2023-08-02 21:00:00,24.25,49.166666666666664,573.9166666666666,37.333333333333336,993.3249999999999
2023-08-02 22:00:00,23.266666666666666,49.916666666666664,563.0833333333334,38.916666666666664,993.5
2023-08-02 23:00:00,22.433333333333334,51.0,589.3333333333334,40.666666666666664,993.525
2023-08-03 00:00:00,21.349999999999998,52.0,584.4166666666666,38.5,993.5333333333333
2023-08-03 01:00:00,20.85833333333333,53.833333333333336,557.0,36.333333333333336,993.5333333333333
2023-08-03 02:00:00,20.041666666666668,54.25,577.6666666666666,36.916666666666664,993.3666666666667
2023-08-03 03:00:00,19.483333333333334,55.416666666666664,579.75,36.166666666666664,993.275
2023-08-03 04:00:00,19.575,56.75,547.5,36.5,993.0666666666666
2023-08-03 05:00:00,19.916666666666668,57.75,521.0833333333334,36.916666666666664,992.9416666666666
2023-08-03 06:00:00,20.245454545454546,58.45454545454545,525.2727272727273,37.18181818181818,993.0727272727272
2023-08-03 07:00:00,20.433333333333334,59.583333333333336,513.4166666666666,38.25,993.1583333333333
2023-08-03 08:00:00,21.3,59.416666666666664,532.0833333333334,39.083333333333336,993.225
2023-08-03 09:00:00,22.083333333333332,58.333333333333336,538.0833333333334,39.083333333333336,993.2999999999998
2023-08-03 10:00:00,22.891666666666666,57.583333333333336,598.5,41.0,993.3666666666667
2023-08-03 11:00:00,23.645454545454548,55.81818181818182,630.0,49.81818181818182,993.4818181818181
2023-08-03 12:00:00,24.416666666666668,53.833333333333336,633.75,51.916666666666664,993.4416666666666
2023-08-03 13:00:00,25.0,52.0,645.1666666666666,47.75,993.3916666666665
2023-08-03 14:00:00,25.15833333333333,51.25,693.8333333333334,42.75,993.3833333333333
2023-08-03 15:00:00,25.141666666666666,52.25,660.4166666666666,42.666666666666664,993.5583333333334
2023-08-03 16:00:00,25.327272727272728,52.09090909090909,739.6363636363636,49.81818181818182,993.8454545454545
2023-08-03 17:00:00,25.099999999999998,52.0,629.25,50.0,994.1750000000001
2023-08-03 18:00:00,24.40833333333333,53.083333333333336,612.8333333333334,46.0,994.5
2023-08-03 19:00:00,24.38333333333333,54.0,617.4166666666666,44.166666666666664,994.775
2023-08-03 20:00:00,24.15833333333333,54.0,580.25,43.833333333333336,995.1750000000001
2023-08-03 21:00:00,23.691666666666666,54.833333333333336,616.4166666666666,47.5,995.6416666666668
2023-08-03 22:00:00,23.058333333333334,55.25,626.5,45.666666666666664,995.9333333333334
2023-08-03 23:00:00,22.483333333333334,55.083333333333336,612.1666666666666,42.75,996.25
2023-08-04 00:00:00,21.683333333333334,55.0,612.1666666666666,40.416666666666664,996.65
2023-08-04 01:00:00,20.791666666666668,55.0,648.25,38.75,996.9166666666666
2023-08-04 02:00:00,20.066666666666666,55.666666666666664,667.1666666666666,37.833333333333336,997.1999999999999
2023-08-04 03:00:00,19.5,56.0,640.8181818181819,37.18181818181818,997.5636363636364
2023-08-04 04:00:00,19.0,56.0,629.5,37.0,997.9083333333333
2023-08-04 05:00:00,18.683333333333334,56.583333333333336,656.8333333333334,37.25,998.3249999999999
2023-08-04 06:00:00,18.625,57.75,621.1666666666666,37.75,998.6833333333334
2023-08-04 07:00:00,19.125,59.583333333333336,595.3333333333334,38.416666666666664,999.1083333333332
2023-08-04 08:00:00,20.166666666666668,60.0,564.3333333333334,38.833333333333336,999.7833333333333
2023-08-04 09:00:00,20.941666666666666,60.75,524.5833333333334,38.333333333333336,1000.5833333333334
2023-08-04 10:00:00,21.808333333333334,59.916666666666664,503.25,38.0,1001.2666666666668
2023-08-04 11:00:00,22.491666666666664,59.0,509.25,38.0,1001.725
2023-08-04 12:00:00,23.224999999999998,58.0,529.3333333333334,38.0,1001.9666666666667
2023-08-04 13:00:00,23.825,56.666666666666664,542.3333333333334,38.083333333333336,1002.0166666666668
2023-08-04 14:00:00,24.20909090909091,55.54545454545455,548.6363636363636,39.27272727272727,1002.1363636363636
2023-08-04 15:00:00,24.391666666666666,53.666666666666664,554.8333333333334,38.416666666666664,1002.4250000000001
2023-08-04 16:00:00,24.099999999999998,53.583333333333336,548.0833333333334,40.666666666666664,1003.85
2023-08-04 17:00:00,22.84166666666667,55.5,516.5833333333334,41.916666666666664,1004.5
2023-08-04 18:00:00,22.266666666666666,57.0,503.0,38.666666666666664,1005.1166666666667
2023-08-04 19:00:00,21.958333333333332,57.833333333333336,494.1666666666667,38.25,1004.9250000000001
2023-08-04 20:00:00,21.808333333333334,59.0,490.25,37.916666666666664,1005.125
2023-08-04 21:00:00,21.516666666666666,59.0,502.9166666666667,37.25,1005.7583333333333
2023-08-04 22:00:00,21.091666666666665,59.25,497.9166666666667,37.833333333333336,1006.2083333333334
2023-08-04 23:00:00,20.941666666666666,60.0,482.9166666666667,38.083333333333336,1006.5
2023-08-05 00:00:00,20.8,60.0,482.75,37.583333333333336,1006.5916666666667
2023-08-05 01:00:00,20.681818181818183,60.0,479.1818181818182,37.54545454545455,1006.6636363636364
2023-08-05 02:00:00,20.45,60.0,488.6666666666667,37.833333333333336,1006.5583333333334
2023-08-05 03:00:00,20.116666666666667,60.333333333333336,502.9166666666667,37.083333333333336,1006.6833333333334
2023-08-05 04:00:00,19.933333333333334,61.083333333333336,509.0833333333333,37.0,1006.75
2023-08-05 05:00:00,19.95,62.0,494.5833333333333,37.0,1006.9083333333333
2023-08-05 06:00:00,19.95,62.333333333333336,480.75,37.0,1007.1083333333335
2023-08-05 07:00:00,20.075,63.0,475.1666666666667,37.0,1007.4250000000001
2023-08-05 08:00:00,20.183333333333334,63.0,466.25,37.083333333333336,1007.7916666666666
2023-08-05 09:00:00,20.566666666666666,63.0,482.8333333333333,37.166666666666664,1007.6999999999999
2023-08-05 10:00:00,21.125,63.0,480.1666666666667,37.25,1007.8000000000001
2023-08-05 11:00:00,21.841666666666665,63.333333333333336,490.5,38.416666666666664,1008.1
2023-08-05 12:00:00,22.145454545454545,63.81818181818182,500.6363636363636,38.36363636363637,1008.0636363636364
2023-08-05 13:00:00,21.808333333333334,62.583333333333336,494.5833333333333,41.333333333333336,1008.025
2023-08-05 14:00:00,21.125,62.0,486.5833333333333,44.5,1008.4833333333332
2023-08-05 15:00:00,20.783333333333335,63.583333333333336,474.4166666666667,38.916666666666664,1008.8166666666666
2023-08-05 16:00:00,20.375,62.416666666666664,463.8333333333333,39.083333333333336,1009.1166666666667
2023-08-05 17:00:00,20.183333333333334,60.0,462.5,38.416666666666664,1009.4583333333334
2023-08-05 18:00:00,20.191666666666666,58.5,458.75,38.25,1010.1583333333333
2023-08-05 19:00:00,20.191666666666666,57.166666666666664,461.0833333333333,38.0,1010.275
2023-08-05 20:00:00,20.275000000000002,57.0,463.0,38.0,1010.5083333333333
2023-08-05 21:00:00,20.083333333333332,57.0,464.0,38.166666666666664,1010.65
2023-08-05 22:00:00,19.775000000000002,57.0,463.8333333333333,38.083333333333336,1011.0666666666666
2023-08-05 23:00:00,19.38181818181818,57.27272727272727,460.6363636363636,37.36363636363637,1011.2363636363636
2023-08-06 00:00:00,19.075,58.0,457.3333333333333,38.166666666666664,1011.5
2023-08-06 01:00:00,18.758333333333333,58.0,459.8333333333333,37.5,1011.3083333333334
2023-08-06 02:00:00,18.383333333333333,58.0,453.5,37.333333333333336,1011.0416666666666
2023-08-06 03:00:00,18.099999999999998,58.0,449.9166666666667,37.25,1011.2333333333332
2023-08-06 04:00:00,17.883333333333333,59.0,450.6666666666667,37.166666666666664,1011.25
2023-08-06 05:00:00,17.683333333333334,59.0,447.3333333333333,37.25,1011.5833333333334
2023-08-06 06:00:00,17.6,59.083333333333336,443.5833333333333,37.25,1011.7333333333332
2023-08-06 07:00:00,17.849999999999998,60.0,438.0833333333333,37.5,1011.6750000000001
2023-08-06 08:00:00,18.583333333333332,60.0,434.5833333333333,37.083333333333336,1011.475
2023-08-06 09:00:00,19.825,59.0,443.0,37.166666666666664,1011.4250000000001
2023-08-06 10:00:00,20.599999999999998,57.45454545454545,450.27272727272725,37.27272727272727,1011.2545454545453
2023-08-06 11:00:00,20.775000000000002,56.0,453.5833333333333,37.333333333333336,1011.0
2023-08-06 12:00:00,21.016666666666666,56.0,457.0,37.583333333333336,1010.6166666666667
2023-08-06 13:00:00,21.1,55.0,458.75,38.166666666666664,1010.1999999999999
2023-08-06 14:00:00,21.216666666666665,54.0,460.75,38.083333333333336,1009.9666666666667
2023-08-06 15:00:00,21.25,53.166666666666664,461.0833333333333,37.75,1009.4166666666666
2023-08-06 16:00:00,21.2,53.0,461.0833333333333,38.833333333333336,1008.5416666666666
2023-08-06 17:00:00,21.258333333333333,53.0,476.3333333333333,39.25,1008.3583333333332
2023-08-06 18:00:00,21.14166666666667,53.333333333333336,468.8333333333333,39.0,1008.3083333333333
2023-08-06 19:00:00,21.041666666666668,54.416666666666664,475.0,38.5,1008.1
2023-08-06 20:00:00,21.183333333333334,55.416666666666664,505.75,40.916666666666664,1007.6333333333333
2023-08-06 21:00:00,21.336363636363636,56.72727272727273,522.6363636363636,42.36363636363637,1007.1363636363636
2023-08-06 22:00:00,21.508333333333336,57.5,530.25,39.5,1006.375
2023-08-06 23:00:00,21.458333333333332,57.5,553.3333333333334,39.666666666666664,1004.7166666666667
2023-08-07 00:00:00,21.5,57.0,547.1666666666666,37.5,1003.525
2023-08-07 01:00:00,21.483333333333334,57.0,541.0,37.583333333333336,1002.2666666666668
2023-08-07 02:00:00,21.433333333333334,57.0,536.8333333333334,37.333333333333336,1000.6416666666668
2023-08-07 03:00:00,21.40833333333333,57.0,537.9166666666666,38.0,999.0083333333333
2023-08-07 04:00:00,21.349999999999998,57.0,528.4166666666666,37.666666666666664,997.35
2023-08-07 05:00:00,21.233333333333334,57.0,523.0833333333334,37.833333333333336,996.0
2023-08-07 06:00:00,21.041666666666668,57.0,517.3333333333334,37.666666666666664,994.9916666666667
2023-08-07 07:00:00,21.0,57.0,525.5833333333334,38.166666666666664,994.1833333333334
2023-08-07 08:00:00,21.081818181818182,57.90909090909091,535.9090909090909,40.45454545454545,993.3636363636364
2023-08-07 09:00:00,21.391666666666666,58.166666666666664,557.9166666666666,42.666666666666664,992.7333333333332
2023-08-07 10:00:00,21.575000000000003,59.166666666666664,523.4166666666666,42.083333333333336,992.1999999999999
2023-08-07 11:00:00,21.041666666666668,61.25,498.0,40.416666666666664,991.6916666666666
2023-08-07 12:00:00,21.0,63.416666666666664,476.1666666666667,39.75,991.2583333333333
2023-08-07 13:00:00,21.066666666666666,64.83333333333333,491.9166666666667,42.75,990.875
2023-08-07 14:00:00,21.59166666666667,65.0,555.1666666666666,46.666666666666664,990.7166666666667
2023-08-07 15:00:00,22.15833333333333,65.5,641.0,43.833333333333336,990.2583333333333
2023-08-07 16:00:00,22.791666666666668,66.0,659.8333333333334,42.416666666666664,989.6916666666666
2023-08-07 17:00:00,23.233333333333334,66.0,707.6666666666666,42.666666666666664,989.0833333333334
2023-08-07 18:00:00,23.266666666666666,66.83333333333333,603.6666666666666,42.916666666666664,988.5500000000001
2023-08-07 19:00:00,23.29090909090909,67.0,690.5454545454545,43.72727272727273,988.2727272727273
2023-08-07 20:00:00,23.45,65.91666666666667,639.8333333333334,44.75,988.025
2023-08-07 21:00:00,23.166666666666668,64.75,626.5833333333334,41.333333333333336,988.2916666666666
2023-08-07 22:00:00,23.241666666666664,63.25,715.0,42.75,988.0916666666667
2023-08-07 23:00:00,23.099999999999998,61.833333333333336,628.25,41.666666666666664,987.7166666666667
2023-08-08 00:00:00,22.758333333333336,61.083333333333336,905.3333333333334,40.416666666666664,986.9333333333334
2023-08-08 01:00:00,22.116666666666664,60.0,566.25,37.5,986.3666666666667
2023-08-08 02:00:00,20.933333333333334,61.0,519.4166666666666,36.5,986.1416666666668
2023-08-08 03:00:00,20.483333333333334,62.333333333333336,515.5833333333334,36.333333333333336,985.4416666666666
2023-08-08 04:00:00,20.275000000000002,63.416666666666664,511.4166666666667,36.416666666666664,984.6750000000001
2023-08-08 05:00:00,20.183333333333334,64.0,510.5833333333333,36.333333333333336,984.0666666666666
2023-08-08 06:00:00,20.05454545454546,65.0,506.1818181818182,36.81818181818182,983.6090909090909
2023-08-08 07:00:00,20.066666666666666,65.33333333333333,527.5,37.416666666666664,983.0583333333334
2023-08-08 08:00:00,21.091666666666665,65.08333333333333,590.0,39.666666666666664,982.5500000000001
2023-08-08 09:00:00,21.733333333333334,64.25,549.4166666666666,38.833333333333336,981.8166666666666
2023-08-08 10:00:00,21.96666666666667,63.916666666666664,524.25,38.5,981.025
2023-08-08 11:00:00,22.100000000000005,63.0,519.3333333333334,38.166666666666664,980.4250000000001
2023-08-08 12:00:00,22.125,63.75,518.8333333333334,37.5,980.025
2023-08-08 13:00:00,22.2,64.0,514.25,37.833333333333336,979.9250000000001
2023-08-08 14:00:00,22.3,64.0,511.6666666666667,37.833333333333336,980.0833333333334
2023-08-08 15:00:00,22.358333333333334,63.833333333333336,536.75,41.583333333333336,980.2916666666666
2023-08-08 16:00:00,22.933333333333334,62.916666666666664,578.5833333333334,45.083333333333336,980.6
2023-08-08 17:00:00,22.94545454545454,62.0,578.0,46.27272727272727,980.9181818181819
2023-08-08 18:00:00,22.75,61.166666666666664,560.25,44.333333333333336,981.375
2023-08-08 19:00:00,22.508333333333336,60.833333333333336,559.0,47.5,982.0333333333333
2023-08-08 20:00:00,22.308333333333334,59.833333333333336,550.9166666666666,46.833333333333336,982.8083333333334
2023-08-08 21:00:00,22.125,58.75,536.25,43.583333333333336,983.4916666666667
2023-08-08 22:00:00,22.191666666666666,58.0,532.8333333333334,43.083333333333336,983.9166666666666
2023-08-08 23:00:00,22.066666666666666,57.0,533.25,38.916666666666664,984.4416666666666
2023-08-09 00:00:00,21.191666666666666,57.083333333333336,516.25,38.583333333333336,985.1750000000001
2023-08-09 01:00:00,19.916666666666668,58.0,486.0,36.333333333333336,985.9666666666667
2023-08-09 02:00:00,19.400000000000002,58.0,475.8333333333333,36.083333333333336,986.8083333333334
2023-08-09 03:00:00,18.991666666666667,58.0,465.6666666666667,36.166666666666664,987.6583333333333
2023-08-09 04:00:00,18.70909090909091,58.0,459.72727272727275,36.09090909090909,988.6727272727272
2023-08-09 05:00:00,18.508333333333333,58.0,470.4166666666667,36.25,989.525
2023-08-09 06:00:00,18.4,59.0,464.6666666666667,36.75,990.475
2023-08-09 07:00:00,18.4,59.0,471.5,37.25,991.5833333333334
2023-08-09 08:00:00,18.808333333333334,59.333333333333336,487.75,38.833333333333336,992.6583333333333
2023-08-09 09:00:00,20.216666666666665,58.333333333333336,632.8333333333334,43.166666666666664,993.8416666666667
2023-08-09 10:00:00,21.275000000000002,56.416666666666664,629.5,43.416666666666664,994.9833333333332
2023-08-09 11:00:00,21.78333333333333,54.583333333333336,557.0,44.916666666666664,995.9583333333334
2023-08-09 12:00:00,22.09166666666667,54.083333333333336,626.75,48.5,996.9583333333334
2023-08-09 13:00:00,22.108333333333334,54.25,550.0833333333334,48.75,997.7916666666666
2023-08-09 14:00:00,22.349999999999998,52.75,510.0833333333333,44.083333333333336,998.7583333333333
2023-08-09 15:00:00,22.463636363636365,52.36363636363637,487.1818181818182,40.36363636363637,999.7
2023-08-09 16:00:00,22.46666666666667,52.0,492.4166666666667,39.333333333333336,1000.4583333333334
2023-08-09 17:00:00,22.308333333333334,52.0,491.0833333333333,39.083333333333336,1001.375
2023-08-09 18:00:00,22.183333333333334,52.666666666666664,515.4166666666666,39.333333333333336,1002.25
2023-08-09 19:00:00,22.100000000000005,53.75,516.0,39.083333333333336,1002.8333333333334
2023-08-09 20:00:00,21.916666666666668,54.583333333333336,522.0833333333334,39.166666666666664,1003.5916666666667
2023-08-09 21:00:00,21.541666666666668,55.0,515.3333333333334,38.583333333333336,1004.4499999999999
2023-08-09 22:00:00,21.2,55.916666666666664,535.3333333333334,40.166666666666664,1005.0
2023-08-09 23:00:00,20.983333333333334,56.0,561.8333333333334,43.25,1005.4333333333334
2023-08-10 00:00:00,20.541666666666668,56.083333333333336,535.4166666666666,38.25,1005.8583333333332
2023-08-10 01:00:00,20.241666666666667,57.0,527.4166666666666,39.416666666666664,1006.3083333333334
2023-08-10 02:00:00,20.036363636363635,57.0,538.5454545454545,37.72727272727273,1006.7636363636364
2023-08-10 03:00:00,19.841666666666665,57.0,521.5833333333334,38.5,1007.0666666666666
2023-08-10 04:00:00,19.650000000000002,57.0,507.1666666666667,38.083333333333336,1007.5083333333333
2023-08-10 05:00:00,19.391666666666666,56.833333333333336,493.6666666666667,37.666666666666664,1007.85
2023-08-10 06:00:00,19.2,56.916666666666664,482.25,38.25,1008.1083333333332
2023-08-10 07:00:00,19.14166666666667,57.333333333333336,472.9166666666667,38.5,1008.7083333333334
2023-08-10 08:00:00,19.391666666666666,58.0,454.6666666666667,38.583333333333336,1009.15
2023-08-10 09:00:00,19.808333333333334,58.0,433.8333333333333,38.583333333333336,1009.625
2023-08-10 10:00:00,20.0,57.666666666666664,443.3333333333333,38.166666666666664,1010.0666666666666
2023-08-10 11:00:00,20.241666666666667,57.166666666666664,438.8333333333333,39.0,1010.3416666666667
2023-08-10 12:00:00,20.633333333333333,56.916666666666664,444.6666666666667,38.916666666666664,1010.775
2023-08-10 13:00:00,20.990909090909092,56.0,460.09090909090907,39.63636363636363,1011.2272727272727
2023-08-10 14:00:00,21.266666666666666,55.666666666666664,450.1666666666667,39.166666666666664,1011.475
2023-08-10 15:00:00,21.474999999999998,55.0,459.8333333333333,39.416666666666664,1011.7083333333334
2023-08-10 16:00:00,21.508333333333336,55.0,464.4166666666667,39.083333333333336,1011.9166666666666
2023-08-10 17:00:00,21.61666666666667,54.416666666666664,457.1666666666667,39.416666666666664,1012.1666666666666
2023-08-10 18:00:00,21.650000000000002,54.0,459.0,39.75,1012.4916666666667
2023-08-10 19:00:00,21.516666666666666,54.0,455.3333333333333,39.416666666666664,1012.725
2023-08-10 20:00:00,21.241666666666667,54.0,455.0833333333333,39.25,1012.8916666666665
2023-08-10 21:00:00,20.933333333333334,54.0,468.6666666666667,39.833333333333336,1013.0583333333334
2023-08-10 22:00:00,20.583333333333332,54.0,478.3333333333333,39.666666666666664,1013.4250000000001
2023-08-10 23:00:00,20.05,54.083333333333336,488.3333333333333,40.0,1013.5416666666666
2023-08-11 00:00:00,19.927272727272726,55.0,488.3636363636364,38.81818181818182,1013.4727272727273
2023-08-11 01:00:00,19.608333333333334,56.25,479.9166666666667,43.666666666666664,1013.6
2023-08-11 02:00:00,18.408333333333335,58.333333333333336,453.9166666666667,37.25,1013.8416666666667
2023-08-11 03:00:00,17.825,59.333333333333336,459.25,37.166666666666664,1013.9333333333334
2023-08-11 04:00:00,17.458333333333332,60.583333333333336,440.9166666666667,37.25,1013.7833333333333
2023-08-11 05:00:00,17.525000000000002,61.833333333333336,438.3333333333333,37.583333333333336,1013.7666666666668
2023-08-11 06:00:00,17.6,62.25,437.75,37.333333333333336,1014.0749999999999
2023-08-11 07:00:00,17.64166666666667,63.0,438.3333333333333,38.083333333333336,1014.1333333333333
2023-08-11 08:00:00,17.891666666666666,63.0,426.8333333333333,38.5,1014.4250000000001
2023-08-11 09:00:00,19.016666666666666,62.416666666666664,477.8333333333333,39.583333333333336,1014.6999999999999
2023-08-11 10:00:00,20.5,60.75,439.3333333333333,38.666666666666664,1015.2833333333333
2023-08-11 11:00:00,21.336363636363636,59.18181818181818,447.6363636363636,38.36363636363637,1015.4181818181819
2023-08-11 12:00:00,21.583333333333332,56.916666666666664,452.0833333333333,39.083333333333336,1015.6166666666667
2023-08-11 13:00:00,21.599999999999998,53.833333333333336,449.0,40.333333333333336,1015.9416666666666
2023-08-11 14:00:00,21.333333333333332,51.416666666666664,445.0,39.666666666666664,1016.125
2023-08-11 15:00:00,21.508333333333336,52.166666666666664,453.8333333333333,39.333333333333336,1016.2916666666666
2023-08-11 16:00:00,21.474999999999998,53.0,448.0833333333333,39.583333333333336,1016.2333333333332
2023-08-11 17:00:00,21.233333333333334,53.0,446.4166666666667,39.666666666666664,1015.9499999999999
2023-08-11 18:00:00,21.008333333333333,53.0,448.3333333333333,40.666666666666664,1015.9333333333334
2023-08-11 19:00:00,20.85833333333333,52.5,452.25,41.583333333333336,1015.8833333333333
2023-08-11 20:00:00,20.491666666666667,53.0,449.75,40.0,1015.9333333333334
2023-08-11 21:00:00,20.075,53.583333333333336,438.3333333333333,40.666666666666664,1016.1583333333333
2023-08-11 22:00:00,19.90909090909091,54.81818181818182,436.72727272727275,41.09090909090909,1015.8636363636364
2023-08-11 23:00:00,19.783333333333335,55.0,436.0,40.416666666666664,1015.6333333333333
2023-08-12 00:00:00,19.708333333333332,55.583333333333336,441.4166666666667,39.5,1015.4499999999999
2023-08-12 01:00:00,19.7,56.416666666666664,445.3333333333333,39.0,1014.9666666666667
2023-08-12 02:00:00,19.841666666666665,58.583333333333336,445.4166666666667,38.75,1014.2333333333332
2023-08-12 03:00:00,20.0,60.083333333333336,447.6666666666667,37.5,1013.8249999999999
2023-08-12 04:00:00,20.0,61.75,450.1666666666667,37.333333333333336,1013.4166666666666
2023-08-12 05:00:00,20.05,63.333333333333336,460.9166666666667,37.333333333333336,1012.9833333333332
2023-08-12 06:00:00,20.2,64.66666666666667,459.0,37.5,1012.8416666666667
2023-08-12 07:00:00,20.3,65.41666666666667,451.5833333333333,37.5,1012.9083333333333
2023-08-12 08:00:00,20.241666666666667,66.0,459.5,37.75,1013.0833333333334
2023-08-12 09:00:00,20.37272727272727,66.0,455.0,38.09090909090909,1013.1272727272727
2023-08-12 10:00:00,20.675,65.66666666666667,451.25,38.916666666666664,1013.4833333333332
2023-08-12 11:00:00,20.816666666666666,64.75,458.3333333333333,39.5,1013.7916666666666
2023-08-12 12:00:00,20.741666666666667,64.0,453.25,39.583333333333336,1014.1
2023-08-12 13:00:00,20.9,63.25,448.4166666666667,40.0,1014.1583333333333
2023-08-12 14:00:00,21.275000000000002,62.083333333333336,458.9166666666667,40.083333333333336,1013.9333333333334
2023-08-12 15:00:00,21.733333333333334,59.916666666666664,458.6666666666667,40.083333333333336,1013.6583333333333
2023-08-12 16:00:00,21.8,58.166666666666664,464.75,40.083333333333336,1013.7166666666667
2023-08-12 17:00:00,21.84166666666667,57.166666666666664,462.0833333333333,40.0,1013.6416666666668
2023-08-12 18:00:00,21.933333333333334,57.416666666666664,466.0833333333333,39.5,1013.3333333333334
2023-08-12 19:00:00,21.916666666666668,57.0,475.0,40.083333333333336,1012.725
2023-08-12 20:00:00,21.818181818181817,57.90909090909091,479.0,40.18181818181818,1012.5090909090909
2023-08-12 21:00:00,21.53333333333333,59.083333333333336,494.0833333333333,40.416666666666664,1012.525
2023-08-12 22:00:00,21.125,60.0,508.5,40.25,1012.2833333333333
2023-08-12 23:00:00,20.825,60.916666666666664,519.0,41.583333333333336,1011.6666666666666
2023-08-13 00:00:00,20.816666666666666,61.0,489.9166666666667,40.916666666666664,1011.3833333333333
2023-08-13 01:00:00,20.958333333333332,61.0,470.0,40.0,1010.9
2023-08-13 02:00:00,20.883333333333333,62.25,471.4166666666667,39.833333333333336,1010.2833333333333
2023-08-13 03:00:00,20.90833333333333,63.5,481.3333333333333,38.666666666666664,1009.9166666666666
2023-08-13 04:00:00,20.925,64.33333333333333,486.8333333333333,37.583333333333336,1009.9416666666666
2023-08-13 05:00:00,20.833333333333332,65.0,485.3333333333333,37.5,1009.8249999999999
2023-08-13 06:00:00,20.866666666666664,64.25,472.0,37.916666666666664,1009.8416666666667
2023-08-13 07:00:00,20.736363636363635,64.0,470.6363636363636,37.90909090909091,1010.0363636363636
2023-08-13 08:00:00,20.75,64.91666666666667,467.9166666666667,37.5,1010.1750000000001
2023-08-13 09:00:00,20.974999999999998,65.0,462.5833333333333,38.0,1010.4333333333334
2023-08-13 10:00:00,20.966666666666665,65.0,462.1666666666667,38.166666666666664,1010.85
2023-08-13 11:00:00,21.05,64.41666666666667,461.25,38.416666666666664,1011.2166666666667
2023-08-13 12:00:00,21.333333333333332,63.416666666666664,463.75,38.666666666666664,1011.5749999999999
2023-08-13 13:00:00,21.45,62.75,464.3333333333333,39.333333333333336,1011.8833333333333
2023-08-13 14:00:00,21.59166666666667,62.0,462.1666666666667,39.333333333333336,1012.1166666666667
2023-08-13 15:00:00,21.599999999999998,60.916666666666664,461.5,39.5,1012.3833333333333
2023-08-13 16:00:00,21.575,61.416666666666664,464.5,38.916666666666664,1012.4666666666667
2023-08-13 17:00:00,21.441666666666666,62.75,465.1666666666667,39.166666666666664,1012.3166666666666
2023-08-13 18:00:00,21.572727272727274,63.0,461.3636363636364,39.09090909090909,1012.1636363636364
2023-08-13 19:00:00,21.474999999999998,63.0,458.6666666666667,39.333333333333336,1012.3583333333332
2023-08-13 20:00:00,21.441666666666666,63.0,461.0,39.0,1012.6416666666668
2023-08-13 21:00:00,21.275000000000002,63.0,462.6666666666667,38.75,1012.8583333333332
2023-08-13 22:00:00,21.09166666666667,63.0,458.9166666666667,38.5,1012.9666666666667
2023-08-13 23:00:00,21.008333333333333,63.0,456.0833333333333,38.416666666666664,1013.0916666666667
2023-08-14 00:00:00,20.883333333333333,63.0,459.4166666666667,38.166666666666664,1013.225
2023-08-14 01:00:00,20.808333333333334,63.0,462.1666666666667,37.833333333333336,1013.2083333333334
2023-08-14 02:00:00,20.716666666666665,63.333333333333336,466.1666666666667,37.75,1013.225
2023-08-14 03:00:00,20.64166666666667,64.0,467.0833333333333,37.583333333333336,1013.275
2023-08-14 04:00:00,20.6,64.0,470.0,37.416666666666664,1013.1500000000001
2023-08-14 05:00:00,20.6,64.0,465.77777777777777,37.77777777777778,1013.2666666666667
2023-08-14 06:00:00,20.608333333333334,64.0,461.4166666666667,38.5,1013.3416666666667
2023-08-14 07:00:00,20.6,64.0,459.8333333333333,38.416666666666664,1013.5583333333334
2023-08-14 08:00:00,20.75,63.666666666666664,453.0,38.583333333333336,1013.8416666666667
2023-08-14 09:00:00,21.041666666666668,62.583333333333336,458.0,38.75,1014.2083333333334
2023-08-14 10:00:00,21.291666666666668,62.0,456.9166666666667,38.666666666666664,1014.5916666666667
2023-08-14 11:00:00,21.441666666666666,62.0,463.6666666666667,39.916666666666664,1014.8583333333332
2023-08-14 12:00:00,21.516666666666666,63.0,464.9166666666667,38.5,1014.9416666666666
2023-08-14 13:00:00,21.700000000000003,62.166666666666664,471.0,38.916666666666664,1014.9499999999999
2023-08-14 14:00:00,21.900000000000002,60.416666666666664,466.25,39.416666666666664,1014.9333333333334
2023-08-14 15:00:00,22.133333333333336,59.25,470.5833333333333,39.333333333333336,1015.0500000000001
2023-08-14 16:00:00,22.254545454545454,59.0,473.1818181818182,39.63636363636363,1015.1272727272727
2023-08-14 17:00:00,22.400000000000002,59.0,478.75,39.333333333333336,1015.25
2023-08-14 18:00:00,22.608333333333334,59.083333333333336,504.4166666666667,41.416666666666664,1015.375
2023-08-14 19:00:00,22.491666666666664,59.25,504.6666666666667,41.666666666666664,1015.3499999999999
2023-08-14 20:00:00,22.183333333333334,60.0,496.25,39.916666666666664,1015.3166666666666
2023-08-14 21:00:00,22.083333333333332,60.666666666666664,518.25,41.583333333333336,1015.4250000000001
2023-08-14 22:00:00,21.90833333333333,61.166666666666664,503.6666666666667,39.166666666666664,1015.3083333333333
2023-08-14 23:00:00,21.741666666666664,62.0,487.8333333333333,38.5,1015.1500000000001
2023-08-15 00:00:00,21.608333333333334,62.0,502.6666666666667,38.5,1014.9416666666666
2023-08-15 01:00:00,21.5,62.416666666666664,502.6666666666667,38.416666666666664,1014.8083333333333
2023-08-15 02:00:00,21.391666666666666,62.416666666666664,499.5,38.166666666666664,1014.6
2023-08-15 03:00:00,21.290909090909093,62.90909090909091,508.8181818181818,38.72727272727273,1014.6181818181819
2023-08-15 04:00:00,21.058333333333334,63.916666666666664,505.3333333333333,38.333333333333336,1014.4666666666667
2023-08-15 05:00:00,20.666666666666668,63.5,517.5833333333334,38.416666666666664,1014.375
2023-08-15 06:00:00,20.575,63.583333333333336,506.9166666666667,38.833333333333336,1014.2333333333332
2023-08-15 07:00:00,20.858333333333334,64.0,494.0,38.75,1014.1
2023-08-15 08:00:00,21.016666666666666,64.0,488.8333333333333,39.333333333333336,1014.0583333333334
2023-08-15 09:00:00,21.616666666666664,64.0,508.75,40.166666666666664,1013.9166666666666
2023-08-15 10:00:00,22.224999999999998,63.666666666666664,495.5833333333333,39.583333333333336,1013.9
2023-08-15 11:00:00,22.766666666666666,63.0,641.4166666666666,39.416666666666664,1013.4
2023-08-15 12:00:00,23.058333333333334,63.0,714.8333333333334,39.833333333333336,1012.725
2023-08-15 13:00:00,23.2,63.25,546.75,39.333333333333336,1012.5749999999999
2023-08-15 14:00:00,23.09090909090909,64.9090909090909,510.45454545454544,39.27272727272727,1012.1272727272727
2023-08-15 15:00:00,23.025000000000002,65.75,512.0833333333334,39.416666666666664,1011.9499999999999
2023-08-15 16:00:00,23.125,66.0,509.6666666666667,40.083333333333336,1011.6833333333334
2023-08-15 17:00:00,23.241666666666664,65.25,516.3333333333334,39.5,1011.2583333333333
2023-08-15 18:00:00,23.433333333333334,65.33333333333333,541.3333333333334,40.333333333333336,1011.2916666666666
2023-08-15 19:00:00,23.691666666666666,65.91666666666667,581.75,50.5,1011.5749999999999
2023-08-15 20:00:00,23.508333333333336,64.66666666666667,559.25,42.75,1011.9916666666667
2023-08-15 21:00:00,23.208333333333332,64.0,541.4166666666666,43.416666666666664,1012.2833333333333
2023-08-15 22:00:00,22.791666666666668,64.0,524.4166666666666,43.25,1012.7416666666667
2023-08-15 23:00:00,22.416666666666668,62.916666666666664,494.6666666666667,43.416666666666664,1013.2416666666667
2023-08-16 00:00:00,21.933333333333334,62.0,488.3333333333333,37.916666666666664,1013.2083333333334
2023-08-16 01:00:00,21.6,62.0,483.3636363636364,37.63636363636363,1013.2090909090908
2023-08-16 02:00:00,21.416666666666668,62.75,490.9166666666667,37.916666666666664,1012.975
2023-08-16 03:00:00,21.283333333333335,63.0,492.75,37.833333333333336,1013.025
2023-08-16 04:00:00,21.150000000000002,63.833333333333336,490.6666666666667,37.666666666666664,1013.2416666666667
2023-08-16 05:00:00,21.083333333333332,64.0,488.1666666666667,37.416666666666664,1013.4583333333334
2023-08-16 06:00:00,20.941666666666666,64.0,495.5,38.583333333333336,1013.5416666666666
2023-08-16 07:00:00,20.9,64.58333333333333,480.0,39.166666666666664,1013.725
2023-08-16 08:00:00,20.9,65.0,478.9166666666667,39.5,1013.8583333333332
2023-08-16 09:00:00,21.308333333333334,64.66666666666667,509.3333333333333,41.75,1014.25
2023-08-16 10:00:00,21.958333333333332,64.0,553.25,44.166666666666664,1014.725
2023-08-16 11:00:00,22.616666666666664,62.916666666666664,551.9166666666666,43.25,1015.1
2023-08-16 12:00:00,23.163636363636364,61.45454545454545,598.8181818181819,47.72727272727273,1015.4
2023-08-16 13:00:00,23.45,60.416666666666664,551.5,45.833333333333336,1015.75
2023-08-16 14:00:00,23.558333333333334,60.0,519.8333333333334,42.333333333333336,1015.9833333333332
2023-08-16 15:00:00,23.724999999999998,60.0,544.25,43.0,1016.1666666666666
2023-08-16 16:00:00,24.15833333333333,59.333333333333336,610.4166666666666,54.333333333333336,1016.5333333333333
2023-08-16 17:00:00,24.258333333333336,60.0,647.5833333333334,45.25,1017.125
2023-08-16 18:00:00,24.041666666666668,60.0,553.75,41.25,1017.5166666666668
2023-08-16 19:00:00,23.925,60.0,586.8333333333334,45.333333333333336,1017.9166666666666
2023-08-16 20:00:00,22.791666666666668,60.0,524.1666666666666,41.583333333333336,1018.3833333333333
2023-08-16 21:00:00,21.916666666666668,61.0,508.25,40.083333333333336,1018.9250000000001
2023-08-16 22:00:00,21.34166666666667,61.583333333333336,508.75,39.666666666666664,1019.3916666666668
2023-08-16 23:00:00,21.972727272727273,61.18181818181818,537.0909090909091,38.45454545454545,1019.8454545454545
2023-08-17 00:00:00,22.708333333333332,61.0,550.5833333333334,40.75,1020.25
2023-08-17 01:00:00,22.816666666666666,61.0,531.6666666666666,39.5,1020.9
2023-08-17 02:00:00,22.28333333333333,61.0,518.0833333333334,38.166666666666664,1021.3083333333334
2023-08-17 03:00:00,21.766666666666666,61.833333333333336,525.6666666666666,37.25,1021.9416666666666
2023-08-17 04:00:00,21.625,62.0,508.0,37.833333333333336,1022.3583333333332
2023-08-17 05:00:00,21.600000000000005,62.0,503.4166666666667,37.5,1022.8333333333334
2023-08-17 06:00:00,21.46666666666667,62.416666666666664,511.4166666666667,37.75,1023.1666666666666
2023-08-17 07:00:00,21.3,63.0,523.3333333333334,38.333333333333336,1023.5749999999999
2023-08-17 08:00:00,21.375,63.083333333333336,526.75,38.666666666666664,1024.2083333333333
2023-08-17 09:00:00,21.625,62.916666666666664,531.9166666666666,39.666666666666664,1024.7916666666667
2023-08-17 10:00:00,21.972727272727273,61.72727272727273,509.45454545454544,39.27272727272727,1025.1272727272726
2023-08-17 11:00:00,22.3,61.0,494.4166666666667,39.666666666666664,1025.2583333333334
2023-08-17 12:00:00,22.883333333333336,60.666666666666664,593.9166666666666,42.166666666666664,1025.5249999999999
2023-08-17 13:00:00,23.2,59.5,535.8333333333334,40.833333333333336,1025.6499999999999
2023-08-17 14:00:00,23.53333333333333,59.0,520.25,40.833333333333336,1025.7
2023-08-17 15:00:00,23.833333333333332,58.166666666666664,510.5,40.166666666666664,1025.5333333333333
2023-08-17 16:00:00,24.108333333333334,57.416666666666664,511.8333333333333,40.333333333333336,1025.425
2023-08-17 17:00:00,24.316666666666666,57.0,517.5,41.25,1025.3083333333332
2023-08-17 18:00:00,24.46666666666667,56.5,534.9166666666666,40.083333333333336,1025.3
2023-08-17 19:00:00,24.5,57.333333333333336,530.3333333333334,39.333333333333336,1025.325
2023-08-17 20:00:00,24.40833333333333,58.083333333333336,562.9166666666666,42.5,1025.6083333333333
2023-08-17 21:00:00,24.281818181818185,58.45454545454545,590.7272727272727,44.45454545454545,1025.9545454545455
2023-08-17 22:00:00,23.7,58.0,579.5833333333334,39.583333333333336,1026.2250000000001
2023-08-17 23:00:00,23.108333333333334,57.5,579.75,38.75,1026.425
2023-08-18 00:00:00,22.65833333333333,57.0,575.9166666666666,39.75,1026.3500000000001
2023-08-18 01:00:00,22.241666666666664,57.0,563.8333333333334,39.833333333333336,1026.3166666666666
2023-08-18 02:00:00,21.925,57.416666666666664,558.1666666666666,38.833333333333336,1026.325
2023-08-18 03:00:00,22.133333333333336,58.75,517.75,38.833333333333336,1026.4
2023-08-18 04:00:00,22.55,58.5,527.5833333333334,38.583333333333336,1026.2833333333333
2023-08-18 05:00:00,22.45,58.0,524.0,39.083333333333336,1026.3416666666667
2023-08-18 06:00:00,22.399999999999995,58.0,520.4166666666666,39.166666666666664,1026.4416666666668
2023-08-18 07:00:00,22.399999999999995,58.0,513.1666666666666,40.166666666666664,1026.4666666666667
2023-08-18 08:00:00,22.5,59.0,512.6363636363636,39.90909090909091,1026.6636363636362
2023-08-18 09:00:00,22.608333333333334,59.0,515.75,39.583333333333336,1026.9083333333333
2023-08-18 10:00:00,22.733333333333334,59.583333333333336,533.3333333333334,40.166666666666664,1027.2250000000001
2023-08-18 11:00:00,22.916666666666668,59.333333333333336,548.0833333333334,40.416666666666664,1027.1916666666666
2023-08-18 12:00:00,22.974999999999998,59.166666666666664,552.5,43.75,1027.225
2023-08-18 13:00:00,23.008333333333336,59.416666666666664,515.5833333333334,40.166666666666664,1027.05
2023-08-18 14:00:00,23.141666666666666,57.166666666666664,477.25,40.75,1026.7166666666667
2023-08-18 15:00:00,23.175,55.5,474.5,40.583333333333336,1026.5916666666667
2023-08-18 16:00:00,23.15833333333333,55.0,473.5,40.75,1026.2250000000001
2023-08-18 17:00:00,23.40833333333333,54.0,481.0833333333333,40.333333333333336,1025.9583333333333
2023-08-18 18:00:00,23.4,53.27272727272727,477.54545454545456,39.72727272727273,1025.7454545454545
2023-08-18 19:00:00,23.483333333333334,54.666666666666664,484.4166666666667,39.166666666666664,1025.4166666666667
2023-08-18 20:00:00,23.375,55.333333333333336,478.5833333333333,39.0,1025.2250000000001
2023-08-18 21:00:00,23.3,55.5,477.0,39.083333333333336,1025.0833333333333
2023-08-18 22:00:00,23.291666666666668,56.0,479.5833333333333,38.75,1025.0416666666667
2023-08-18 23:00:00,23.3,56.166666666666664,480.25,40.166666666666664,1024.8583333333333
2023-08-19 00:00:00,23.28333333333333,57.0,484.9166666666667,42.833333333333336,1024.7250000000001
2023-08-19 01:00:00,23.266666666666666,57.916666666666664,517.4166666666666,38.416666666666664,1024.675
2023-08-19 02:00:00,23.358333333333334,58.0,536.25,38.5,1024.775
2023-08-19 03:00:00,23.233333333333334,58.083333333333336,584.5833333333334,38.083333333333336,1024.2833333333333
2023-08-19 04:00:00,22.958333333333332,58.75,570.4166666666666,37.833333333333336,1023.8666666666667
2023-08-19 05:00:00,22.87272727272727,59.54545454545455,566.0,38.63636363636363,1023.8363636363637
2023-08-19 06:00:00,22.8,59.5,556.3333333333334,37.916666666666664,1023.9499999999999
2023-08-19 07:00:00,22.724999999999998,59.0,547.1666666666666,38.25,1024.05
2023-08-19 08:00:00,22.59166666666667,58.0,542.9166666666666,38.75,1023.9250000000001
2023-08-19 09:00:00,22.641666666666666,57.583333333333336,550.75,39.333333333333336,1023.6583333333333
2023-08-19 10:00:00,22.799999999999997,57.0,561.6666666666666,40.5,1023.5833333333334
2023-08-19 11:00:00,23.0,57.0,561.1666666666666,40.25,1023.3666666666667
2023-08-19 12:00:00,23.108333333333334,56.166666666666664,555.9166666666666,41.166666666666664,1023.0166666666668
2023-08-19 13:00:00,23.166666666666668,56.0,498.9166666666667,40.333333333333336,1022.8166666666666
2023-08-19 14:00:00,23.28333333333333,56.0,473.25,40.333333333333336,1022.625
2023-08-19 15:00:00,23.483333333333334,56.0,476.3333333333333,40.5,1021.9666666666667
2023-08-19 16:00:00,23.327272727272728,56.54545454545455,511.3636363636364,54.45454545454545,1021.8272727272728
2023-08-19 17:00:00,23.275000000000002,57.0,550.4166666666666,55.833333333333336,1021.4
2023-08-19 18:00:00,23.441666666666666,57.916666666666664,502.75,41.166666666666664,1021.1666666666666
2023-08-19 19:00:00,23.55,58.0,484.6666666666667,39.333333333333336,1020.9083333333333
2023-08-19 20:00:00,23.71666666666667,58.0,491.5833333333333,39.75,1020.8000000000001
2023-08-19 21:00:00,23.741666666666664,58.083333333333336,498.0,39.666666666666664,1020.6166666666667
2023-08-19 22:00:00,23.608333333333334,59.0,492.1666666666667,38.666666666666664,1020.3666666666667
2023-08-19 23:00:00,23.433333333333334,59.5,487.0,38.833333333333336,1019.9333333333334
2023-08-20 00:00:00,23.5,60.0,488.0,38.583333333333336,1019.5166666666668
2023-08-20 01:00:00,23.358333333333334,60.416666666666664,506.0833333333333,39.166666666666664,1018.9416666666666
2023-08-20 02:00:00,23.625,61.0,555.3333333333334,39.583333333333336,1018.7333333333332
2023-08-20 03:00:00,23.663636363636364,61.0,589.1818181818181,38.72727272727273,1018.4545454545455
2023-08-20 04:00:00,23.55,61.416666666666664,572.5,39.5,1018.0749999999999
2023-08-20 05:00:00,23.55,62.0,550.6666666666666,39.916666666666664,1017.6333333333333
2023-08-20 06:00:00,23.825,61.166666666666664,565.3333333333334,39.0,1017.6750000000001
2023-08-20 07:00:00,23.825,61.083333333333336,591.5,38.583333333333336,1017.8249999999999
2023-08-20 08:00:00,23.891666666666666,62.0,584.9166666666666,38.083333333333336,1017.8583333333332
2023-08-20 09:00:00,23.958333333333332,62.0,589.8333333333334,38.333333333333336,1017.7999999999998
2023-08-20 10:00:00,24.0,62.833333333333336,596.4166666666666,38.333333333333336,1017.9833333333332
2023-08-20 11:00:00,24.05,63.5,600.5833333333334,38.416666666666664,1018.1833333333334
2023-08-20 12:00:00,24.0,63.916666666666664,595.9166666666666,38.5,1018.2083333333334
2023-08-20 13:00:00,24.0,62.81818181818182,577.9090909090909,40.54545454545455,1018.4727272727273
2023-08-20 14:00:00,24.066666666666666,61.416666666666664,530.5,39.0,1018.5583333333334
2023-08-20 15:00:00,23.941666666666666,60.166666666666664,509.3333333333333,39.0,1018.4666666666667
2023-08-20 16:00:00,23.88333333333333,60.0,506.0833333333333,39.333333333333336,1018.2583333333333
2023-08-20 17:00:00,23.924999999999997,60.0,506.8333333333333,38.583333333333336,1017.8416666666667
2023-08-20 18:00:00,24.0,60.0,507.1666666666667,38.333333333333336,1017.525
2023-08-20 19:00:00,23.941666666666666,59.75,506.4166666666667,39.833333333333336,1017.3833333333333
2023-08-20 20:00:00,23.808333333333334,59.0,512.5833333333334,40.083333333333336,1017.4916666666667
2023-08-20 21:00:00,23.708333333333332,59.0,512.75,38.833333333333336,1017.5749999999999
2023-08-20 22:00:00,23.6,58.81818181818182,500.27272727272725,38.81818181818182,1017.4909090909091
2023-08-20 23:00:00,23.53333333333333,58.0,491.5833333333333,38.083333333333336,1017.5333333333333
2023-08-21 00:00:00,23.433333333333334,58.0,487.4166666666667,37.916666666666664,1017.2583333333333
2023-08-21 01:00:00,23.391666666666666,58.0,492.25,38.0,1016.8000000000001
2023-08-21 02:00:00,23.3,58.0,486.1666666666667,37.333333333333336,1016.5333333333333
2023-08-21 03:00:00,23.150000000000002,58.0,491.9166666666667,37.583333333333336,1016.225
2023-08-21 04:00:00,23.025000000000002,57.833333333333336,485.5,37.25,1015.8416666666667
2023-08-21 05:00:00,22.891666666666666,57.916666666666664,472.5,37.583333333333336,1015.6583333333333
2023-08-21 06:00:00,22.858333333333334,58.0,476.75,37.666666666666664,1015.4583333333334
2023-08-21 07:00:00,22.89090909090909,58.0,478.54545454545456,38.72727272727273,1015.3272727272728
2023-08-21 08:00:00,22.899999999999995,58.0,479.3333333333333,38.416666666666664,1015.5083333333333
2023-08-21 09:00:00,22.899999999999995,58.0,480.25,38.25,1015.6416666666668
2023-08-21 10:00:00,23.358333333333334,57.833333333333336,492.4166666666667,38.75,1015.7166666666667
2023-08-21 11:00:00,23.891666666666666,57.0,503.75,38.25,1015.725
2023-08-21 12:00:00,23.991666666666664,56.166666666666664,510.3333333333333,39.083333333333336,1015.7833333333333
2023-08-21 13:00:00,24.05,56.0,503.3333333333333,39.083333333333336,1015.9583333333334
2023-08-21 14:00:00,24.141666666666666,56.0,504.25,39.083333333333336,1016.0416666666666
2023-08-21 15:00:00,24.1,55.72727272727273,501.6363636363636,39.54545454545455,1015.9272727272728
2023-08-21 16:00:00,24.100000000000005,55.0,502.0,41.833333333333336,1015.7166666666667
2023-08-21 17:00:00,24.108333333333334,55.0,502.3333333333333,39.333333333333336,1015.5166666666668
2023-08-21 18:00:00,24.066666666666666,55.833333333333336,505.0,38.583333333333336,1015.4
2023-08-21 19:00:00,23.974999999999998,56.0,505.0,39.083333333333336,1015.3000000000001
2023-08-21 20:00:00,23.883333333333336,56.0,507.75,39.083333333333336,1015.3833333333333
2023-08-21 21:00:00,23.683333333333334,56.0,504.0,38.5,1015.525
2023-08-21 22:00:00,23.61666666666667,56.0,504.3333333333333,38.25,1015.6916666666666
2023-08-21 23:00:00,23.491666666666664,56.166666666666664,507.1666666666667,38.833333333333336,1015.75
2023-08-22 00:00:00,23.21818181818182,56.81818181818182,509.09090909090907,37.54545454545455,1015.7
2023-08-22 01:00:00,22.991666666666664,57.0,497.1666666666667,37.666666666666664,1015.5749999999999
2023-08-22 02:00:00,22.8,57.0,488.3333333333333,38.25,1015.1916666666666
2023-08-22 03:00:00,22.691666666666666,57.0,479.6666666666667,37.583333333333336,1014.875
2023-08-22 04:00:00,22.53333333333333,57.0,480.0,37.416666666666664,1014.4666666666667
2023-08-22 05:00:00,22.333333333333332,57.25,481.8333333333333,37.333333333333336,1014.4499999999999
2023-08-22 06:00:00,22.224999999999998,58.0,478.75,38.416666666666664,1014.1750000000001
2023-08-22 07:00:00,22.2,58.0,478.9166666666667,38.166666666666664,1014.1500000000001
2023-08-22 08:00:00,22.30909090909091,58.0,473.45454545454544,38.36363636363637,1014.2
2023-08-22 09:00:00,22.55,58.0,474.6666666666667,38.75,1014.2916666666666
2023-08-22 10:00:00,22.825,58.0,474.25,38.333333333333336,1014.4083333333333
2023-08-22 11:00:00,23.233333333333334,57.0,482.8333333333333,38.5,1014.4250000000001
2023-08-22 12:00:00,23.441666666666666,56.25,488.25,39.166666666666664,1014.4416666666666
2023-08-22 13:00:00,23.758333333333336,56.0,627.25,46.666666666666664,1014.375
2023-08-22 14:00:00,24.083333333333332,54.833333333333336,660.5,42.583333333333336,1014.4833333333332
2023-08-22 15:00:00,23.883333333333336,54.0,541.0,40.583333333333336,1014.6416666666668
2023-08-22 16:00:00,23.8,54.0,497.9166666666667,39.333333333333336,1014.4333333333334
2023-08-22 17:00:00,23.7,54.0,492.3636363636364,40.36363636363637,1014.5181818181819
2023-08-22 18:00:00,23.758333333333336,55.166666666666664,535.6666666666666,41.166666666666664,1014.4833333333332
2023-08-22 19:00:00,24.125,55.833333333333336,527.6666666666666,39.583333333333336,1014.375
2023-08-22 20:00:00,24.224999999999998,55.833333333333336,553.9166666666666,40.25,1014.4333333333334
2023-08-22 21:00:00,24.191666666666666,56.0,581.0,42.583333333333336,1014.5833333333334
2023-08-22 22:00:00,23.96666666666667,56.0,574.9166666666666,49.083333333333336,1014.25
2023-08-22 23:00:00,23.883333333333336,56.0,585.3333333333334,46.166666666666664,1014.1583333333333
2023-08-23 00:00:00,23.741666666666664,56.833333333333336,564.9166666666666,45.416666666666664,1014.1
2023-08-23 01:00:00,23.69090909090909,57.0,577.0,44.09090909090909,1013.8
2023-08-23 02:00:00,23.541666666666668,57.0,544.0,42.333333333333336,1013.5416666666666
2023-08-23 03:00:00,23.116666666666664,57.5,530.0,38.833333333333336,1013.3666666666667
2023-08-23 04:00:00,21.90833333333333,60.0,478.1666666666667,37.25,1013.125
2023-08-23 05:00:00,21.633333333333336,61.0,471.6666666666667,37.25,1012.8916666666665
2023-08-23 06:00:00,21.53333333333333,62.0,470.3333333333333,37.916666666666664,1012.8416666666667
2023-08-23 07:00:00,21.525000000000002,62.0,482.1666666666667,39.083333333333336,1012.8249999999999
2023-08-23 08:00:00,22.55,61.333333333333336,500.0833333333333,41.333333333333336,1012.9499999999999
2023-08-23 09:00:00,22.858333333333334,60.0,519.5833333333334,41.75,1013.0666666666666
2023-08-23 10:00:00,23.12727272727273,59.18181818181818,508.6363636363636,40.0,1013.1818181818181
2023-08-23 11:00:00,23.416666666666668,57.833333333333336,497.9166666666667,39.583333333333336,1013.3166666666666
2023-08-23 12:00:00,23.566666666666666,57.0,493.9166666666667,39.5,1013.4333333333334
2023-08-23 13:00:00,23.400000000000002,57.0,493.4166666666667,40.416666666666664,1013.25
2023-08-23 14:00:00,23.383333333333336,58.166666666666664,526.3333333333334,40.75,1012.9916666666667
2023-08-23 15:00:00,23.625,59.0,498.5833333333333,39.166666666666664,1012.7333333333332
2023-08-23 16:00:00,23.599999999999998,58.166666666666664,494.5833333333333,39.333333333333336,1012.5166666666668
2023-08-23 17:00:00,23.641666666666666,58.0,505.5,40.75,1012.375
2023-08-23 18:00:00,23.608333333333334,58.25,496.75,41.666666666666664,1011.9666666666667
2023-08-23 19:00:00,23.58181818181818,58.18181818181818,530.1818181818181,42.63636363636363,1011.8818181818181
2023-08-23 20:00:00,23.291666666666668,58.916666666666664,525.5833333333334,41.0,1011.7166666666667
2023-08-23 21:00:00,23.058333333333334,59.0,511.0833333333333,40.583333333333336,1011.7666666666668
2023-08-23 22:00:00,22.90833333333333,60.0,504.4166666666667,38.666666666666664,1011.7083333333334
2023-08-23 23:00:00,22.8,60.0,502.5833333333333,38.333333333333336,1011.6
2023-08-24 00:00:00,22.483333333333334,60.0,491.0833333333333,38.833333333333336,1011.475
2023-08-24 01:00:00,21.766666666666666,60.75,472.8333333333333,37.5,1011.3416666666667
2023-08-24 02:00:00,21.333333333333332,61.0,464.0833333333333,37.5,1011.2666666666668
2023-08-24 03:00:00,20.758333333333333,61.0,476.75,38.166666666666664,1011.2083333333334
2023-08-24 04:00:00,20.136363636363637,61.0,514.8181818181819,37.45454545454545,1011.3545454545455
2023-08-24 05:00:00,19.541666666666668,60.916666666666664,513.4166666666666,37.75,1011.4583333333334
2023-08-24 06:00:00,19.266666666666666,61.416666666666664,508.3333333333333,37.916666666666664,1011.775
2023-08-24 07:00:00,19.541666666666668,62.083333333333336,470.0833333333333,39.25,1012.0500000000001
2023-08-24 08:00:00,19.925,62.75,464.25,38.666666666666664,1012.3000000000001
2023-08-24 09:00:00,21.666666666666668,62.5,578.9166666666666,49.666666666666664,1012.7166666666667
2023-08-24 10:00:00,22.96666666666667,62.833333333333336,556.9166666666666,40.916666666666664,1012.8833333333333
2023-08-24 11:00:00,23.516666666666666,58.5,513.3333333333334,39.25,1012.9583333333334
2023-08-24 12:00:00,23.91818181818182,56.36363636363637,567.6363636363636,42.63636363636363,1012.8
2023-08-24 13:00:00,24.025000000000002,53.833333333333336,592.5833333333334,42.416666666666664,1012.8666666666667
2023-08-24 14:00:00,23.933333333333334,52.25,616.4166666666666,43.166666666666664,1012.875
2023-08-24 15:00:00,24.21666666666667,51.083333333333336,524.3333333333334,40.833333333333336,1012.8000000000001
2023-08-24 16:00:00,24.099999999999998,50.5,507.3333333333333,39.416666666666664,1012.7833333333333
2023-08-24 17:00:00,23.849999999999998,50.0,491.0,40.75,1012.7833333333333
2023-08-24 18:00:00,23.59166666666667,50.5,490.5,40.0,1012.5666666666666
2023-08-24 19:00:00,23.175,50.5,488.6666666666667,42.666666666666664,1012.2166666666667
2023-08-24 20:00:00,22.5,51.416666666666664,475.25,42.833333333333336,1012.1999999999999
2023-08-24 21:00:00,22.018181818181816,52.09090909090909,468.8181818181818,40.90909090909091,1012.2181818181817
2023-08-24 22:00:00,21.575,53.666666666666664,487.5833333333333,38.75,1012.0916666666667
2023-08-24 23:00:00,21.216666666666665,54.583333333333336,480.75,38.75,1011.975
2023-08-25 00:00:00,20.916666666666668,55.583333333333336,503.25,39.333333333333336,1011.7833333333333
2023-08-25 01:00:00,20.95,56.0,497.75,37.916666666666664,1011.3166666666666
2023-08-25 02:00:00,20.925,56.0,459.0,37.916666666666664,1010.6583333333333
2023-08-25 03:00:00,20.733333333333334,56.0,440.75,38.0,1010.3416666666667
2023-08-25 04:00:00,20.6,56.333333333333336,439.5833333333333,38.666666666666664,1010.0083333333333
2023-08-25 05:00:00,20.45,57.0,427.4166666666667,37.75,1009.3000000000001
2023-08-25 06:00:00,20.40909090909091,58.0,429.27272727272725,39.45454545454545,1009.4454545454545
2023-08-25 07:00:00,20.341666666666665,58.0,422.75,39.166666666666664,1008.65
2023-08-25 08:00:00,20.61818181818182,57.90909090909091,409.1818181818182,39.27272727272727,1008.3909090909091
2023-08-25 09:00:00,21.166666666666668,56.583333333333336,408.75,39.5,1008.3000000000001
2023-08-25 10:00:00,21.066666666666666,54.833333333333336,402.75,39.75,1007.9499999999999
2023-08-25 11:00:00,20.941666666666666,55.0,402.0833333333333,39.5,1007.6916666666666
2023-08-25 12:00:00,21.083333333333332,55.0,397.5,40.0,1007.6500000000001
2023-08-25 13:00:00,21.175,54.583333333333336,394.75,40.333333333333336,1007.7583333333333
2023-08-25 14:00:00,20.833333333333332,54.0,388.8333333333333,40.833333333333336,1007.5749999999999
2023-08-25 15:00:00,20.854545454545455,54.0,387.3636363636364,41.72727272727273,1007.3090909090909
2023-08-25 16:00:00,20.85833333333333,54.25,390.9166666666667,40.25,1007.2083333333334
2023-08-25 17:00:00,20.833333333333332,55.0,391.5833333333333,40.75,1007.225
2023-08-25 18:00:00,21.0,55.083333333333336,451.5,46.416666666666664,1007.3333333333334
2023-08-25 19:00:00,21.175,56.5,503.5833333333333,67.75,1007.1999999999999
2023-08-25 20:00:00,20.541666666666668,57.0,423.0833333333333,44.25,1007.125
2023-08-25 21:00:00,20.5,57.583333333333336,397.25,39.333333333333336,1007.3083333333334
2023-08-25 22:00:00,20.474999999999998,58.333333333333336,391.0,38.916666666666664,1007.3083333333333
2023-08-25 23:00:00,20.518181818181816,59.0,409.27272727272725,40.90909090909091,1007.3636363636364
2023-08-26 00:00:00,20.85833333333333,59.916666666666664,449.3333333333333,42.25,1007.4499999999999
2023-08-26 01:00:00,20.825,60.666666666666664,426.9166666666667,38.833333333333336,1007.1666666666666
2023-08-26 02:00:00,20.833333333333332,61.0,416.75,38.666666666666664,1007.0916666666667
2023-08-26 03:00:00,20.841666666666665,61.75,463.4166666666667,38.416666666666664,1007.1916666666667
2023-08-26 04:00:00,20.625,62.5,445.0833333333333,37.166666666666664,1007.1750000000001
2023-08-26 05:00:00,20.608333333333334,63.0,445.5833333333333,37.666666666666664,1007.1
2023-08-26 06:00:00,20.658333333333335,63.0,443.5,37.75,1006.8416666666667
2023-08-26 07:00:00,20.59166666666667,63.0,435.5833333333333,37.916666666666664,1007.3000000000001
2023-08-26 08:00:00,20.554545454545455,63.0,447.3636363636364,37.90909090909091,1007.3181818181819
2023-08-26 09:00:00,20.849999999999998,62.916666666666664,461.9166666666667,38.583333333333336,1007.2333333333332
2023-08-26 10:00:00,21.216666666666665,62.0,460.5833333333333,39.166666666666664,1007.0833333333334
2023-08-26 11:00:00,21.558333333333334,61.916666666666664,491.75,43.75,1007.275
2023-08-26 12:00:00,21.96666666666667,61.083333333333336,471.5,43.416666666666664,1007.3833333333333
2023-08-26 13:00:00,22.058333333333334,60.833333333333336,435.5,42.916666666666664,1007.4416666666666
2023-08-26 14:00:00,21.599999999999998,61.416666666666664,435.0833333333333,41.833333333333336,1007.2916666666666
2023-08-26 15:00:00,21.116666666666667,62.416666666666664,415.1666666666667,42.25,1006.6999999999999
2023-08-26 16:00:00,20.833333333333332,63.0,413.3333333333333,42.333333333333336,1006.0583333333334
2023-08-26 17:00:00,20.733333333333334,63.583333333333336,420.6666666666667,45.75,1005.775
2023-08-26 18:00:00,20.525000000000002,64.66666666666667,430.0,42.166666666666664,1005.1083333333332
2023-08-26 19:00:00,20.354545454545452,65.0909090909091,435.6363636363636,40.09090909090909,1004.5636363636364
2023-08-26 20:00:00,20.099999999999998,66.0,419.3333333333333,40.25,1004.3666666666667
2023-08-26 21:00:00,19.908333333333335,66.0,406.0833333333333,40.833333333333336,1004.1750000000001
2023-08-26 22:00:00,19.533333333333335,65.91666666666667,398.5,41.416666666666664,1003.6583333333333
2023-08-26 23:00:00,19.375,66.0,394.5833333333333,41.416666666666664,1002.8249999999999
2023-08-27 00:00:00,19.383333333333333,66.0,393.8333333333333,41.5,1002.8416666666667
2023-08-27 01:00:00,19.383333333333333,66.0,388.0,42.0,1002.7416666666667
2023-08-27 02:00:00,19.224999999999998,66.0,386.6666666666667,41.916666666666664,1002.6166666666667
2023-08-27 03:00:00,18.875,66.0,396.0833333333333,42.0,1002.5583333333334
2023-08-27 04:00:00,18.808333333333334,66.0,390.75,42.0,1002.3416666666667
2023-08-27 05:00:00,18.841666666666665,66.66666666666667,387.5833333333333,41.333333333333336,1002.0749999999999
2023-08-27 06:00:00,18.990909090909092,67.0,387.45454545454544,41.18181818181818,1002.1363636363636
2023-08-27 07:00:00,18.891666666666666,68.0,378.9166666666667,41.0,1002.4583333333334
2023-08-27 08:00:00,18.375,68.66666666666667,364.8333333333333,41.333333333333336,1002.6166666666667
2023-08-27 09:00:00,18.48333333333333,68.75,359.3333333333333,40.916666666666664,1002.9416666666666
2023-08-27 10:00:00,19.333333333333332,66.33333333333333,369.0833333333333,40.916666666666664,1003.5083333333333
2023-08-27 11:00:00,19.599999999999998,63.0,367.0,42.166666666666664,1004.025
2023-08-27 12:00:00,19.658333333333335,61.333333333333336,367.8333333333333,42.416666666666664,1004.1
2023-08-27 13:00:00,19.925,59.75,370.5833333333333,42.5,1004.35
2023-08-27 14:00:00,19.558333333333334,59.25,369.0833333333333,42.416666666666664,1004.6333333333333
2023-08-27 15:00:00,19.608333333333334,59.0,371.8333333333333,45.0,1004.625
2023-08-27 16:00:00,19.472727272727273,59.0,365.8181818181818,45.18181818181818,1004.8
2023-08-27 17:00:00,19.516666666666666,58.333333333333336,366.0,43.25,1004.8499999999999
2023-08-27 18:00:00,19.849999999999998,57.0,371.5,42.083333333333336,1004.9250000000001
2023-08-27 19:00:00,20.1,57.583333333333336,373.0,42.333333333333336,1005.125
2023-08-27 20:00:00,20.108333333333334,58.0,382.1666666666667,41.416666666666664,1005.1166666666667
2023-08-27 21:00:00,19.958333333333332,58.0,389.3333333333333,39.916666666666664,1005.2416666666667
2023-08-27 22:00:00,19.591666666666665,58.416666666666664,398.75,39.416666666666664,1005.1500000000001
2023-08-27 23:00:00,19.40833333333333,59.75,386.4166666666667,38.916666666666664,1005.0749999999999
2023-08-28 00:00:00,19.341666666666665,60.666666666666664,387.9166666666667,38.333333333333336,1004.9666666666667
2023-08-28 01:00:00,19.133333333333333,61.0,393.6666666666667,38.25,1004.6916666666666
2023-08-28 02:00:00,18.85833333333333,61.083333333333336,402.25,39.25,1004.375
2023-08-28 03:00:00,18.990909090909092,61.09090909090909,394.09090909090907,41.63636363636363,1004.2181818181817
2023-08-28 04:00:00,18.958333333333332,61.833333333333336,403.5833333333333,40.25,1004.1083333333332
2023-08-28 05:00:00,18.833333333333332,62.0,418.3333333333333,40.833333333333336,1003.9250000000001
2023-08-28 06:00:00,18.883333333333333,62.666666666666664,391.6666666666667,40.75,1003.8416666666667
2023-08-28 07:00:00,18.974999999999998,63.0,388.8333333333333,41.333333333333336,1003.9916666666667
2023-08-28 08:00:00,18.991666666666667,64.0,391.4166666666667,42.25,1004.1833333333334
2023-08-28 09:00:00,19.066666666666666,64.0,391.5,39.583333333333336,1004.2083333333334
2023-08-28 10:00:00,19.11818181818182,64.0,374.0,39.36363636363637,1004.2090909090911
2023-08-28 11:00:00,19.45,64.0,370.8333333333333,39.5,1004.3083333333334
2023-08-28 12:00:00,20.125,63.666666666666664,376.4166666666667,39.083333333333336,1004.3249999999999
2023-08-28 13:00:00,20.6,62.166666666666664,379.1666666666667,40.583333333333336,1004.375
2023-08-28 14:00:00,20.79090909090909,60.54545454545455,380.90909090909093,41.72727272727273,1004.3818181818181
2023-08-28 15:00:00,20.941666666666666,58.583333333333336,385.5,43.25,1004.5666666666666
2023-08-28 16:00:00,21.0,57.416666666666664,388.0,42.5,1004.7666666666668
2023-08-28 17:00:00,20.825,56.916666666666664,387.8333333333333,42.416666666666664,1004.9083333333333
2023-08-28 18:00:00,20.808333333333334,56.0,390.5833333333333,41.833333333333336,1005.1
2023-08-28 19:00:00,20.683333333333334,56.333333333333336,390.6666666666667,42.166666666666664,1005.3583333333332
2023-08-28 20:00:00,20.516666666666666,57.0,433.9166666666667,48.0,1005.5916666666667
2023-08-28 21:00:00,21.325,57.0,510.0833333333333,48.25,1005.8083333333333
2023-08-28 22:00:00,21.241666666666667,57.0,420.8333333333333,40.5,1005.6416666666668
2023-08-28 23:00:00,20.858333333333334,57.666666666666664,408.5833333333333,38.833333333333336,1005.7083333333334
2023-08-29 00:00:00,20.683333333333334,58.75,402.4166666666667,38.666666666666664,1005.7416666666667
2023-08-29 01:00:00,20.481818181818184,59.0,399.54545454545456,39.45454545454545,1005.5636363636364
2023-08-29 02:00:00,20.291666666666668,59.166666666666664,397.75,38.166666666666664,1005.25
2023-08-29 03:00:00,20.150000000000002,60.0,399.4166666666667,38.416666666666664,1005.4583333333334
2023-08-29 04:00:00,20.033333333333335,60.0,397.5833333333333,38.5,1005.6
2023-08-29 05:00:00,19.883333333333333,59.75,393.1666666666667,39.333333333333336,1005.6166666666667
2023-08-29 06:00:00,19.741666666666667,59.0,392.8333333333333,39.166666666666664,1005.7666666666668
2023-08-29 07:00:00,20.108333333333334,58.916666666666664,395.4166666666667,39.833333333333336,1006.0749999999999
2023-08-29 08:00:00,20.641666666666666,58.0,398.0833333333333,39.833333333333336,1006.5166666666668
2023-08-29 09:00:00,21.133333333333333,56.75,395.8333333333333,40.583333333333336,1006.3166666666666
2023-08-29 10:00:00,21.40833333333333,55.0,400.75,39.75,1006.4333333333334
2023-08-29 11:00:00,21.650000000000002,52.75,397.0,40.083333333333336,1006.6416666666668
2023-08-29 12:00:00,21.78181818181818,51.09090909090909,399.3636363636364,40.54545454545455,1006.8727272727273
2023-08-29 13:00:00,21.608333333333334,50.0,397.75,40.0,1007.0583333333334
2023-08-29 14:00:00,21.61666666666667,50.25,391.9166666666667,40.333333333333336,1007.1666666666666
2023-08-29 15:00:00,21.2,50.833333333333336,391.5,41.0,1007.3000000000001
2023-08-29 16:00:00,21.3,51.0,392.9166666666667,44.416666666666664,1007.1999999999999
2023-08-29 17:00:00,21.400000000000002,51.0,394.3333333333333,42.0,1007.2416666666667
2023-08-29 18:00:00,21.40833333333333,52.333333333333336,396.6666666666667,41.833333333333336,1007.2083333333334
2023-08-29 19:00:00,21.375,53.0,396.6666666666667,41.916666666666664,1007.275
2023-08-29 20:00:00,21.208333333333332,53.0,402.25,41.833333333333336,1007.2833333333333
2023-08-29 21:00:00,20.925,53.0,396.9166666666667,42.25,1007.1833333333334
2023-08-29 22:00:00,20.658333333333335,53.5,411.4166666666667,42.833333333333336,1007.0500000000001
2023-08-29 23:00:00,20.37272727272727,54.0,412.3636363636364,41.36363636363637,1006.9181818181819
2023-08-30 00:00:00,20.075,54.0,410.75,38.666666666666664,1006.8333333333334
2023-08-30 01:00:00,19.775000000000002,54.333333333333336,398.0,39.333333333333336,1006.5333333333333
2023-08-30 02:00:00,19.7,55.25,393.3333333333333,38.166666666666664,1006.25
2023-08-30 03:00:00,19.683333333333334,56.0,391.1666666666667,38.416666666666664,1006.1416666666668
2023-08-30 04:00:00,19.6,56.0,394.75,38.416666666666664,1006.0083333333333
2023-08-30 05:00:00,19.5,56.0,396.8333333333333,39.666666666666664,1005.8333333333334
2023-08-30 06:00:00,19.416666666666668,56.0,393.5,39.5,1005.7333333333332
2023-08-30 07:00:00,19.4,57.0,393.8333333333333,39.833333333333336,1005.6
2023-08-30 08:00:00,19.55,57.583333333333336,399.6666666666667,40.083333333333336,1005.6916666666667
2023-08-30 09:00:00,20.075,58.0,391.4166666666667,39.833333333333336,1005.8416666666667
2023-08-30 10:00:00,20.599999999999998,58.0,392.09090909090907,39.63636363636363,1005.9
2023-08-30 11:00:00,20.966666666666665,57.416666666666664,389.6666666666667,39.333333333333336,1005.8333333333334
2023-08-30 12:00:00,21.241666666666667,56.25,389.9166666666667,40.916666666666664,1005.8083333333333
2023-08-30 13:00:00,21.483333333333334,55.333333333333336,397.9166666666667,39.583333333333336,1005.9833333333332
2023-08-30 14:00:00,21.608333333333334,55.0,400.5,39.333333333333336,1005.9666666666667
2023-08-30 15:00:00,21.7,54.5,399.6666666666667,40.166666666666664,1005.8166666666666
2023-08-30 16:00:00,21.766666666666666,53.916666666666664,400.1666666666667,41.916666666666664,1005.75
2023-08-30 17:00:00,21.88333333333333,53.916666666666664,409.3333333333333,43.75,1005.7166666666667
2023-08-30 18:00:00,21.941666666666666,54.0,424.5,44.25,1005.6916666666667
2023-08-30 19:00:00,21.95,54.666666666666664,438.0833333333333,43.666666666666664,1005.7666666666668
2023-08-30 20:00:00,21.849999999999998,55.0,445.0833333333333,41.833333333333336,1005.9250000000001
2023-08-30 21:00:00,21.536363636363635,54.36363636363637,448.0,41.27272727272727,1006.1545454545455
2023-08-30 22:00:00,21.0,54.0,457.0833333333333,41.083333333333336,1006.2916666666666
2023-08-30 23:00:00,20.433333333333334,54.0,461.9166666666667,41.166666666666664,1006.1333333333333
2023-08-31 00:00:00,20.133333333333336,54.0,483.0,42.083333333333336,1006.0
2023-08-31 01:00:00,19.133333333333333,55.333333333333336,484.0,39.0,1005.8666666666667
2023-08-31 02:00:00,18.325,56.583333333333336,480.6666666666667,38.916666666666664,1005.7833333333333
2023-08-31 03:00:00,17.525000000000002,58.25,444.9166666666667,37.666666666666664,1005.7083333333334
2023-08-31 04:00:00,17.333333333333332,59.333333333333336,430.25,37.833333333333336,1005.6500000000001
2023-08-31 05:00:00,17.25,60.166666666666664,429.5,38.416666666666664,1005.6333333333333
2023-08-31 06:00:00,17.25,61.083333333333336,422.25,38.25,1005.525
2023-08-31 07:00:00,17.763636363636365,62.0,424.3636363636364,39.45454545454545,1005.5272727272727
2023-08-31 08:00:00,18.525000000000002,62.0,416.0,39.583333333333336,1005.7833333333333
2023-08-31 09:00:00,19.341666666666665,61.833333333333336,454.1666666666667,38.666666666666664,1005.9416666666666
2023-08-31 10:00:00,20.433333333333334,60.75,540.5833333333334,38.583333333333336,1006.1416666666668
2023-08-31 11:00:00,21.224999999999998,58.416666666666664,529.0833333333334,38.916666666666664,1006.0583333333334
2023-08-31 12:00:00,21.791666666666668,56.5,571.8333333333334,39.25,1005.9166666666666
2023-08-31 13:00:00,22.391666666666666,56.083333333333336,534.3333333333334,42.083333333333336,1005.75
2023-08-31 14:00:00,23.03333333333333,54.5,563.4166666666666,52.583333333333336,1005.7333333333332
2023-08-31 15:00:00,23.458333333333332,53.166666666666664,587.4166666666666,48.0,1005.6833333333334
2023-08-31 16:00:00,23.45,51.833333333333336,520.6666666666666,45.25,1005.6500000000001
2023-08-31 17:00:00,23.40833333333333,50.0,466.1666666666667,46.666666666666664,1005.8666666666667
2023-08-31 18:00:00,23.099999999999998,49.0,436.27272727272725,45.09090909090909,1005.9181818181819
2023-08-31 19:00:00,22.775000000000002,49.833333333333336,432.5833333333333,45.166666666666664,1005.9083333333333
2023-08-31 20:00:00,22.166666666666668,51.333333333333336,446.0833333333333,44.333333333333336,1005.9833333333332
2023-08-31 21:00:00,21.55,52.0,490.3333333333333,44.166666666666664,1006.125
2023-08-31 22:00:00,23.016666666666666,51.083333333333336,633.9166666666666,42.583333333333336,1006.3416666666667
2023-08-31 23:00:00,23.7,50.0,694.9166666666666,40.916666666666664,1006.5666666666666
2023-09-01 00:00:00,23.8,48.5,671.3333333333334,39.0,1006.6750000000001
2023-09-01 01:00:00,23.599999999999998,47.583333333333336,666.5,38.666666666666664,1006.6999999999999
2023-09-01 02:00:00,23.46666666666667,47.0,736.0,44.166666666666664,1006.8499999999999
2023-09-01 03:00:00,23.583333333333332,46.0,808.75,43.5,1006.9083333333333
2023-09-01 04:00:00,23.65833333333333,46.666666666666664,905.5833333333334,37.583333333333336,1006.9333333333334
2023-09-01 05:00:00,23.44545454545454,47.0,857.6363636363636,37.09090909090909,1007.0636363636364
2023-09-01 06:00:00,23.308333333333334,46.416666666666664,807.6666666666666,37.083333333333336,1007.15
2023-09-01 07:00:00,23.28333333333333,46.25,821.6666666666666,37.333333333333336,1007.3916666666665
2023-09-01 08:00:00,23.2,47.0,829.25,37.25,1007.6416666666668
2023-09-01 09:00:00,23.333333333333332,48.416666666666664,854.5833333333334,37.5,1007.9
2023-09-01 10:00:00,23.566666666666666,49.833333333333336,827.0,40.083333333333336,1008.125
2023-09-01 11:00:00,24.016666666666666,49.083333333333336,550.9166666666666,42.583333333333336,1008.2666666666668
2023-09-01 12:00:00,24.241666666666664,48.166666666666664,502.5,41.666666666666664,1008.3499999999999
2023-09-01 13:00:00,24.266666666666666,49.0,583.3333333333334,41.833333333333336,1008.5083333333333
2023-09-01 14:00:00,24.308333333333334,49.333333333333336,575.3333333333334,43.0,1008.8000000000001
2023-09-01 15:00:00,24.40833333333333,51.083333333333336,605.5,44.75,1009.025
2023-09-01 16:00:00,24.372727272727275,54.18181818181818,590.3636363636364,45.63636363636363,1009.3545454545455
2023-09-01 17:00:00,24.00833333333333,54.083333333333336,552.0833333333334,43.333333333333336,1009.4
2023-09-01 18:00:00,23.833333333333332,54.083333333333336,501.6666666666667,43.833333333333336,1009.5166666666668
2023-09-01 19:00:00,23.683333333333334,53.916666666666664,489.75,46.916666666666664,1009.9916666666667
2023-09-01 20:00:00,23.508333333333336,53.0,497.0833333333333,46.75,1010.5916666666667
2023-09-01 21:00:00,23.275000000000002,52.833333333333336,520.0833333333334,45.0,1011.0666666666666
2023-09-01 22:00:00,22.96666666666667,51.75,536.5833333333334,39.333333333333336,1011.3416666666667
2023-09-01 23:00:00,22.566666666666666,50.666666666666664,540.3333333333334,38.5,1011.5416666666666
2023-09-02 00:00:00,22.125,50.0,545.4166666666666,38.0,1011.7833333333333
2023-09-02 01:00:00,21.766666666666666,49.5,533.4166666666666,37.75,1011.975
2023-09-02 02:00:00,21.583333333333332,50.0,527.4166666666666,38.666666666666664,1012.1
2023-09-02 03:00:00,21.37272727272727,49.72727272727273,524.0,37.45454545454545,1012.2727272727273
2023-09-02 04:00:00,21.275000000000002,50.0,517.5833333333334,37.333333333333336,1012.3249999999999
2023-09-02 05:00:00,20.95,50.0,527.9166666666666,37.583333333333336,1012.4499999999999
2023-09-02 06:00:00,20.658333333333335,50.0,516.5,38.166666666666664,1012.6833333333334
2023-09-02 07:00:00,20.5,50.0,505.25,37.833333333333336,1013.2083333333334
2023-09-02 08:00:00,21.191666666666666,50.0,484.8333333333333,37.833333333333336,1013.6500000000001
2023-09-02 09:00:00,22.141666666666666,48.916666666666664,468.0833333333333,38.833333333333336,1013.9666666666667
2023-09-02 10:00:00,22.641666666666666,47.583333333333336,455.9166666666667,38.916666666666664,1014.2583333333333
2023-09-02 11:00:00,23.05,46.833333333333336,470.0833333333333,38.5,1014.3416666666667
2023-09-02 12:00:00,23.416666666666668,45.666666666666664,468.9166666666667,39.0,1014.525
2023-09-02 13:00:00,23.666666666666668,44.333333333333336,474.25,39.583333333333336,1014.4916666666667
2023-09-02 14:00:00,23.772727272727273,44.0,466.54545454545456,39.63636363636363,1014.5363636363636
2023-09-02 15:00:00,23.833333333333332,43.166666666666664,468.5,40.083333333333336,1014.6999999999999
2023-09-02 16:00:00,23.991666666666664,44.0,473.5833333333333,38.666666666666664,1014.8333333333334
2023-09-02 17:00:00,23.958333333333332,43.75,469.3333333333333,38.666666666666664,1014.8916666666665
2023-09-02 18:00:00,23.825,44.0,466.9166666666667,39.166666666666664,1015.1
2023-09-02 19:00:00,23.724999999999998,44.666666666666664,475.75,40.666666666666664,1015.1583333333333
2023-09-02 20:00:00,23.458333333333332,46.416666666666664,493.5833333333333,38.583333333333336,1015.6083333333332
2023-09-02 21:00:00,23.133333333333336,47.0,508.5,39.083333333333336,1016.0083333333333
2023-09-02 22:00:00,22.825,47.0,523.1666666666666,38.416666666666664,1016.3416666666667
2023-09-02 23:00:00,22.53333333333333,47.0,521.3333333333334,38.416666666666664,1016.6750000000001
2023-09-03 00:00:00,22.366666666666664,47.0,507.6666666666667,38.333333333333336,1017.0166666666668
2023-09-03 01:00:00,22.3,47.81818181818182,489.72727272727275,38.54545454545455,1016.8454545454545
2023-09-03 02:00:00,22.208333333333332,48.0,476.9166666666667,38.083333333333336,1016.7333333333332
2023-09-03 03:00:00,22.15833333333333,48.0,479.9166666666667,39.0,1017.2833333333333
2023-09-03 04:00:00,22.2,48.0,467.0,37.833333333333336,1017.1583333333333
2023-09-03 05:00:00,22.108333333333334,47.25,463.75,38.0,1017.5666666666666
2023-09-03 06:00:00,22.008333333333336,47.0,464.4166666666667,38.0,1017.6666666666666
2023-09-03 07:00:00,21.95,46.083333333333336,464.0,38.0,1018.025
2023-09-03 08:00:00,21.899999999999995,46.666666666666664,471.3333333333333,37.75,1018.3166666666666
2023-09-03 09:00:00,22.05,47.666666666666664,469.1666666666667,37.916666666666664,1018.6083333333332
2023-09-03 10:00:00,22.25,48.333333333333336,460.25,38.916666666666664,1018.8916666666665
2023-09-03 11:00:00,22.575,49.583333333333336,465.3333333333333,38.333333333333336,1019.0416666666666
2023-09-03 12:00:00,22.80909090909091,49.81818181818182,467.90909090909093,38.81818181818182,1019.5
2023-09-03 13:00:00,22.974999999999998,48.25,467.3333333333333,39.75,1019.4250000000001
2023-09-03 14:00:00,23.100000000000005,47.083333333333336,468.0833333333333,39.0,1019.6583333333333
2023-09-03 15:00:00,23.141666666666666,47.0,465.75,38.916666666666664,1020.0666666666666
2023-09-03 16:00:00,23.175,47.833333333333336,463.9166666666667,40.5,1020.275
2023-09-03 17:00:00,23.2,48.333333333333336,462.75,40.25,1019.9583333333334
2023-09-03 18:00:00,23.2,49.666666666666664,463.25,38.416666666666664,1019.5916666666667
2023-09-03 19:00:00,23.2,51.333333333333336,473.6666666666667,38.416666666666664,1019.2166666666667
2023-09-03 20:00:00,23.2,52.583333333333336,470.3333333333333,40.083333333333336,1019.1833333333334
2023-09-03 21:00:00,23.208333333333332,53.583333333333336,475.5833333333333,38.583333333333336,1019.2916666666666
2023-09-03 22:00:00,23.2,54.416666666666664,474.0,37.916666666666664,1018.9916666666667
2023-09-03 23:00:00,23.2,55.0,474.54545454545456,37.90909090909091,1019.3363636363637
2023-09-04 00:00:00,23.2,55.75,478.5833333333333,37.916666666666664,1018.9916666666667
2023-09-04 01:00:00,23.2,56.0,488.5833333333333,37.5,1019.2583333333333
2023-09-04 02:00:00,23.2,56.0,481.0833333333333,37.583333333333336,1019.5166666666668
2023-09-04 03:00:00,23.11666666666667,56.0,482.0833333333333,38.416666666666664,1019.5916666666667
2023-09-04 04:00:00,23.066666666666666,56.0,485.75,37.416666666666664,1019.725
2023-09-04 05:00:00,22.958333333333332,56.0,485.6666666666667,38.083333333333336,1020.1666666666666
2023-09-04 06:00:00,22.858333333333334,56.0,487.9166666666667,38.166666666666664,1020.3000000000001
2023-09-04 07:00:00,22.875,56.5,489.3333333333333,39.5,1020.4916666666667
2023-09-04 08:00:00,23.058333333333334,57.0,491.4166666666667,39.25,1021.0916666666667
2023-09-04 09:00:00,23.7,57.0,506.25,38.333333333333336,1021.3166666666666
2023-09-04 10:00:00,24.40909090909091,56.36363636363637,515.0,38.81818181818182,1021.2818181818183
2023-09-04 11:00:00,24.84166666666667,55.25,524.5,38.416666666666664,1021.1916666666666
2023-09-04 12:00:00,25.075000000000003,53.583333333333336,528.8333333333334,38.666666666666664,1021.1083333333335
2023-09-04 13:00:00,25.100000000000005,53.0,546.8333333333334,40.5,1020.8583333333332
2023-09-04 14:00:00,25.05,53.666666666666664,611.3333333333334,45.833333333333336,1020.8083333333333
2023-09-04 15:00:00,24.84166666666667,54.166666666666664,570.8333333333334,40.666666666666664,1020.5916666666667
2023-09-04 16:00:00,24.525000000000002,56.0,627.4166666666666,44.25,1020.525
2023-09-04 17:00:00,24.991666666666664,56.416666666666664,698.5833333333334,43.833333333333336,1019.9250000000001
2023-09-04 18:00:00,24.633333333333336,56.166666666666664,553.3333333333334,46.166666666666664,1019.75
2023-09-04 19:00:00,24.083333333333332,57.0,539.0833333333334,46.333333333333336,1019.375
2023-09-04 20:00:00,23.858333333333334,57.0,535.6666666666666,42.083333333333336,1019.3249999999999
2023-09-04 21:00:00,23.518181818181816,57.63636363636363,514.0909090909091,40.63636363636363,1019.1909090909091
2023-09-04 22:00:00,23.241666666666664,58.0,507.75,39.416666666666664,1019.1083333333335
2023-09-04 23:00:00,22.875,58.833333333333336,505.0833333333333,38.5,1018.875
2023-09-05 00:00:00,22.40833333333333,59.833333333333336,483.0,37.666666666666664,1018.5583333333334
2023-09-05 01:00:00,22.46666666666667,60.0,478.4166666666667,37.916666666666664,1018.225
2023-09-05 02:00:00,22.75,59.166666666666664,530.5833333333334,37.916666666666664,1018.0749999999999
2023-09-05 03:00:00,22.25,59.416666666666664,477.0833333333333,38.916666666666664,1017.7583333333333
2023-09-05 04:00:00,22.166666666666668,59.25,467.9166666666667,41.0,1017.5416666666666
2023-09-05 05:00:00,22.2,59.0,505.0833333333333,37.916666666666664,1017.2166666666667
2023-09-05 06:00:00,22.191666666666666,58.166666666666664,511.5,37.75,1017.1833333333334
2023-09-05 07:00:00,22.541666666666668,58.0,548.25,38.5,1017.275
2023-09-05 08:00:00,23.0,57.90909090909091,577.6363636363636,38.36363636363637,1017.4636363636364
2023-09-05 09:00:00,23.46666666666667,56.916666666666664,546.25,38.666666666666664,1017.6750000000001
2023-09-05 10:00:00,23.958333333333332,56.0,554.0833333333334,38.666666666666664,1018.0333333333333
2023-09-05 11:00:00,24.191666666666666,55.0,555.1666666666666,38.583333333333336,1017.9166666666666
2023-09-05 12:00:00,24.608333333333334,54.416666666666664,584.5833333333334,44.666666666666664,1017.8249999999999
2023-09-05 13:00:00,25.15833333333333,53.0,653.75,46.916666666666664,1017.875
2023-09-05 14:00:00,25.191666666666666,52.166666666666664,674.6666666666666,45.833333333333336,1017.8666666666667
2023-09-05 15:00:00,25.058333333333334,51.0,552.8333333333334,41.833333333333336,1017.75
2023-09-05 16:00:00,24.675,52.0,559.8333333333334,50.75,1017.5833333333334
2023-09-05 17:00:00,24.61666666666667,52.416666666666664,567.9166666666666,46.666666666666664,1017.5416666666666
2023-09-05 18:00:00,24.875,53.333333333333336,699.75,50.0,1017.225
2023-09-05 19:00:00,25.11818181818182,54.0,613.3636363636364,48.45454545454545,1017.4636363636364
2023-09-05 20:00:00,24.833333333333332,54.583333333333336,544.3333333333334,45.916666666666664,1018.0083333333333
2023-09-05 21:00:00,24.058333333333334,55.666666666666664,517.9166666666666,44.666666666666664,1018.5333333333333
2023-09-05 22:00:00,23.825,56.0,538.25,42.166666666666664,1018.8416666666667
2023-09-05 23:00:00,22.741666666666664,56.0,534.1666666666666,43.166666666666664,1019.3000000000001
2023-09-06 00:00:00,21.733333333333334,55.75,519.75,43.416666666666664,1019.7333333333332
2023-09-06 01:00:00,22.008333333333336,54.916666666666664,620.4166666666666,42.083333333333336,1020.4583333333334
2023-09-06 02:00:00,23.058333333333334,53.416666666666664,866.5,37.5,1021.1416666666668
2023-09-06 03:00:00,23.433333333333334,53.0,817.1666666666666,37.666666666666664,1021.75
2023-09-06 04:00:00,23.633333333333336,53.0,783.0,37.083333333333336,1022.5749999999999
2023-09-06 05:00:00,23.7,53.0,752.9166666666666,37.083333333333336,1023.375
2023-09-06 06:00:00,23.7,52.45454545454545,733.5454545454545,37.36363636363637,1023.9272727272728
2023-09-06 07:00:00,23.675,51.25,733.0,38.0,1024.625
2023-09-06 08:00:00,23.59166666666667,50.083333333333336,742.5,37.75,1025.175
2023-09-06 09:00:00,23.5,49.416666666666664,719.75,37.75,1025.7583333333334
2023-09-06 10:00:00,23.46666666666667,49.75,608.1666666666666,40.083333333333336,1026.1333333333334
2023-09-06 11:00:00,23.650000000000002,51.666666666666664,605.0,44.166666666666664,1026.6666666666667
2023-09-06 12:00:00,24.441666666666666,51.666666666666664,744.1666666666666,47.5,1026.9083333333335
2023-09-06 13:00:00,24.71666666666667,50.666666666666664,648.9166666666666,41.916666666666664,1026.9833333333333
2023-09-06 14:00:00,24.566666666666666,50.0,555.1666666666666,40.583333333333336,1026.95
2023-09-06 15:00:00,24.600000000000005,50.0,562.4166666666666,41.5,1026.6083333333333
2023-09-06 16:00:00,24.53333333333333,50.5,528.6666666666666,39.5,1026.4416666666668
2023-09-06 17:00:00,24.363636363636363,51.0,502.1818181818182,38.18181818181818,1026.5727272727272
2023-09-06 18:00:00,24.21666666666667,51.5,500.25,38.916666666666664,1026.5166666666667
2023-09-06 19:00:00,24.333333333333332,52.0,585.5833333333334,46.083333333333336,1026.5249999999999
2023-09-06 20:00:00,24.53333333333333,52.333333333333336,531.0833333333334,42.333333333333336,1026.6833333333334
2023-09-06 21:00:00,24.600000000000005,53.0,535.8333333333334,37.666666666666664,1026.7833333333333
2023-09-06 22:00:00,24.53333333333333,53.583333333333336,550.0,38.833333333333336,1026.6583333333333
2023-09-06 23:00:00,24.491666666666664,54.0,563.25,37.5,1026.7583333333334
2023-09-07 00:00:00,24.40833333333333,54.0,571.5,37.666666666666664,1026.6666666666667
2023-09-07 01:00:00,24.399999999999995,53.5,576.6666666666666,37.166666666666664,1026.5916666666665
2023-09-07 02:00:00,24.399999999999995,53.0,570.6666666666666,37.166666666666664,1026.6166666666666
2023-09-07 03:00:00,24.308333333333334,52.25,594.75,37.75,1026.6083333333333
2023-09-07 04:00:00,24.218181818181815,52.0,598.2727272727273,37.18181818181818,1026.5454545454545
2023-09-07 05:00:00,24.183333333333334,51.416666666666664,579.1666666666666,37.25,1026.5583333333334
2023-09-07 06:00:00,24.100000000000005,52.0,571.0833333333334,37.416666666666664,1026.7250000000001
2023-09-07 07:00:00,24.100000000000005,52.0,550.0,37.5,1027.0166666666667
2023-09-07 08:00:00,24.100000000000005,53.0,530.75,37.5,1027.2166666666667
2023-09-07 09:00:00,24.141666666666666,53.916666666666664,526.5,37.25,1027.5416666666667
2023-09-07 10:00:00,24.233333333333334,54.833333333333336,519.25,39.166666666666664,1027.45
2023-09-07 11:00:00,24.3,55.333333333333336,509.25,38.333333333333336,1027.5
2023-09-07 12:00:00,24.3,56.0,501.5833333333333,37.666666666666664,1027.5166666666667
2023-09-07 13:00:00,24.3,56.0,508.6666666666667,37.583333333333336,1027.425
2023-09-07 14:00:00,24.3,55.666666666666664,503.75,37.833333333333336,1027.2250000000001
2023-09-07 15:00:00,24.3,55.0,502.27272727272725,38.0,1026.790909090909
2023-09-07 16:00:00,24.34166666666667,55.0,505.4166666666667,38.333333333333336,1026.4750000000001
2023-09-07 17:00:00,24.399999999999995,54.833333333333336,509.0833333333333,38.833333333333336,1026.2166666666667
2023-09-07 18:00:00,24.399999999999995,54.0,507.5,38.333333333333336,1025.8
2023-09-07 19:00:00,24.399999999999995,54.0,506.5,38.0,1025.575
2023-09-07 20:00:00,24.399999999999995,53.0,503.6666666666667,38.416666666666664,1025.4333333333334
2023-09-07 21:00:00,24.399999999999995,53.0,513.0,37.666666666666664,1025.3666666666668
2023-09-07 22:00:00,24.399999999999995,53.0,518.1666666666666,38.5,1025.0083333333334
2023-09-07 23:00:00,24.399999999999995,53.0,509.3333333333333,38.583333333333336,1024.9833333333333
2023-09-08 00:00:00,24.399999999999995,53.0,521.0,37.916666666666664,1024.7916666666667
2023-09-08 01:00:00,24.399999999999995,53.416666666666664,519.3333333333334,37.333333333333336,1024.2916666666667
2023-09-08 02:00:00,24.4,54.0,521.5454545454545,37.18181818181818,1024.081818181818
2023-09-08 03:00:00,24.399999999999995,54.0,522.6666666666666,37.666666666666664,1024.0333333333333
2023-09-08 04:00:00,24.399999999999995,54.0,517.0,37.333333333333336,1023.75
2023-09-08 05:00:00,24.399999999999995,54.0,528.9166666666666,37.25,1023.3583333333332
2023-09-08 06:00:00,24.399999999999995,54.0,530.8333333333334,37.25,1022.9916666666667
2023-09-08 07:00:00,24.399999999999995,54.75,521.3333333333334,37.666666666666664,1022.8083333333334
2023-09-08 08:00:00,24.399999999999995,55.0,522.75,37.416666666666664,1022.6500000000001
2023-09-08 09:00:00,24.5,55.583333333333336,522.3333333333334,37.666666666666664,1022.5416666666666
2023-09-08 10:00:00,24.541666666666668,56.083333333333336,522.75,38.166666666666664,1022.5416666666666
2023-09-08 11:00:00,24.600000000000005,57.0,515.5833333333334,37.416666666666664,1022.4666666666667
2023-09-08 12:00:00,24.633333333333336,57.0,510.5,37.666666666666664,1022.2833333333333
2023-09-08 13:00:00,24.7,57.81818181818182,508.54545454545456,38.27272727272727,1022.3272727272728
2023-09-08 14:00:00,24.791666666666668,58.0,513.6666666666666,38.083333333333336,1022.2083333333334
2023-09-08 15:00:00,24.8,58.0,514.0,37.583333333333336,1021.8666666666667
2023-09-08 16:00:00,24.849999999999998,58.0,513.8333333333334,38.25,1021.3083333333334
2023-09-08 17:00:00,24.933333333333334,58.0,515.3333333333334,38.083333333333336,1020.8666666666667
2023-09-08 18:00:00,25.0,57.75,515.6666666666666,37.75,1020.5749999999999
2023-09-08 19:00:00,25.0,57.0,519.1666666666666,37.833333333333336,1020.3416666666667
2023-09-08 20:00:00,24.899999999999995,56.416666666666664,531.5833333333334,38.916666666666664,1020.1500000000001
2023-09-08 21:00:00,24.866666666666664,55.416666666666664,543.6666666666666,37.583333333333336,1020.2083333333334
2023-09-08 22:00:00,24.75,54.166666666666664,563.1666666666666,37.75,1020.0500000000001
2023-09-08 23:00:00,24.608333333333334,53.0,582.6666666666666,37.916666666666664,1019.8333333333334
2023-09-09 00:00:00,24.572727272727274,53.0,580.0909090909091,37.45454545454545,1019.6545454545455
2023-09-09 01:00:00,24.508333333333336,53.0,575.0,37.416666666666664,1019.475
2023-09-09 02:00:00,24.5,53.0,552.5833333333334,37.5,1019.15
2023-09-09 03:00:00,24.45,52.666666666666664,551.9166666666666,37.666666666666664,1018.85
2023-09-09 04:00:00,24.349999999999998,51.5,560.9166666666666,37.25,1018.6750000000001
2023-09-09 05:00:00,24.233333333333334,50.583333333333336,553.3333333333334,37.25,1018.1999999999999
2023-09-09 06:00:00,24.141666666666666,50.0,544.6666666666666,37.916666666666664,1018.0749999999999
2023-09-09 07:00:00,24.100000000000005,50.416666666666664,529.6666666666666,37.416666666666664,1017.9083333333333
2023-09-09 08:00:00,24.125,51.0,512.5,37.166666666666664,1017.8666666666667
2023-09-09 09:00:00,24.275000000000002,51.916666666666664,503.8333333333333,38.25,1017.9166666666666
2023-09-09 10:00:00,24.474999999999998,53.083333333333336,506.75,37.666666666666664,1018.0083333333333
2023-09-09 11:00:00,24.59090909090909,54.0,502.8181818181818,37.63636363636363,1017.7818181818183
2023-09-09 12:00:00,24.75,54.833333333333336,506.5833333333333,37.666666666666664,1017.4416666666666
2023-09-09 13:00:00,25.008333333333336,55.0,512.5,37.916666666666664,1017.0833333333334
2023-09-09 14:00:00,25.11666666666667,55.0,505.9166666666667,37.916666666666664,1016.9
2023-09-09 15:00:00,25.2,55.0,515.25,37.666666666666664,1016.7416666666667
2023-09-09 16:00:00,25.241666666666664,55.0,511.3333333333333,38.166666666666664,1016.4333333333334
2023-09-09 17:00:00,25.3,55.833333333333336,516.8333333333334,37.75,1015.975
2023-09-09 18:00:00,25.3,56.0,516.1666666666666,37.666666666666664,1015.5749999999999
2023-09-09 19:00:00,25.28333333333333,56.166666666666664,526.5833333333334,38.083333333333336,1015.4166666666666
2023-09-09 20:00:00,25.28333333333333,56.833333333333336,538.0833333333334,37.916666666666664,1015.2666666666668
2023-09-09 21:00:00,25.224999999999998,56.0,554.6666666666666,37.666666666666664,1015.275
2023-09-09 22:00:00,25.136363636363637,55.09090909090909,577.0909090909091,37.90909090909091,1015.1545454545455
2023-09-09 23:00:00,25.05,54.0,587.8333333333334,37.416666666666664,1014.9583333333334
2023-09-10 00:00:00,25.0,53.0,587.6666666666666,37.5,1014.6083333333332
2023-09-10 01:00:00,25.0,53.583333333333336,560.1666666666666,37.5,1014.3666666666667
2023-09-10 02:00:00,25.0,54.5,535.6666666666666,37.75,1014.3333333333334
2023-09-10 03:00:00,25.0,55.0,519.3333333333334,37.25,1014.375
2023-09-10 04:00:00,25.0,55.0,505.6666666666667,37.25,1014.3583333333332
2023-09-10 05:00:00,25.0,55.0,507.3333333333333,37.75,1014.275
2023-09-10 06:00:00,25.0,55.0,501.0833333333333,37.333333333333336,1014.4833333333332
2023-09-10 07:00:00,25.0,55.0,500.4166666666667,37.25,1014.6083333333335
2023-09-10 08:00:00,24.958333333333332,55.0,502.5833333333333,37.416666666666664,1014.6333333333333
2023-09-10 09:00:00,24.90909090909091,55.0,503.27272727272725,37.54545454545455,1015.1636363636363
2023-09-10 10:00:00,24.958333333333332,55.0,501.25,37.5,1015.525
2023-09-10 11:00:00,25.0,55.0,502.5833333333333,37.583333333333336,1015.625
2023-09-10 12:00:00,25.0,55.833333333333336,499.75,38.25,1015.6666666666666
2023-09-10 13:00:00,25.025000000000002,56.0,501.0833333333333,37.583333333333336,1015.6750000000001
2023-09-10 14:00:00,25.100000000000005,56.0,502.25,37.583333333333336,1015.8166666666666
2023-09-10 15:00:00,25.100000000000005,56.0,500.75,38.333333333333336,1015.6833333333334
2023-09-10 16:00:00,25.141666666666666,56.0,504.75,39.25,1015.6750000000001
2023-09-10 17:00:00,25.2,56.0,505.0,38.333333333333336,1015.6166666666667
2023-09-10 18:00:00,25.208333333333332,56.0,508.9166666666667,38.333333333333336,1015.5416666666666
2023-09-10 19:00:00,25.2,55.0,513.4166666666666,38.25,1015.6166666666667
2023-09-10 20:00:00,25.2,55.0,506.09090909090907,37.90909090909091,1015.6363636363636
2023-09-10 21:00:00,25.150000000000002,55.0,511.0,37.916666666666664,1015.7416666666667
2023-09-10 22:00:00,25.100000000000005,55.0,511.9166666666667,38.0,1015.6666666666666
2023-09-10 23:00:00,25.100000000000005,55.416666666666664,552.3333333333334,40.166666666666664,1015.3583333333332
2023-09-11 00:00:00,25.516666666666666,56.0,738.75,41.833333333333336,1015.2333333333332
2023-09-11 01:00:00,26.008333333333336,56.0,733.5,38.333333333333336,1014.9666666666667
2023-09-11 02:00:00,25.883333333333336,56.0,690.25,38.166666666666664,1014.4083333333333
2023-09-11 03:00:00,25.608333333333334,56.583333333333336,614.1666666666666,37.833333333333336,1014.0083333333333
2023-09-11 04:00:00,25.400000000000002,57.0,608.5,37.666666666666664,1013.5500000000001
2023-09-11 05:00:00,25.275000000000002,57.0,630.0833333333334,37.583333333333336,1013.4916666666667
2023-09-11 06:00:00,25.3,57.0,702.8333333333334,37.333333333333336,1013.0416666666666
2023-09-11 07:00:00,25.38181818181818,57.0,708.2727272727273,37.45454545454545,1013.1363636363636
2023-09-11 08:00:00,25.424999999999997,57.0,695.3333333333334,37.583333333333336,1012.8583333333332
2023-09-11 09:00:00,25.5,57.0,720.0,37.916666666666664,1012.5583333333334
2023-09-11 10:00:00,25.508333333333336,57.25,720.6666666666666,38.0,1011.8583333333332
2023-09-11 11:00:00,25.583333333333332,58.666666666666664,715.5,41.666666666666664,1011.9333333333334
2023-09-11 12:00:00,25.291666666666668,60.0,555.9166666666666,42.416666666666664,1010.9333333333334
2023-09-11 13:00:00,24.816666666666666,60.0,495.4166666666667,39.916666666666664,1010.3166666666666
2023-09-11 14:00:00,24.883333333333336,60.0,511.0833333333333,41.0,1010.0749999999999
2023-09-11 15:00:00,24.7,60.0,539.3333333333334,40.583333333333336,1010.0166666666668
2023-09-11 16:00:00,24.675,59.5,492.1666666666667,41.0,1009.5333333333333
2023-09-11 17:00:00,24.791666666666668,59.0,493.8333333333333,39.666666666666664,1009.2666666666668
2023-09-11 18:00:00,24.645454545454548,59.0,493.27272727272725,39.0,1008.8727272727273
2023-09-11 19:00:00,24.558333333333334,59.0,491.75,38.583333333333336,1008.3416666666667
2023-09-11 20:00:00,24.600000000000005,59.0,499.25,38.916666666666664,1008.2583333333333
2023-09-11 21:00:00,24.525000000000002,59.0,493.4166666666667,39.0,1008.2166666666667
2023-09-11 22:00:00,24.383333333333336,59.25,505.8333333333333,40.083333333333336,1007.8000000000001
2023-09-11 23:00:00,24.34166666666667,60.416666666666664,549.8333333333334,39.166666666666664,1007.5
2023-09-12 00:00:00,24.266666666666666,61.0,543.3333333333334,38.75,1007.1916666666667
2023-09-12 01:00:00,24.25,62.166666666666664,560.5833333333334,37.666666666666664,1007.1666666666666
2023-09-12 02:00:00,24.0,63.0,560.75,37.25,1006.9666666666667
2023-09-12 03:00:00,23.933333333333334,62.25,543.9166666666666,37.083333333333336,1006.8666666666667
2023-09-12 04:00:00,23.958333333333332,62.0,533.1666666666666,37.0,1006.7666666666668
2023-09-12 05:00:00,23.80909090909091,61.09090909090909,530.2727272727273,37.18181818181818,1006.7909090909089
2023-09-12 06:00:00,23.95,61.0,564.1666666666666,37.666666666666664,1006.5333333333333
2023-09-12 07:00:00,24.0,60.416666666666664,561.75,37.666666666666664,1006.4333333333334
2023-09-12 08:00:00,23.958333333333332,60.0,564.5,37.916666666666664,1006.8083333333333
2023-09-12 09:00:00,23.96666666666667,59.416666666666664,587.5,40.416666666666664,1006.9333333333334
2023-09-12 10:00:00,24.058333333333334,59.0,507.5833333333333,39.666666666666664,1007.1583333333333
2023-09-12 11:00:00,24.183333333333334,59.0,570.0,47.5,1007.5749999999999
2023-09-12 12:00:00,24.791666666666668,58.25,636.25,41.333333333333336,1007.625
2023-09-12 13:00:00,24.983333333333334,55.583333333333336,627.8333333333334,41.5,1007.9333333333334
2023-09-12 14:00:00,25.166666666666668,51.5,543.4166666666666,39.75,1008.3249999999999
2023-09-12 15:00:00,25.008333333333336,50.333333333333336,530.25,42.5,1008.5583333333334
2023-09-12 16:00:00,24.990909090909096,49.0,579.9090909090909,47.36363636363637,1008.9909090909091
2023-09-12 17:00:00,25.183333333333334,47.5,591.1666666666666,45.5,1009.3666666666667
2023-09-12 18:00:00,24.733333333333334,47.083333333333336,535.8333333333334,48.833333333333336,1009.5583333333334
2023-09-12 19:00:00,23.316666666666666,48.833333333333336,460.25,43.916666666666664,1009.75
2023-09-12 20:00:00,23.108333333333334,50.833333333333336,482.5833333333333,40.666666666666664,1009.975
2023-09-12 21:00:00,24.108333333333334,51.0,495.0,38.5,1010.4583333333334
2023-09-12 22:00:00,24.075,50.0,539.0,39.416666666666664,1011.0583333333334
2023-09-12 23:00:00,23.441666666666666,49.166666666666664,552.1666666666666,40.166666666666664,1011.5500000000001
2023-09-13 00:00:00,22.974999999999998,48.083333333333336,549.5,40.416666666666664,1011.7666666666668
2023-09-13 01:00:00,22.558333333333334,47.25,524.5,38.916666666666664,1011.9
2023-09-13 02:00:00,22.258333333333336,46.166666666666664,525.1666666666666,38.833333333333336,1012.025
2023-09-13 03:00:00,21.936363636363637,46.0,497.1818181818182,37.0,1012.2818181818183
2023-09-13 04:00:00,21.766666666666666,45.416666666666664,486.9166666666667,38.5,1012.5333333333333
2023-09-13 05:00:00,21.46666666666667,44.666666666666664,465.6666666666667,37.083333333333336,1012.7583333333333
2023-09-13 06:00:00,21.066666666666666,44.0,490.75,39.083333333333336,1013.0916666666667
2023-09-13 07:00:00,19.974999999999998,44.5,450.6666666666667,38.75,1013.5833333333334
2023-09-13 08:00:00,21.033333333333335,44.75,474.25,37.666666666666664,1013.8583333333332
2023-09-13 09:00:00,22.53333333333333,43.833333333333336,571.9166666666666,37.25,1014.2333333333332
2023-09-13 10:00:00,23.34166666666667,42.416666666666664,572.3333333333334,38.833333333333336,1014.6166666666667
2023-09-13 11:00:00,23.38333333333333,42.0,491.25,40.5,1014.7916666666666
2023-09-13 12:00:00,23.53333333333333,42.0,582.75,47.333333333333336,1015.0500000000001
2023-09-13 13:00:00,24.025000000000002,43.333333333333336,609.5,42.916666666666664,1015.275
2023-09-13 14:00:00,24.136363636363637,44.0,551.6363636363636,40.45454545454545,1015.4727272727273
2023-09-13 15:00:00,24.100000000000005,44.0,572.3333333333334,41.583333333333336,1015.5666666666666
2023-09-13 16:00:00,24.100000000000005,42.833333333333336,589.75,40.5,1015.8499999999999
2023-09-13 17:00:00,24.09166666666667,42.0,585.5833333333334,39.0,1016.25
2023-09-13 18:00:00,24.041666666666668,42.0,496.5,38.666666666666664,1016.7583333333333
2023-09-13 19:00:00,23.858333333333334,41.416666666666664,450.9166666666667,39.5,1017.0583333333334
2023-09-13 20:00:00,23.474999999999998,41.0,448.6666666666667,38.916666666666664,1017.6166666666667
2023-09-13 21:00:00,23.125,40.416666666666664,440.8333333333333,38.583333333333336,1018.275
2023-09-13 22:00:00,22.849999999999998,39.583333333333336,432.0833333333333,38.583333333333336,1018.6333333333333
2023-09-13 23:00:00,22.558333333333334,38.833333333333336,425.75,38.5,1018.9
2023-09-14 00:00:00,22.291666666666668,38.0,419.8333333333333,38.5,1019.3166666666666
2023-09-14 01:00:00,21.900000000000002,38.0,452.1818181818182,38.63636363636363,1019.5636363636364
2023-09-14 02:00:00,20.875,38.0,433.0833333333333,37.166666666666664,1019.6583333333333
2023-09-14 03:00:00,20.258333333333333,39.0,416.0833333333333,37.166666666666664,1019.9250000000001
2023-09-14 04:00:00,19.866666666666667,39.0,413.0833333333333,37.083333333333336,1019.9916666666667
2023-09-14 05:00:00,19.55,39.0,391.25,37.166666666666664,1020.0333333333333
2023-09-14 06:00:00,19.183333333333334,40.0,373.1666666666667,37.583333333333336,1020.3333333333334
2023-09-14 07:00:00,19.041666666666668,40.333333333333336,394.5833333333333,38.166666666666664,1020.375
2023-09-14 08:00:00,19.433333333333334,41.0,399.6666666666667,39.0,1020.7333333333332
2023-09-14 09:00:00,19.7,41.0,415.25,41.583333333333336,1020.8249999999999
2023-09-14 10:00:00,20.233333333333334,42.833333333333336,390.5,40.083333333333336,1020.8000000000001
2023-09-14 11:00:00,20.716666666666665,43.0,383.0833333333333,40.0,1020.8166666666666
2023-09-14 12:00:00,21.236363636363635,43.0,429.45454545454544,40.36363636363637,1020.7454545454547
2023-09-14 13:00:00,21.366666666666664,43.583333333333336,432.3333333333333,41.666666666666664,1020.2333333333332
2023-09-14 14:00:00,21.741666666666664,44.0,476.25,39.416666666666664,1020.3583333333332
2023-09-14 15:00:00,21.958333333333332,44.0,489.0833333333333,40.333333333333336,1020.0166666666668
2023-09-14 16:00:00,22.2,44.916666666666664,483.9166666666667,46.666666666666664,1019.5500000000001
2023-09-14 17:00:00,22.59166666666667,45.25,505.5833333333333,45.166666666666664,1019.5416666666666
2023-09-14 18:00:00,21.891666666666666,46.833333333333336,516.5,47.416666666666664,1019.4166666666666
2023-09-14 19:00:00,21.883333333333336,47.833333333333336,526.5833333333334,47.666666666666664,1019.6666666666666
2023-09-14 20:00:00,22.125,48.333333333333336,550.25,45.416666666666664,1019.7666666666668
2023-09-14 21:00:00,22.133333333333336,48.833333333333336,701.0,47.5,1019.6750000000001
2023-09-14 22:00:00,22.883333333333336,49.0,846.75,46.0,1019.7166666666667
2023-09-14 23:00:00,23.09090909090909,47.90909090909091,656.9090909090909,45.09090909090909,1019.7
2023-09-15 00:00:00,22.125,47.583333333333336,507.75,41.333333333333336,1019.5833333333334
2023-09-15 01:00:00,20.008333333333333,50.166666666666664,390.3333333333333,37.5,1019.3083333333333
2023-09-15 02:00:00,19.05,52.166666666666664,373.9166666666667,37.166666666666664,1019.0583333333334
2023-09-15 03:00:00,18.633333333333333,54.5,366.1666666666667,38.75,1018.6833333333334
2023-09-15 04:00:00,18.316666666666666,56.833333333333336,385.25,38.333333333333336,1018.4333333333334
2023-09-15 05:00:00,18.341666666666665,59.083333333333336,405.75,37.25,1018.1750000000001
2023-09-15 06:00:00,18.308333333333334,61.166666666666664,420.1666666666667,37.583333333333336,1018.35
2023-09-15 07:00:00,18.2,62.833333333333336,426.1666666666667,38.75,1018.5583333333334
2023-09-15 08:00:00,18.283333333333335,63.833333333333336,415.25,39.083333333333336,1018.7083333333334
2023-09-15 09:00:00,18.516666666666666,64.16666666666667,426.4166666666667,38.666666666666664,1018.7916666666666
2023-09-15 10:00:00,19.436363636363637,64.63636363636364,492.54545454545456,39.63636363636363,1019.0272727272727
2023-09-15 11:00:00,20.691666666666666,63.916666666666664,530.5833333333334,41.0,1019.3000000000001
2023-09-15 12:00:00,21.325,62.916666666666664,516.3333333333334,42.75,1019.4250000000001
2023-09-15 13:00:00,21.691666666666666,61.75,546.8333333333334,41.0,1019.375
2023-09-15 14:00:00,21.974999999999998,62.25,567.1666666666666,40.25,1019.4833333333332
2023-09-15 15:00:00,21.666666666666668,61.416666666666664,504.75,41.833333333333336,1019.4083333333333
2023-09-15 16:00:00,21.458333333333332,61.0,467.75,40.083333333333336,1019.3166666666666
2023-09-15 17:00:00,21.058333333333334,61.0,464.3333333333333,40.333333333333336,1019.3833333333333
2023-09-15 18:00:00,20.483333333333334,60.666666666666664,450.5833333333333,42.416666666666664,1019.6166666666667
2023-09-15 19:00:00,20.158333333333335,61.0,468.5833333333333,44.833333333333336,1019.6166666666667
2023-09-15 20:00:00,20.708333333333332,61.0,496.9166666666667,40.0,1019.7916666666666
2023-09-15 21:00:00,20.936363636363634,61.0,500.72727272727275,39.09090909090909,1019.7545454545453
2023-09-15 22:00:00,20.816666666666666,61.0,489.0,40.0,1019.6999999999999
2023-09-15 23:00:00,20.925,61.0,495.4166666666667,39.416666666666664,1019.625
2023-09-16 00:00:00,20.308333333333334,61.0,465.75,39.666666666666664,1019.5916666666667
2023-09-16 01:00:00,19.875,61.0,447.5,40.083333333333336,1019.4833333333332
2023-09-16 02:00:00,20.066666666666666,60.833333333333336,441.4166666666667,38.666666666666664,1019.2333333333335
2023-09-16 03:00:00,20.025000000000002,60.333333333333336,452.1666666666667,40.833333333333336,1019.0416666666666
2023-09-16 04:00:00,20.066666666666666,60.0,489.75,42.0,1018.875
2023-09-16 05:00:00,20.3,59.833333333333336,475.9166666666667,40.083333333333336,1018.7083333333334
2023-09-16 06:00:00,20.691666666666666,59.0,465.8333333333333,37.0,1018.5
2023-09-16 07:00:00,20.8,58.75,469.3333333333333,37.083333333333336,1018.5
2023-09-16 08:00:00,20.981818181818184,58.0,472.6363636363636,37.0,1018.4
2023-09-16 09:00:00,21.416666666666668,58.0,483.0,37.083333333333336,1018.3666666666667
2023-09-16 10:00:00,21.916666666666668,58.0,494.6666666666667,37.5,1018.4583333333334
2023-09-16 11:00:00,22.191666666666666,58.0,489.25,38.166666666666664,1018.4166666666666
2023-09-16 12:00:00,22.40833333333333,57.083333333333336,490.5833333333333,38.833333333333336,1018.225
2023-09-16 13:00:00,22.566666666666666,57.0,495.6666666666667,38.25,1017.9333333333334
2023-09-16 14:00:00,22.71666666666667,57.0,496.9166666666667,38.166666666666664,1017.525
2023-09-16 15:00:00,22.825,57.0,499.1666666666667,37.75,1016.9083333333333
2023-09-16 16:00:00,22.933333333333334,57.0,498.0,37.916666666666664,1016.375
2023-09-16 17:00:00,23.03333333333333,57.0,508.0833333333333,40.916666666666664,1016.1166666666667
2023-09-16 18:00:00,23.075000000000003,57.0,510.0,38.333333333333336,1016.0916666666667
2023-09-16 19:00:00,22.954545454545453,57.0,516.9090909090909,38.0,1016.1272727272727
2023-09-16 20:00:00,22.683333333333334,54.666666666666664,499.5,37.916666666666664,1016.7083333333334
2023-09-16 21:00:00,22.175,51.833333333333336,486.8333333333333,37.666666666666664,1017.0333333333333
2023-09-16 22:00:00,21.766666666666666,50.25,475.5,37.5,1016.8916666666668
2023-09-16 23:00:00,21.45,50.0,470.75,37.166666666666664,1016.9333333333334
2023-09-17 00:00:00,21.216666666666665,50.0,472.5,37.166666666666664,1017.275
2023-09-17 01:00:00,20.908333333333335,50.0,470.3333333333333,37.0,1017.5500000000001
2023-09-17 02:00:00,20.591666666666665,50.0,467.75,37.0,1017.75
2023-09-17 03:00:00,20.325,49.833333333333336,454.5833333333333,37.0,1018.0
2023-09-17 04:00:00,19.991666666666667,49.0,440.4166666666667,37.083333333333336,1018.3083333333334
2023-09-17 05:00:00,19.541666666666668,48.166666666666664,432.6666666666667,37.0,1018.725
2023-09-17 06:00:00,19.036363636363635,48.0,436.8181818181818,37.0,1019.2727272727273
2023-09-17 07:00:00,18.883333333333333,48.0,441.8333333333333,37.0,1019.9250000000001
2023-09-17 08:00:00,19.866666666666667,47.666666666666664,437.1666666666667,37.0,1020.625
2023-09-17 09:00:00,20.558333333333334,47.0,449.9166666666667,37.25,1021.025
2023-09-17 10:00:00,20.733333333333334,46.25,502.8333333333333,38.333333333333336,1021.6083333333332
2023-09-17 11:00:00,20.891666666666666,46.0,428.75,38.666666666666664,1021.6666666666666
2023-09-17 12:00:00,21.09166666666667,45.0,445.25,42.083333333333336,1021.6583333333333
2023-09-17 13:00:00,21.333333333333332,44.5,463.6666666666667,41.416666666666664,1021.775
2023-09-17 14:00:00,21.166666666666668,43.416666666666664,440.25,38.666666666666664,1021.7666666666668
2023-09-17 15:00:00,20.866666666666667,43.0,427.6666666666667,39.0,1021.375
2023-09-17 16:00:00,20.633333333333336,43.583333333333336,426.4166666666667,40.333333333333336,1021.0833333333334
2023-09-17 17:00:00,21.045454545454547,44.0,472.09090909090907,42.18181818181818,1020.9454545454545
2023-09-17 18:00:00,21.483333333333334,44.0,514.9166666666666,41.166666666666664,1020.9499999999999
2023-09-17 19:00:00,21.61666666666667,43.083333333333336,512.5,41.0,1020.975
2023-09-17 20:00:00,21.666666666666668,43.0,494.5,39.583333333333336,1020.7083333333334
2023-09-17 21:00:00,21.483333333333334,43.0,449.4166666666667,38.083333333333336,1020.3083333333334
2023-09-17 22:00:00,21.216666666666665,43.0,442.0,38.416666666666664,1019.875
2023-09-17 23:00:00,21.008333333333333,43.333333333333336,436.3333333333333,37.666666666666664,1019.3916666666668
2023-09-18 00:00:00,20.90833333333333,44.0,435.0833333333333,37.416666666666664,1018.8416666666667
2023-09-18 01:00:00,20.8,44.916666666666664,432.4166666666667,38.25,1018.1333333333333
2023-09-18 02:00:00,20.891666666666666,45.916666666666664,438.9166666666667,37.166666666666664,1017.3833333333333
2023-09-18 03:00:00,20.8,47.333333333333336,433.9166666666667,37.333333333333336,1016.8249999999999
2023-09-18 04:00:00,20.88181818181818,48.36363636363637,440.54545454545456,37.36363636363637,1016.1090909090909
2023-09-18 05:00:00,20.849999999999998,49.333333333333336,443.5,37.333333333333336,1015.0916666666667
2023-09-18 06:00:00,20.650000000000002,50.0,438.5,38.333333333333336,1014.0833333333334
2023-09-18 07:00:00,20.483333333333334,50.916666666666664,438.5,39.75,1013.475
2023-09-18 08:00:00,20.175,51.0,431.3333333333333,40.0,1012.5
2023-09-18 09:00:00,20.233333333333334,51.583333333333336,433.0833333333333,39.333333333333336,1011.4083333333333
2023-09-18 10:00:00,20.283333333333335,52.0,449.25,41.833333333333336,1010.4499999999999
2023-09-18 11:00:00,20.15,52.0,447.5,41.666666666666664,1009.4583333333334
2023-09-18 12:00:00,19.858333333333334,52.666666666666664,421.8333333333333,40.0,1008.7333333333332
2023-09-18 13:00:00,19.974999999999998,53.333333333333336,431.0833333333333,44.666666666666664,1007.85
2023-09-18 14:00:00,19.933333333333334,54.416666666666664,421.5833333333333,40.75,1006.7083333333334
2023-09-18 15:00:00,19.745454545454546,55.36363636363637,417.45454545454544,41.90909090909091,1005.2636363636364
2023-09-18 16:00:00,19.95,56.0,421.5,40.083333333333336,1003.6083333333332
2023-09-18 17:00:00,20.3,56.0,432.4166666666667,40.5,1001.9583333333334
2023-09-18 18:00:00,20.650000000000002,56.666666666666664,458.25,39.666666666666664,1001.1750000000001
2023-09-18 19:00:00,21.158333333333335,56.916666666666664,464.6666666666667,39.666666666666664,999.9333333333334
2023-09-18 20:00:00,21.5,57.0,486.6666666666667,41.166666666666664,998.475
2023-09-18 21:00:00,21.8,57.75,486.1666666666667,43.583333333333336,998.4333333333334
2023-09-18 22:00:00,22.09166666666667,58.0,486.75,39.0,998.3000000000001
2023-09-18 23:00:00,22.325,58.666666666666664,500.1666666666667,41.25,997.9333333333334
2023-09-19 00:00:00,22.55,59.0,512.25,37.083333333333336,997.35
2023-09-19 01:00:00,22.78333333333333,59.0,514.9166666666666,37.0,996.4083333333333
2023-09-19 02:00:00,22.954545454545453,59.0,522.5454545454545,37.0,995.5090909090909
2023-09-19 03:00:00,23.09166666666667,58.083333333333336,538.75,37.0,994.3833333333333
2023-09-19 04:00:00,23.208333333333332,58.0,530.5833333333334,37.0,992.9250000000001
2023-09-19 05:00:00,23.3,58.0,532.0833333333334,37.0,991.3249999999999
2023-09-19 06:00:00,23.349999999999998,57.083333333333336,532.5,37.833333333333336,989.85
2023-09-19 07:00:00,23.349999999999998,56.833333333333336,522.6666666666666,37.333333333333336,989.3833333333333
2023-09-19 08:00:00,23.3,55.416666666666664,514.0833333333334,37.25,989.8166666666666
2023-09-19 09:00:00,23.3,54.416666666666664,511.1666666666667,37.0,989.8666666666667
2023-09-19 10:00:00,23.34166666666667,53.833333333333336,504.8333333333333,38.583333333333336,990.2416666666667
2023-09-19 11:00:00,23.3,52.416666666666664,501.6666666666667,39.083333333333336,990.6333333333333
2023-09-19 12:00:00,23.233333333333334,50.5,498.3333333333333,38.666666666666664,991.2333333333332
2023-09-19 13:00:00,23.327272727272724,49.09090909090909,644.7272727272727,44.18181818181818,991.5090909090909
2023-09-19 14:00:00,22.883333333333336,47.5,552.25,45.916666666666664,991.6916666666666
2023-09-19 15:00:00,22.016666666666666,46.083333333333336,472.1666666666667,43.916666666666664,991.9250000000001
2023-09-19 16:00:00,21.791666666666668,46.0,453.4166666666667,43.5,992.2083333333334
2023-09-19 17:00:00,21.46666666666667,46.083333333333336,449.5,43.666666666666664,992.2166666666667
2023-09-19 18:00:00,21.175,47.0,449.6666666666667,44.5,991.5666666666666
2023-09-19 19:00:00,20.483333333333334,48.916666666666664,449.5,40.916666666666664,991.1333333333333
2023-09-19 20:00:00,21.008333333333333,50.25,522.5833333333334,40.083333333333336,990.5833333333334
2023-09-19 21:00:00,22.183333333333334,50.583333333333336,651.3333333333334,43.333333333333336,989.8166666666666
2023-09-19 22:00:00,22.349999999999998,50.25,572.8333333333334,39.333333333333336,989.6833333333334
2023-09-19 23:00:00,22.925,50.333333333333336,696.5833333333334,46.583333333333336,990.3333333333334
2023-09-20 00:00:00,22.854545454545455,50.09090909090909,703.5454545454545,39.81818181818182,991.1272727272727
2023-09-20 01:00:00,22.366666666666664,49.333333333333336,633.1666666666666,36.916666666666664,991.75
2023-09-20 02:00:00,22.2,49.0,623.5833333333334,36.666666666666664,992.4333333333334
2023-09-20 03:00:00,22.150000000000002,48.333333333333336,612.1666666666666,37.25,992.8666666666667
2023-09-20 04:00:00,21.958333333333332,48.0,612.6666666666666,37.083333333333336,993.3916666666668
2023-09-20 05:00:00,21.858333333333334,48.5,619.5,37.25,993.7916666666666
2023-09-20 06:00:00,21.71666666666667,49.083333333333336,617.4166666666666,37.5,994.525
2023-09-20 07:00:00,21.600000000000005,50.0,604.1666666666666,37.75,994.6583333333333
2023-09-20 08:00:00,21.600000000000005,50.0,606.3333333333334,38.083333333333336,994.8333333333334
2023-09-20 09:00:00,21.708333333333332,51.0,594.4166666666666,40.5,995.2083333333334
2023-09-20 10:00:00,21.833333333333332,51.0,678.8333333333334,40.416666666666664,995.3249999999999
2023-09-20 11:00:00,22.263636363636365,51.0,675.0909090909091,45.81818181818182,995.2545454545453
2023-09-20 12:00:00,22.508333333333336,52.5,663.8333333333334,42.416666666666664,995.3083333333334
2023-09-20 13:00:00,22.166666666666668,56.5,571.1666666666666,44.083333333333336,995.8833333333333
2023-09-20 14:00:00,21.816666666666666,58.5,514.3333333333334,44.833333333333336,996.4333333333334
2023-09-20 15:00:00,21.55,59.833333333333336,462.5833333333333,41.833333333333336,996.5583333333334
2023-09-20 16:00:00,21.633333333333336,60.0,487.5833333333333,43.75,996.8083333333334
2023-09-20 17:00:00,22.0,60.0,508.0,44.666666666666664,996.8583333333332
2023-09-20 18:00:00,22.066666666666666,60.0,520.6666666666666,43.833333333333336,997.225
2023-09-20 19:00:00,22.175,60.0,573.4166666666666,45.666666666666664,997.5083333333333
2023-09-20 20:00:00,22.358333333333334,59.916666666666664,562.3333333333334,44.666666666666664,997.8166666666666
2023-09-20 21:00:00,22.25,60.666666666666664,578.9166666666666,47.083333333333336,998.0083333333333
2023-09-20 22:00:00,21.763636363636365,61.81818181818182,535.6363636363636,44.63636363636363,998.1181818181819
2023-09-20 23:00:00,22.349999999999998,61.75,728.3333333333334,40.416666666666664,998.15
2023-09-21 00:00:00,22.425,61.166666666666664,677.25,39.666666666666664,998.5583333333334
2023-09-21 01:00:00,21.958333333333332,62.0,592.6666666666666,39.416666666666664,998.4583333333334
2023-09-21 02:00:00,21.808333333333334,62.0,586.0,38.583333333333336,998.3000000000001
2023-09-21 03:00:00,21.8,62.0,568.5,38.0,997.9416666666666
2023-09-21 04:00:00,21.825,62.0,564.25,37.833333333333336,997.625
2023-09-21 05:00:00,21.88333333333333,62.0,560.5,37.916666666666664,997.4666666666667
2023-09-21 06:00:00,21.766666666666666,62.0,547.1666666666666,38.333333333333336,997.1
2023-09-21 07:00:00,21.71666666666667,62.0,545.5,39.25,996.8916666666665
2023-09-21 08:00:00,21.816666666666666,62.0,573.0833333333334,39.75,996.8583333333332
2023-09-21 09:00:00,22.041666666666668,62.0,591.0,39.666666666666664,996.65
2023-09-21 10:00:00,22.15833333333333,62.0,530.3333333333334,42.166666666666664,996.6333333333333
2023-09-21 11:00:00,22.34166666666667,62.0,532.5833333333334,43.166666666666664,996.4499999999999
2023-09-21 12:00:00,22.5,60.916666666666664,527.6666666666666,46.916666666666664,996.5166666666668
2023-09-21 13:00:00,22.224999999999998,60.0,508.1666666666667,45.5,996.8833333333333
2023-09-21 14:00:00,21.954545454545453,60.0,495.3636363636364,43.27272727272727,996.9363636363636
2023-09-21 15:00:00,21.84166666666667,60.583333333333336,477.4166666666667,42.333333333333336,996.9333333333334
2023-09-21 16:00:00,21.916666666666668,61.0,500.75,42.833333333333336,996.8583333333332
2023-09-21 17:00:00,22.575,60.666666666666664,519.9166666666666,40.083333333333336,996.7416666666667
2023-09-21 18:00:00,22.816666666666666,60.0,525.75,43.416666666666664,996.7333333333332
2023-09-21 19:00:00,22.816666666666666,60.833333333333336,574.0,43.583333333333336,996.9333333333334
2023-09-21 20:00:00,22.90833333333333,61.0,575.75,42.916666666666664,997.3666666666667
2023-09-21 21:00:00,22.866666666666664,60.5,532.3333333333334,38.5,997.9416666666666
2023-09-21 22:00:00,22.666666666666668,60.0,511.4166666666667,38.916666666666664,997.8416666666667
2023-09-21 23:00:00,22.516666666666666,60.0,527.75,39.0,997.5833333333334
2023-09-22 00:00:00,22.099999999999998,60.666666666666664,534.8333333333334,44.583333333333336,997.025
2023-09-22 01:00:00,21.545454545454547,61.72727272727273,506.27272727272725,41.54545454545455,996.0545454545455
2023-09-22 02:00:00,21.099999999999998,62.666666666666664,488.4166666666667,38.083333333333336,995.0833333333334
2023-09-22 03:00:00,21.333333333333332,63.0,506.4166666666667,37.5,994.1416666666668
2023-09-22 04:00:00,21.40833333333333,63.0,501.25,37.75,993.9916666666667
2023-09-22 05:00:00,21.375,63.916666666666664,501.9166666666667,38.333333333333336,993.85
2023-09-22 06:00:00,21.34166666666667,65.0,490.8333333333333,38.75,993.25
2023-09-22 07:00:00,21.266666666666666,65.0,500.5,41.0,992.9250000000001
2023-09-22 08:00:00,20.833333333333332,65.16666666666667,483.0,39.416666666666664,993.625
2023-09-22 09:00:00,20.400000000000002,64.33333333333333,462.8333333333333,38.833333333333336,993.9416666666666
2023-09-22 10:00:00,20.108333333333334,64.0,464.4166666666667,40.75,993.6500000000001
2023-09-22 11:00:00,19.883333333333333,64.0,451.3333333333333,42.416666666666664,993.9083333333333
2023-09-22 12:00:00,19.772727272727273,64.81818181818181,439.3636363636364,42.72727272727273,994.2090909090908
2023-09-22 13:00:00,19.9,64.83333333333333,448.0833333333333,43.583333333333336,994.7833333333333
2023-09-22 14:00:00,19.816666666666666,63.916666666666664,440.8333333333333,39.5,995.5749999999999
2023-09-22 15:00:00,19.775000000000002,63.0,431.3333333333333,39.416666666666664,995.7833333333333
2023-09-22 16:00:00,19.683333333333334,62.083333333333336,425.9166666666667,39.666666666666664,996.5833333333334
2023-09-22 17:00:00,19.508333333333333,61.0,424.5,39.25,997.1999999999999
2023-09-22 18:00:00,19.391666666666666,60.333333333333336,431.25,40.75,997.8666666666667
2023-09-22 19:00:00,19.008333333333333,60.0,428.5,42.333333333333336,998.3333333333334
2023-09-22 20:00:00,18.658333333333335,61.0,421.8333333333333,39.25,998.7416666666667
2023-09-22 21:00:00,18.441666666666666,61.5,424.6666666666667,46.0,999.0
2023-09-22 22:00:00,18.241666666666667,62.0,420.5,39.583333333333336,999.4499999999999
2023-09-22 23:00:00,17.936363636363637,62.0,418.09090909090907,44.72727272727273,999.7
2023-09-23 00:00:00,17.766666666666666,62.333333333333336,421.1666666666667,41.833333333333336,1000.1083333333335
2023-09-23 01:00:00,18.175,62.0,438.1666666666667,39.583333333333336,1000.1916666666666
2023-09-23 02:00:00,17.991666666666667,61.333333333333336,431.5833333333333,38.666666666666664,1000.2333333333332
2023-09-23 03:00:00,17.9,61.916666666666664,431.25,39.75,1000.4666666666667
2023-09-23 04:00:00,17.849999999999998,62.0,427.8333333333333,38.25,1000.5833333333334
2023-09-23 05:00:00,17.758333333333333,62.0,421.5,37.166666666666664,1000.875
2023-09-23 06:00:00,17.691666666666666,62.0,425.3333333333333,37.5,1001.3249999999999
2023-09-23 07:00:00,17.591666666666665,62.083333333333336,425.8333333333333,37.416666666666664,1001.9333333333334
2023-09-23 08:00:00,18.291666666666668,62.083333333333336,456.6666666666667,37.916666666666664,1002.5583333333334
2023-09-23 09:00:00,19.016666666666666,61.166666666666664,457.75,38.5,1003.025
2023-09-23 10:00:00,19.063636363636366,62.0,439.27272727272725,38.45454545454545,1003.4545454545455
2023-09-23 11:00:00,19.141666666666666,61.25,429.4166666666667,40.583333333333336,1003.5166666666668
2023-09-23 12:00:00,19.541666666666668,60.583333333333336,425.5833333333333,41.5,1003.6333333333333
2023-09-23 13:00:00,19.716666666666665,60.25,421.1666666666667,38.916666666666664,1004.1333333333333
2023-09-23 14:00:00,20.183333333333334,59.75,489.0833333333333,50.916666666666664,1004.5
2023-09-23 15:00:00,20.466666666666665,57.5,487.3333333333333,44.5,1004.8249999999999
2023-09-23 16:00:00,20.5,56.5,447.0833333333333,39.25,1005.1666666666666
2023-09-23 17:00:00,20.216666666666665,56.0,422.75,39.833333333333336,1005.5166666666668
2023-09-23 18:00:00,20.14166666666667,56.0,448.3333333333333,40.083333333333336,1005.8833333333333
2023-09-23 19:00:00,20.116666666666667,57.0,457.6666666666667,39.583333333333336,1006.15
2023-09-23 20:00:00,19.908333333333335,57.0,431.25,38.75,1006.5749999999999
2023-09-23 21:00:00,19.8,57.18181818181818,439.0,45.63636363636363,1007.0181818181819
2023-09-23 22:00:00,19.308333333333334,58.0,442.1666666666667,50.25,1007.3333333333334
2023-09-23 23:00:00,18.716666666666665,57.916666666666664,449.0833333333333,42.916666666666664,1008.0
2023-09-24 00:00:00,19.516666666666666,56.416666666666664,439.9166666666667,37.416666666666664,1008.6750000000001
2023-09-24 01:00:00,19.758333333333333,54.416666666666664,430.9166666666667,37.0,1009.5333333333333
2023-09-24 02:00:00,19.974999999999998,52.833333333333336,431.0833333333333,37.0,1010.35
2023-09-24 03:00:00,20.0,51.75,441.0,36.75,1011.0749999999999
2023-09-24 04:00:00,20.0,50.666666666666664,447.4166666666667,36.666666666666664,1011.9416666666666
2023-09-24 05:00:00,20.008333333333333,50.0,457.25,36.5,1012.725
2023-09-24 06:00:00,20.083333333333332,49.166666666666664,442.25,36.5,1013.6
2023-09-24 07:00:00,20.1,49.0,450.5,36.5,1014.5749999999999
2023-09-24 08:00:00,20.12727272727273,48.45454545454545,441.45454545454544,36.63636363636363,1015.5909090909091
2023-09-24 09:00:00,20.275000000000002,48.0,433.8333333333333,36.75,1016.4166666666666
2023-09-24 10:00:00,20.591666666666665,47.833333333333336,433.5833333333333,38.666666666666664,1017.4916666666667
2023-09-24 11:00:00,20.825,46.5,435.9166666666667,37.0,1018.2583333333333
2023-09-24 12:00:00,20.9,45.25,426.75,37.083333333333336,1018.7583333333333
2023-09-24 13:00:00,20.841666666666665,44.333333333333336,430.4166666666667,36.916666666666664,1019.2833333333333
2023-09-24 14:00:00,20.8,44.0,424.4166666666667,37.25,1019.9583333333334
2023-09-24 15:00:00,20.8,44.083333333333336,426.75,38.0,1020.5333333333333
2023-09-24 16:00:00,20.783333333333335,45.25,425.75,42.333333333333336,1020.5749999999999
2023-09-24 17:00:00,20.783333333333335,46.5,430.25,38.75,1020.4666666666667
2023-09-24 18:00:00,20.85833333333333,47.666666666666664,428.1666666666667,38.083333333333336,1020.5416666666666
2023-09-24 19:00:00,20.9,48.72727272727273,435.09090909090907,38.72727272727273,1020.7727272727273
2023-09-24 20:00:00,20.966666666666665,49.666666666666664,446.0,42.916666666666664,1021.0666666666666
2023-09-24 21:00:00,20.849999999999998,51.0,464.0833333333333,43.583333333333336,1021.125
2023-09-24 22:00:00,20.525000000000002,52.166666666666664,444.8333333333333,40.833333333333336,1021.1833333333334
2023-09-24 23:00:00,20.599999999999998,54.416666666666664,475.4166666666667,38.75,1021.0583333333334
2023-09-25 00:00:00,20.941666666666666,55.0,469.3333333333333,38.25,1020.8083333333333
2023-09-25 01:00:00,20.90833333333333,55.0,524.9166666666666,37.083333333333336,1020.8583333333332
2023-09-25 02:00:00,20.925,55.0,527.6666666666666,37.0,1020.6583333333333
2023-09-25 03:00:00,21.0,55.0,538.3333333333334,37.0,1020.3833333333333
2023-09-25 04:00:00,20.933333333333334,54.166666666666664,518.1666666666666,37.083333333333336,1019.9583333333334
2023-09-25 05:00:00,20.5,54.18181818181818,460.45454545454544,37.18181818181818,1019.5454545454545
2023-09-25 06:00:00,20.163636363636364,55.0,456.45454545454544,37.81818181818182,1019.4181818181819
2023-09-25 07:00:00,20.375,55.75,495.1666666666667,38.083333333333336,1018.9166666666666
2023-09-25 08:00:00,20.216666666666665,56.0,493.3333333333333,38.5,1018.6
2023-09-25 09:00:00,20.275000000000002,56.0,490.8333333333333,48.5,1018.7583333333333
2023-09-25 10:00:00,20.125,56.75,428.5,45.25,1018.6500000000001
2023-09-25 11:00:00,20.241666666666667,57.0,451.6666666666667,47.833333333333336,1018.3833333333333
2023-09-25 12:00:00,20.816666666666666,56.916666666666664,483.75,45.666666666666664,1018.0833333333334
2023-09-25 13:00:00,21.066666666666666,56.0,469.0,43.333333333333336,1018.5083333333333
2023-09-25 14:00:00,21.383333333333336,56.916666666666664,521.6666666666666,41.0,1018.5833333333334
2023-09-25 15:00:00,21.358333333333334,57.0,467.5833333333333,39.333333333333336,1018.6833333333334
2023-09-25 16:00:00,21.183333333333334,56.083333333333336,472.8333333333333,40.416666666666664,1018.4583333333334
2023-09-25 17:00:00,21.2,56.36363636363637,471.90909090909093,39.27272727272727,1018.3363636363637
2023-09-25 18:00:00,21.325,57.583333333333336,556.3333333333334,41.666666666666664,1018.4916666666667
2023-09-25 19:00:00,21.53333333333333,58.0,565.75,40.833333333333336,1018.625
2023-09-25 20:00:00,21.916666666666668,58.0,545.3333333333334,41.166666666666664,1018.9250000000001
2023-09-25 21:00:00,22.066666666666666,57.5,518.75,40.333333333333336,1019.3000000000001
2023-09-25 22:00:00,22.166666666666668,58.0,613.5,44.0,1019.5749999999999
2023-09-25 23:00:00,22.34166666666667,58.0,599.8333333333334,38.666666666666664,1019.9416666666666
2023-09-26 00:00:00,22.474999999999998,58.333333333333336,543.0833333333334,42.916666666666664,1020.0833333333334
2023-09-26 01:00:00,22.333333333333332,58.0,567.3333333333334,43.583333333333336,1020.3916666666668
2023-09-26 02:00:00,21.733333333333334,58.083333333333336,500.6666666666667,40.5,1020.725
2023-09-26 03:00:00,20.491666666666667,59.666666666666664,450.9166666666667,38.833333333333336,1020.975
2023-09-26 04:00:00,20.19090909090909,60.63636363636363,449.09090909090907,37.45454545454545,1021.1272727272727
2023-09-26 05:00:00,19.891666666666666,61.0,443.0,37.75,1021.3166666666666
2023-09-26 06:00:00,19.675,62.0,440.5,37.916666666666664,1021.4666666666667
2023-09-26 07:00:00,19.433333333333334,62.333333333333336,436.5833333333333,38.75,1021.6333333333333
2023-09-26 08:00:00,19.2,63.083333333333336,438.5833333333333,38.666666666666664,1022.1833333333334
2023-09-26 09:00:00,19.416666666666668,64.0,442.0,39.916666666666664,1022.65
2023-09-26 10:00:00,19.9,63.333333333333336,431.9166666666667,43.833333333333336,1022.9583333333334
2023-09-26 11:00:00,19.933333333333334,62.416666666666664,425.25,40.666666666666664,1023.1500000000001
2023-09-26 12:00:00,20.141666666666666,61.583333333333336,429.0,39.916666666666664,1023.1750000000001
2023-09-26 13:00:00,20.316666666666666,60.25,434.0833333333333,39.166666666666664,1022.9166666666666
2023-09-26 14:00:00,20.633333333333336,59.333333333333336,444.0,41.0,1022.4166666666666
2023-09-26 15:00:00,20.7,59.0,454.09090909090907,44.09090909090909,1021.9818181818181
2023-09-26 16:00:00,20.983333333333334,60.083333333333336,533.6666666666666,47.25,1021.8416666666667
2023-09-26 17:00:00,21.108333333333334,60.333333333333336,487.3333333333333,41.0,1021.5833333333334
2023-09-26 18:00:00,21.233333333333334,61.0,520.25,43.083333333333336,1021.5
2023-09-26 19:00:00,21.400000000000002,61.0,575.25,44.75,1021.2833333333333
2023-09-26 20:00:00,21.216666666666665,61.166666666666664,554.0833333333334,43.75,1021.0583333333334
2023-09-26 21:00:00,21.258333333333333,61.083333333333336,489.0,38.916666666666664,1020.6666666666666
2023-09-26 22:00:00,21.61666666666667,58.916666666666664,487.6666666666667,38.75,1020.4083333333333
2023-09-26 23:00:00,21.53333333333333,57.083333333333336,490.5,43.333333333333336,1020.1083333333332
2023-09-27 00:00:00,20.974999999999998,56.0,487.6666666666667,37.666666666666664,1019.6083333333332
2023-09-27 01:00:00,20.166666666666668,57.0,478.1666666666667,37.166666666666664,1019.0833333333334
2023-09-27 02:00:00,19.89090909090909,57.45454545454545,463.1818181818182,36.81818181818182,1018.6181818181819
2023-09-27 03:00:00,19.691666666666666,58.083333333333336,449.5833333333333,37.0,1018.2666666666668
2023-09-27 04:00:00,19.525000000000002,59.0,463.9166666666667,36.833333333333336,1017.6166666666667
2023-09-27 05:00:00,19.5,59.916666666666664,455.1666666666667,36.833333333333336,1016.975
2023-09-27 06:00:00,19.5,60.916666666666664,456.3333333333333,37.75,1016.7166666666667
2023-09-27 07:00:00,19.650000000000002,61.75,479.25,40.25,1016.4166666666666
2023-09-27 08:00:00,20.375,61.083333333333336,466.0,38.083333333333336,1015.9416666666666
2023-09-27 09:00:00,20.59166666666667,61.5,453.25,38.916666666666664,1016.375
2023-09-27 10:00:00,20.666666666666668,62.0,480.3333333333333,39.0,1016.4333333333334
2023-09-27 11:00:00,20.883333333333333,63.0,489.4166666666667,41.583333333333336,1016.7583333333333
2023-09-27 12:00:00,21.025000000000002,63.0,489.4166666666667,40.0,1016.8666666666667
2023-09-27 13:00:00,21.227272727272727,63.0,492.1818181818182,40.54545454545455,1016.9545454545455
2023-09-27 14:00:00,21.666666666666668,62.0,510.25,41.0,1017.0
2023-09-27 15:00:00,22.53333333333333,61.166666666666664,579.6666666666666,43.333333333333336,1017.1583333333333
2023-09-27 16:00:00,22.191666666666666,60.083333333333336,525.6666666666666,43.916666666666664,1017.2416666666667
2023-09-27 17:00:00,22.183333333333334,59.833333333333336,534.4166666666666,41.416666666666664,1017.3916666666668
2023-09-27 18:00:00,22.633333333333336,59.083333333333336,513.0,39.5,1017.7916666666666
2023-09-27 19:00:00,23.191666666666666,57.583333333333336,575.75,45.916666666666664,1018.4333333333334
2023-09-27 20:00:00,23.016666666666666,57.0,547.5,44.75,1018.5083333333333
2023-09-27 21:00:00,22.691666666666666,57.0,512.5,38.916666666666664,1018.1416666666668
2023-09-27 22:00:00,22.441666666666666,57.0,502.0833333333333,38.583333333333336,1018.3249999999999
2023-09-27 23:00:00,21.641666666666666,57.25,494.4166666666667,39.583333333333336,1018.2833333333333
2023-09-28 00:00:00,20.863636363636363,58.0,478.27272727272725,37.63636363636363,1018.1
2023-09-28 01:00:00,20.64166666666667,58.0,520.1666666666666,38.666666666666664,1017.7083333333334
2023-09-28 02:00:00,19.991666666666667,58.0,477.3333333333333,36.916666666666664,1017.5500000000001
2023-09-28 03:00:00,19.283333333333335,58.083333333333336,448.6666666666667,36.666666666666664,1016.9416666666666
2023-09-28 04:00:00,18.925,59.0,440.5833333333333,36.833333333333336,1016.1583333333333
2023-09-28 05:00:00,18.724999999999998,59.166666666666664,456.4166666666667,36.833333333333336,1015.875
2023-09-28 06:00:00,18.733333333333334,60.0,445.9166666666667,37.666666666666664,1015.1
2023-09-28 07:00:00,18.825,61.166666666666664,443.0,38.166666666666664,1014.4416666666666
2023-09-28 08:00:00,19.008333333333333,62.583333333333336,453.25,38.416666666666664,1013.7916666666666
2023-09-28 09:00:00,19.391666666666666,63.333333333333336,480.75,40.333333333333336,1012.4833333333332
2023-09-28 10:00:00,20.316666666666666,62.833333333333336,470.75,39.083333333333336,1011.8833333333333
2023-09-28 11:00:00,20.654545454545456,62.0,494.54545454545456,42.72727272727273,1011.2363636363636
2023-09-28 12:00:00,21.041666666666668,62.25,504.6666666666667,41.75,1010.5749999999999
2023-09-28 13:00:00,21.175,63.583333333333336,491.0833333333333,39.333333333333336,1010.5
2023-09-28 14:00:00,21.1,64.0,469.4166666666667,38.583333333333336,1010.3166666666666
2023-09-28 15:00:00,21.083333333333332,64.58333333333333,473.6666666666667,39.416666666666664,1010.3166666666666
2023-09-28 16:00:00,20.974999999999998,65.0,468.5833333333333,40.416666666666664,1010.4499999999999
2023-09-28 17:00:00,21.2,63.333333333333336,501.75,46.833333333333336,1010.7083333333334
2023-09-28 18:00:00,20.925,62.0,453.75,38.416666666666664,1011.1333333333333
2023-09-28 19:00:00,20.716666666666665,62.0,450.75,40.583333333333336,1011.3333333333334
2023-09-28 20:00:00,20.608333333333334,62.333333333333336,461.8333333333333,39.75,1011.4166666666666
2023-09-28 21:00:00,20.6,63.0,456.6666666666667,38.166666666666664,1011.5166666666668
2023-09-28 22:00:00,20.581818181818182,63.0,447.1818181818182,38.63636363636363,1011.8363636363637
2023-09-28 23:00:00,20.558333333333334,63.0,457.5,39.0,1011.875
2023-09-29 00:00:00,20.64166666666667,62.75,468.1666666666667,37.833333333333336,1011.6833333333334
2023-09-29 01:00:00,20.433333333333334,63.0,453.0833333333333,36.916666666666664,1011.4666666666667
2023-09-29 02:00:00,20.333333333333332,63.0,448.75,36.833333333333336,1011.1
2023-09-29 03:00:00,20.3,62.666666666666664,441.4166666666667,36.416666666666664,1011.0583333333334
2023-09-29 04:00:00,20.216666666666665,62.0,449.6666666666667,36.5,1010.5666666666666
2023-09-29 05:00:00,20.2,62.0,449.0,36.5,1010.1666666666666
2023-09-29 06:00:00,20.14166666666667,62.0,445.4166666666667,36.916666666666664,1009.8000000000001
2023-09-29 07:00:00,20.108333333333334,62.833333333333336,450.75,37.0,1009.5333333333333
2023-09-29 08:00:00,20.041666666666668,63.0,450.0,37.333333333333336,1009.4
2023-09-29 09:00:00,19.972727272727273,63.0,448.45454545454544,37.36363636363637,1009.2727272727273
2023-09-29 10:00:00,20.05,63.0,443.6666666666667,37.833333333333336,1009.3666666666667
2023-09-29 11:00:00,20.158333333333335,63.0,443.9166666666667,37.75,1009.3416666666667
2023-09-29 12:00:00,20.23333333333333,62.833333333333336,446.75,49.333333333333336,1009.2833333333333
2023-09-29 13:00:00,20.258333333333333,61.666666666666664,434.9166666666667,39.833333333333336,1009.2083333333334
2023-09-29 14:00:00,20.191666666666666,60.916666666666664,453.9166666666667,41.0,1008.7833333333333
2023-09-29 15:00:00,20.224999999999998,60.416666666666664,435.4166666666667,37.833333333333336,1008.4083333333333
2023-09-29 16:00:00,20.0,61.416666666666664,434.25,38.0,1007.8833333333333
2023-09-29 17:00:00,19.766666666666666,62.0,430.8333333333333,37.833333333333336,1007.0583333333334
2023-09-29 18:00:00,19.5,62.666666666666664,429.8333333333333,38.25,1006.6416666666668
2023-09-29 19:00:00,19.48333333333333,63.333333333333336,461.6666666666667,44.333333333333336,1006.6666666666666
2023-09-29 20:00:00,20.418181818181818,62.54545454545455,507.45454545454544,46.81818181818182,1006.8272727272728
2023-09-29 21:00:00,19.983333333333334,61.916666666666664,458.8333333333333,38.416666666666664,1006.5833333333334
2023-09-29 22:00:00,19.5,62.916666666666664,435.5,39.916666666666664,1006.3666666666667
2023-09-29 23:00:00,20.733333333333334,62.583333333333336,551.5,45.083333333333336,1006.6999999999999
2023-09-30 00:00:00,20.991666666666667,59.583333333333336,530.5833333333334,43.583333333333336,1007.1833333333334
2023-09-30 01:00:00,19.358333333333334,59.0,431.5833333333333,37.0,1007.2083333333334
2023-09-30 02:00:00,18.825,59.75,423.75,36.75,1007.3083333333334
2023-09-30 03:00:00,18.633333333333336,60.0,419.75,37.833333333333336,1007.1999999999999
2023-09-30 04:00:00,18.941666666666666,60.0,462.4166666666667,37.25,1007.0500000000001
2023-09-30 05:00:00,19.441666666666666,59.25,497.3333333333333,36.833333333333336,1007.0666666666666
2023-09-30 06:00:00,19.508333333333333,58.5,475.8333333333333,36.583333333333336,1006.8666666666667
2023-09-30 07:00:00,19.536363636363635,58.0,478.45454545454544,36.90909090909091,1007.0090909090909
2023-09-30 08:00:00,19.900000000000002,57.416666666666664,500.1666666666667,37.0,1007.3916666666668
2023-09-30 09:00:00,20.616666666666667,56.25,597.5833333333334,37.75,1007.8249999999999
2023-09-30 10:00:00,21.175,55.5,669.8333333333334,38.416666666666664,1008.4333333333334
2023-09-30 11:00:00,21.758333333333336,54.333333333333336,573.8333333333334,40.25,1009.4333333333334
2023-09-30 12:00:00,22.150000000000002,54.5,550.8333333333334,41.166666666666664,1010.0333333333333
2023-09-30 13:00:00,21.983333333333334,53.0,489.6666666666667,40.333333333333336,1010.625
2023-09-30 14:00:00,21.55,52.5,453.5,38.75,1010.7666666666668
2023-09-30 15:00:00,21.291666666666668,52.416666666666664,443.1666666666667,40.75,1011.0
2023-09-30 16:00:00,20.48333333333333,53.75,440.75,47.416666666666664,1011.0166666666668
2023-09-30 17:00:00,20.008333333333333,55.0,434.5833333333333,45.333333333333336,1011.2416666666667
2023-09-30 18:00:00,19.318181818181817,56.0,417.45454545454544,39.54545454545455,1011.5818181818181
2023-09-30 19:00:00,18.508333333333333,56.666666666666664,408.0,39.083333333333336,1011.9166666666666
2023-09-30 20:00:00,18.275000000000002,54.916666666666664,415.5833333333333,40.916666666666664,1012.1916666666666
2023-09-30 21:00:00,17.708333333333332,54.5,418.1666666666667,39.166666666666664,1012.4499999999999
2023-09-30 22:00:00,19.091666666666665,54.25,627.5833333333334,41.25,1012.5583333333334
2023-09-30 23:00:00,20.583333333333332,52.583333333333336,832.5833333333334,41.583333333333336,1013.125
2023-10-01 00:00:00,21.266666666666666,51.583333333333336,875.5,38.333333333333336,1013.225
2023-10-01 01:00:00,21.241666666666667,50.5,710.75,37.75,1013.5
2023-10-01 02:00:00,20.75,49.0,615.3333333333334,37.833333333333336,1013.6416666666668
2023-10-01 03:00:00,20.916666666666668,48.333333333333336,645.1666666666666,38.166666666666664,1013.6750000000001
2023-10-01 04:00:00,21.0,47.166666666666664,614.5833333333334,37.416666666666664,1013.85
2023-10-01 05:00:00,20.927272727272726,46.0,591.7272727272727,37.18181818181818,1013.9636363636364
2023-10-01 06:00:00,20.658333333333335,45.083333333333336,569.1666666666666,37.75,1014.1583333333333
2023-10-01 07:00:00,19.400000000000002,44.833333333333336,518.6666666666666,38.083333333333336,1014.4666666666667
2023-10-01 08:00:00,18.224999999999998,45.5,497.9166666666667,37.416666666666664,1014.8000000000001
2023-10-01 09:00:00,18.358333333333334,48.333333333333336,460.8333333333333,37.416666666666664,1015.1583333333333
2023-10-01 10:00:00,19.658333333333335,49.583333333333336,483.1666666666667,37.25,1015.4
2023-10-01 11:00:00,20.558333333333334,49.583333333333336,518.1666666666666,37.916666666666664,1015.5
2023-10-01 12:00:00,20.9,48.583333333333336,501.8333333333333,37.833333333333336,1015.8666666666667
2023-10-01 13:00:00,20.575,46.166666666666664,430.8333333333333,44.916666666666664,1015.9583333333334
2023-10-01 14:00:00,20.325,44.333333333333336,422.4166666666667,42.333333333333336,1015.725
2023-10-01 15:00:00,19.941666666666666,43.0,411.9166666666667,42.25,1015.5833333333334
2023-10-01 16:00:00,19.681818181818183,43.0,420.09090909090907,41.18181818181818,1015.5
2023-10-01 17:00:00,19.433333333333334,44.166666666666664,413.3333333333333,39.166666666666664,1015.1416666666668
2023-10-01 18:00:00,18.983333333333334,46.416666666666664,408.5,38.083333333333336,1015.1666666666666
2023-10-01 19:00:00,18.558333333333334,48.833333333333336,401.5,39.583333333333336,1015.1833333333334
2023-10-01 20:00:00,18.833333333333332,50.833333333333336,423.75,44.666666666666664,1015.1166666666667
2023-10-01 21:00:00,19.266666666666666,52.333333333333336,421.25,38.583333333333336,1014.9499999999999
2023-10-01 22:00:00,19.841666666666665,53.166666666666664,476.5,41.25,1014.6166666666667
2023-10-01 23:00:00,20.616666666666667,55.583333333333336,568.0,41.666666666666664,1014.1416666666668
2023-10-02 00:00:00,21.366666666666664,55.083333333333336,502.0,43.166666666666664,1013.7416666666667
2023-10-02 01:00:00,21.15,55.166666666666664,492.4166666666667,37.75,1013.1916666666666
2023-10-02 02:00:00,19.974999999999998,57.333333333333336,454.5833333333333,37.083333333333336,1012.275
2023-10-02 03:00:00,19.845454545454547,59.27272727272727,453.54545454545456,36.81818181818182,1011.8
2023-10-02 04:00:00,20.166666666666668,60.0,473.4166666666667,36.916666666666664,1011.5916666666667
2023-10-02 05:00:00,20.116666666666667,60.0,458.9166666666667,36.666666666666664,1011.3583333333332
2023-10-02 06:00:00,20.0,61.0,453.25,37.083333333333336,1011.025
2023-10-02 07:00:00,20.033333333333335,61.0,457.3333333333333,37.0,1010.9833333333332
2023-10-02 08:00:00,20.1,61.0,464.0833333333333,37.166666666666664,1011.1333333333333
2023-10-02 09:00:00,20.191666666666666,61.0,471.8333333333333,37.583333333333336,1011.2916666666666
2023-10-02 10:00:00,20.858333333333334,62.666666666666664,541.5833333333334,39.25,1011.3833333333333
2023-10-02 11:00:00,21.974999999999998,62.833333333333336,626.6666666666666,43.25,1011.5916666666667
2023-10-02 12:00:00,22.275000000000002,59.833333333333336,515.9166666666666,38.75,1011.625
2023-10-02 13:00:00,22.3,57.333333333333336,488.6666666666667,38.083333333333336,1011.475
2023-10-02 14:00:00,22.154545454545453,56.0,497.90909090909093,40.63636363636363,1011.3272727272728
2023-10-02 15:00:00,22.291666666666668,55.5,507.4166666666667,39.416666666666664,1011.1750000000001
2023-10-02 16:00:00,22.900000000000002,54.583333333333336,547.5,41.25,1010.8583333333332
2023-10-02 17:00:00,23.0,54.0,530.0,38.916666666666664,1010.6999999999999
2023-10-02 18:00:00,23.21666666666667,54.5,597.8333333333334,44.916666666666664,1010.7083333333334
2023-10-02 19:00:00,23.316666666666666,54.0,623.9166666666666,43.083333333333336,1010.6
2023-10-02 20:00:00,22.633333333333336,54.0,498.5,38.833333333333336,1010.4
2023-10-02 21:00:00,22.600000000000005,53.416666666666664,510.0833333333333,39.5,1010.1333333333333
2023-10-02 22:00:00,22.59166666666667,53.0,508.5833333333333,37.833333333333336,1009.9083333333333
2023-10-02 23:00:00,22.333333333333332,51.833333333333336,504.25,37.416666666666664,1009.6750000000001
2023-10-03 00:00:00,22.025000000000002,50.416666666666664,495.5833333333333,37.083333333333336,1009.5666666666666
2023-10-03 01:00:00,21.754545454545454,49.18181818181818,497.8181818181818,37.36363636363637,1009.2636363636364
2023-10-03 02:00:00,21.575000000000003,48.166666666666664,501.8333333333333,37.0,1008.8333333333334
2023-10-03 03:00:00,21.45,48.083333333333336,485.5833333333333,36.916666666666664,1007.9916666666667
2023-10-03 04:00:00,21.40833333333333,49.0,482.3333333333333,37.0,1007.3916666666668
2023-10-03 05:00:00,21.266666666666666,49.0,482.0,37.0,1006.5166666666668
2023-10-03 06:00:00,21.224999999999998,49.0,475.3333333333333,37.083333333333336,1005.4499999999999
2023-10-03 07:00:00,21.216666666666665,49.583333333333336,473.1666666666667,37.333333333333336,1004.5916666666667
2023-10-03 08:00:00,21.283333333333335,50.0,487.3333333333333,40.0,1003.8249999999999
2023-10-03 09:00:00,22.058333333333334,50.0,556.3333333333334,38.833333333333336,1003.5500000000001
2023-10-03 10:00:00,22.258333333333336,50.0,530.9166666666666,43.416666666666664,1003.0
2023-10-03 11:00:00,22.3,50.0,569.4166666666666,48.166666666666664,1002.3916666666668
2023-10-03 12:00:00,20.163636363636364,51.0,424.54545454545456,44.0,1001.6181818181817
2023-10-03 13:00:00,20.466666666666665,51.0,429.8333333333333,39.833333333333336,1000.8000000000001
2023-10-03 14:00:00,20.566666666666666,51.0,426.1666666666667,42.166666666666664,1000.2583333333333
2023-10-03 15:00:00,20.891666666666666,50.416666666666664,438.75,42.75,1000.0416666666666
2023-10-03 16:00:00,20.974999999999998,49.916666666666664,448.5,45.166666666666664,999.975
2023-10-03 17:00:00,20.8,49.5,445.0833333333333,42.083333333333336,1000.0666666666666
2023-10-03 18:00:00,20.474999999999998,50.25,428.4166666666667,39.833333333333336,1000.0916666666667
2023-10-03 19:00:00,20.341666666666665,51.333333333333336,440.6666666666667,42.75,1000.1833333333334
2023-10-03 20:00:00,19.991666666666667,52.0,429.3333333333333,40.666666666666664,1000.2333333333332
2023-10-03 21:00:00,18.966666666666665,53.25,422.0,49.833333333333336,1000.3916666666665
2023-10-03 22:00:00,18.183333333333334,54.0,401.0833333333333,46.166666666666664,1000.4583333333334
2023-10-03 23:00:00,17.71818181818182,53.36363636363637,395.27272727272725,44.09090909090909,1000.6181818181819
2023-10-04 00:00:00,17.25,53.0,384.75,37.583333333333336,1000.6166666666667
2023-10-04 01:00:00,17.150000000000002,53.0,393.5,39.0,1000.6333333333333
2023-10-04 02:00:00,18.133333333333333,52.416666666666664,420.25,37.5,1000.8249999999999
2023-10-04 03:00:00,18.35833333333333,52.0,414.5,37.0,1000.9666666666667
2023-10-04 04:00:00,18.4,52.0,411.5,37.166666666666664,1001.1416666666668
2023-10-04 05:00:00,18.466666666666665,51.916666666666664,420.5,37.333333333333336,1001.2666666666668
2023-10-04 06:00:00,18.349999999999998,51.0,423.0,37.25,1001.5833333333334
2023-10-04 07:00:00,18.375,50.833333333333336,415.5833333333333,37.916666666666664,1002.1166666666667
2023-10-04 08:00:00,19.016666666666666,50.0,450.8333333333333,39.0,1002.8833333333333
2023-10-04 09:00:00,19.616666666666667,48.75,421.0833333333333,40.166666666666664,1003.7583333333333
2023-10-04 10:00:00,20.39090909090909,49.90909090909091,472.8181818181818,42.18181818181818,1004.3909090909091
2023-10-04 11:00:00,20.675,46.75,415.9166666666667,39.916666666666664,1004.8916666666668
2023-10-04 12:00:00,20.841666666666665,45.416666666666664,427.8333333333333,41.0,1005.4499999999999
2023-10-04 13:00:00,21.05,45.833333333333336,509.25,46.166666666666664,1005.9083333333333
2023-10-04 14:00:00,21.125,44.666666666666664,518.3333333333334,43.083333333333336,1006.275
2023-10-04 15:00:00,21.2,44.0,479.0833333333333,40.666666666666664,1006.6583333333333
2023-10-04 16:00:00,21.075,44.0,464.75,38.833333333333336,1006.8000000000001
2023-10-04 17:00:00,20.766666666666666,43.0,439.3333333333333,40.083333333333336,1006.7916666666666
2023-10-04 18:00:00,20.258333333333333,43.416666666666664,427.0833333333333,39.0,1006.8249999999999
2023-10-04 19:00:00,19.791666666666668,44.0,427.5833333333333,39.25,1006.6166666666667
2023-10-04 20:00:00,19.166666666666668,45.166666666666664,430.0833333333333,41.25,1006.2083333333334
2023-10-04 21:00:00,17.71818181818182,47.27272727272727,410.8181818181818,45.27272727272727,1005.7454545454547
2023-10-04 22:00:00,18.841666666666665,48.0,460.3333333333333,42.333333333333336,1005.35
2023-10-04 23:00:00,19.55,49.333333333333336,466.5833333333333,38.416666666666664,1004.5166666666668
2023-10-05 00:00:00,19.666666666666668,50.666666666666664,451.5,37.166666666666664,1003.9250000000001
2023-10-05 01:00:00,19.59166666666667,51.75,452.4166666666667,37.0,1003.3416666666667
2023-10-05 02:00:00,19.458333333333332,52.0,461.5833333333333,37.166666666666664,1003.475
2023-10-05 03:00:00,19.325,52.0,448.4166666666667,37.0,1003.6166666666667
2023-10-05 04:00:00,19.2,52.0,455.25,37.083333333333336,1004.0833333333334
2023-10-05 05:00:00,19.325,51.0,475.8333333333333,37.0,1004.725
2023-10-05 06:00:00,19.183333333333334,50.333333333333336,463.3333333333333,37.416666666666664,1005.7166666666667
2023-10-05 07:00:00,18.541666666666668,49.75,458.0833333333333,40.833333333333336,1006.5916666666667
2023-10-05 08:00:00,18.490909090909092,49.0,421.3636363636364,37.36363636363637,1007.7272727272727
2023-10-05 09:00:00,19.233333333333334,48.0,422.25,37.833333333333336,1009.3333333333334
2023-10-05 10:00:00,20.3,46.416666666666664,420.8333333333333,37.666666666666664,1010.6666666666666
2023-10-05 11:00:00,20.558333333333334,45.0,420.1666666666667,38.0,1012.0083333333333
2023-10-05 12:00:00,20.64166666666667,43.916666666666664,417.0833333333333,37.833333333333336,1012.7833333333333
2023-10-05 13:00:00,20.7,42.666666666666664,419.9166666666667,37.833333333333336,1013.3666666666667
2023-10-05 14:00:00,20.658333333333335,42.0,419.8333333333333,38.916666666666664,1013.6
2023-10-05 15:00:00,20.541666666666668,41.666666666666664,427.75,38.083333333333336,1014.2166666666667
2023-10-05 16:00:00,20.45,41.0,422.8333333333333,38.416666666666664,1014.5749999999999
2023-10-05 17:00:00,20.341666666666665,41.0,429.0,38.666666666666664,1014.7833333333333
2023-10-05 18:00:00,20.133333333333333,42.0,437.25,38.166666666666664,1015.3083333333334
2023-10-05 19:00:00,19.61818181818182,42.81818181818182,437.54545454545456,39.09090909090909,1015.6090909090909
2023-10-05 20:00:00,19.125,43.0,460.4166666666667,37.416666666666664,1015.8499999999999
2023-10-05 21:00:00,18.683333333333334,43.916666666666664,432.5833333333333,37.666666666666664,1015.7916666666666
2023-10-05 22:00:00,18.408333333333335,44.416666666666664,425.5,37.416666666666664,1015.6500000000001
2023-10-05 23:00:00,18.2,45.0,418.25,37.25,1015.3083333333334
2023-10-06 00:00:00,17.916666666666668,45.333333333333336,418.75,41.583333333333336,1014.775
2023-10-06 01:00:00,16.958333333333332,47.833333333333336,412.0833333333333,41.5,1014.3416666666667
2023-10-06 02:00:00,17.608333333333334,47.916666666666664,411.3333333333333,38.166666666666664,1013.8416666666667
2023-10-06 03:00:00,17.891666666666666,48.0,410.4166666666667,37.166666666666664,1013.0833333333334
2023-10-06 04:00:00,18.091666666666665,48.666666666666664,413.8333333333333,37.0,1012.125
2023-10-06 05:00:00,18.2,49.583333333333336,420.9166666666667,37.0,1011.1
2023-10-06 06:00:00,18.354545454545452,50.36363636363637,426.1818181818182,37.54545454545455,1009.9181818181819
2023-10-06 07:00:00,18.4,51.083333333333336,428.9166666666667,37.5,1008.7166666666667
2023-10-06 08:00:00,18.191666666666666,52.0,411.0,38.0,1006.9916666666667
2023-10-06 09:00:00,18.083333333333332,52.333333333333336,408.5833333333333,38.666666666666664,1004.8583333333332
2023-10-06 10:00:00,18.283333333333335,53.166666666666664,382.8333333333333,39.666666666666664,1002.7666666666668
2023-10-06 11:00:00,18.458333333333332,54.666666666666664,399.6666666666667,42.25,1001.3583333333332
2023-10-06 12:00:00,19.125,57.75,490.8333333333333,53.666666666666664,999.9499999999999
2023-10-06 13:00:00,19.866666666666667,58.833333333333336,500.0,43.583333333333336,998.5583333333334
2023-10-06 14:00:00,20.108333333333334,59.583333333333336,459.1666666666667,40.083333333333336,996.8166666666666
2023-10-06 15:00:00,20.308333333333334,58.833333333333336,430.0833333333333,39.833333333333336,995.3000000000001
2023-10-06 16:00:00,20.258333333333333,58.0,422.5833333333333,40.75,993.8833333333333
2023-10-06 17:00:00,20.163636363636364,58.27272727272727,456.1818181818182,44.27272727272727,992.8363636363637
2023-10-06 18:00:00,19.858333333333334,57.833333333333336,422.5,40.0,992.2416666666667
2023-10-06 19:00:00,19.916666666666668,56.75,419.0833333333333,38.666666666666664,992.275
2023-10-06 20:00:00,20.058333333333334,55.666666666666664,416.1666666666667,37.583333333333336,991.9083333333333
2023-10-06 21:00:00,20.1,54.5,417.5,37.5,991.8583333333332
2023-10-06 22:00:00,20.1,53.916666666666664,425.75,37.0,992.4166666666666
2023-10-06 23:00:00,19.991666666666667,51.666666666666664,424.4166666666667,39.083333333333336,995.475
2023-10-07 00:00:00,19.425,47.916666666666664,417.0833333333333,37.083333333333336,998.25
2023-10-07 01:00:00,18.858333333333334,45.583333333333336,405.9166666666667,37.0,999.9666666666667
2023-10-07 02:00:00,18.375,44.25,403.4166666666667,36.583333333333336,1001.525
2023-10-07 03:00:00,17.666666666666668,44.0,397.75,36.333333333333336,1003.0083333333333
2023-10-07 04:00:00,17.09090909090909,44.0,390.09090909090907,36.36363636363637,1004.2181818181817
2023-10-07 05:00:00,17.116666666666667,43.75,383.3333333333333,36.75,1005.475
2023-10-07 06:00:00,17.016666666666666,42.75,378.4166666666667,36.5,1006.4250000000001
2023-10-07 07:00:00,16.808333333333334,41.416666666666664,377.25,36.416666666666664,1007.4083333333333
2023-10-07 08:00:00,16.616666666666667,41.0,382.3333333333333,36.416666666666664,1008.4583333333334
2023-10-07 09:00:00,16.666666666666668,41.0,382.4166666666667,36.583333333333336,1009.725
2023-10-07 10:00:00,17.533333333333335,41.416666666666664,377.6666666666667,37.0,1010.5749999999999
2023-10-07 11:00:00,18.224999999999998,40.083333333333336,380.9166666666667,37.166666666666664,1011.1916666666666
2023-10-07 12:00:00,18.599999999999998,39.666666666666664,388.25,37.333333333333336,1011.5083333333333
2023-10-07 13:00:00,18.741666666666667,38.416666666666664,388.8333333333333,37.416666666666664,1011.7083333333334
2023-10-07 14:00:00,18.6,37.666666666666664,383.9166666666667,37.083333333333336,1011.9
2023-10-07 15:00:00,18.545454545454547,36.36363636363637,382.45454545454544,37.09090909090909,1012.2818181818183
2023-10-07 16:00:00,18.349999999999998,36.0,396.5833333333333,37.416666666666664,1012.5749999999999
2023-10-07 17:00:00,18.166666666666668,35.5,410.0,37.5,1013.0500000000001
2023-10-07 18:00:00,17.75,36.5,411.3333333333333,37.333333333333336,1013.6666666666666
2023-10-07 19:00:00,17.466666666666665,37.083333333333336,412.8333333333333,37.083333333333336,1014.3666666666667
2023-10-07 20:00:00,17.016666666666666,37.75,415.9166666666667,37.0,1015.2166666666667
2023-10-07 21:00:00,16.3,38.0,413.6666666666667,37.166666666666664,1016.0333333333333
2023-10-07 22:00:00,15.533333333333333,38.0,412.0,37.0,1016.8249999999999
2023-10-07 23:00:00,14.741666666666667,38.0,404.75,37.083333333333336,1017.4
2023-10-08 00:00:00,14.125,38.75,401.0833333333333,37.166666666666664,1018.0
2023-10-08 01:00:00,13.7,38.36363636363637,380.45454545454544,36.90909090909091,1018.4454545454545
2023-10-08 02:00:00,13.441666666666668,38.0,376.8333333333333,36.583333333333336,1019.0083333333333
2023-10-08 03:00:00,13.008333333333333,38.0,371.0833333333333,36.666666666666664,1019.6666666666666
2023-10-08 04:00:00,12.608333333333334,38.083333333333336,361.8333333333333,36.416666666666664,1020.3916666666668
2023-10-08 05:00:00,12.091666666666667,38.916666666666664,360.0833333333333,36.5,1020.7416666666667
2023-10-08 06:00:00,11.691666666666668,39.0,402.5,36.083333333333336,1021.2833333333333
2023-10-08 07:00:00,11.408333333333333,39.0,399.4166666666667,36.333333333333336,1021.9416666666666
2023-10-08 08:00:00,11.941666666666668,39.833333333333336,403.6666666666667,36.5,1022.3833333333333
2023-10-08 09:00:00,13.950000000000001,39.416666666666664,411.8333333333333,36.75,1023.2416666666667
2023-10-08 10:00:00,15.572727272727274,38.90909090909091,413.8181818181818,36.81818181818182,1023.7727272727273
2023-10-08 11:00:00,16.508333333333333,38.0,422.5833333333333,37.0,1024.2583333333334
2023-10-08 12:00:00,17.099999999999998,37.166666666666664,427.75,37.416666666666664,1024.6666666666667
2023-10-08 13:00:00,17.383333333333333,36.416666666666664,432.6666666666667,37.25,1024.4166666666667
2023-10-08 14:00:00,17.275000000000002,35.25,430.4166666666667,37.0,1023.9749999999999
2023-10-08 15:00:00,17.05,34.416666666666664,422.9166666666667,37.166666666666664,1023.6
2023-10-08 16:00:00,16.9,34.0,437.0833333333333,37.25,1023.1
2023-10-08 17:00:00,16.75,34.416666666666664,428.75,37.0,1022.5833333333334
2023-10-08 18:00:00,16.441666666666666,35.583333333333336,433.1666666666667,37.5,1022.1
2023-10-08 19:00:00,15.681818181818182,37.36363636363637,430.8181818181818,38.09090909090909,1021.5363636363636
2023-10-08 20:00:00,15.141666666666666,38.0,438.1666666666667,37.5,1021.1750000000001
2023-10-08 21:00:00,14.891666666666667,38.916666666666664,424.0833333333333,37.083333333333336,1020.4833333333332
2023-10-08 22:00:00,14.866666666666667,39.833333333333336,419.0,37.0,1019.85
2023-10-08 23:00:00,14.616666666666667,40.0,423.0833333333333,37.25,1019.1666666666666
2023-10-09 00:00:00,14.508333333333333,40.0,409.3333333333333,36.916666666666664,1018.3666666666667
2023-10-09 01:00:00,14.299999999999999,40.75,420.5833333333333,36.583333333333336,1017.6999999999999
2023-10-09 02:00:00,13.783333333333333,41.0,429.4166666666667,36.75,1016.8083333333334
2023-10-09 03:00:00,13.583333333333334,41.0,414.3333333333333,36.916666666666664,1015.875
2023-10-09 04:00:00,13.136363636363637,40.81818181818182,422.90909090909093,36.90909090909091,1015.6636363636364
2023-10-09 05:00:00,12.541666666666666,40.0,420.4166666666667,36.666666666666664,1015.2083333333334
2023-10-09 06:00:00,12.116666666666667,40.0,418.0833333333333,37.166666666666664,1014.9916666666667
2023-10-09 07:00:00,11.766666666666666,40.0,409.0833333333333,37.416666666666664,1014.8833333333333
2023-10-09 08:00:00,12.15,40.916666666666664,417.0,37.666666666666664,1014.9583333333334
2023-10-09 09:00:00,14.008333333333333,40.583333333333336,418.4166666666667,37.416666666666664,1015.2833333333333
2023-10-09 10:00:00,15.533333333333333,40.0,423.0833333333333,37.166666666666664,1015.6583333333333
2023-10-09 11:00:00,16.241666666666667,40.0,422.5833333333333,37.416666666666664,1015.8249999999999
2023-10-09 12:00:00,16.518181818181816,40.0,419.72727272727275,37.54545454545455,1015.6545454545455
2023-10-09 13:00:00,16.875,40.0,421.25,38.166666666666664,1015.4499999999999
2023-10-09 14:00:00,16.933333333333334,39.5,422.8333333333333,37.75,1015.4083333333333
2023-10-09 15:00:00,16.566666666666666,39.166666666666664,420.25,38.0,1015.3333333333334
2023-10-09 16:00:00,16.474999999999998,39.25,416.0,38.0,1015.0833333333334
2023-10-09 17:00:00,16.14166666666667,40.0,421.25,37.333333333333336,1015.0666666666666
2023-10-09 18:00:00,15.791666666666666,40.666666666666664,426.75,37.75,1015.2583333333333
2023-10-09 19:00:00,15.4,41.0,430.1666666666667,37.916666666666664,1015.3583333333332
2023-10-09 20:00:00,14.85,41.0,438.3333333333333,37.25,1015.25
2023-10-09 21:00:00,14.636363636363637,41.27272727272727,458.45454545454544,37.36363636363637,1015.1636363636363
2023-10-09 22:00:00,14.508333333333333,41.0,444.9166666666667,37.333333333333336,1015.0083333333333
2023-10-09 23:00:00,13.933333333333332,41.0,427.0,36.916666666666664,1014.9916666666667
2023-10-10 00:00:00,13.741666666666667,41.916666666666664,419.25,36.916666666666664,1014.8083333333333
2023-10-10 01:00:00,13.575000000000001,42.333333333333336,411.75,36.75,1014.2833333333333
2023-10-10 02:00:00,13.633333333333333,43.0,408.9166666666667,36.583333333333336,1013.9083333333333
2023-10-10 03:00:00,13.683333333333332,43.0,411.4166666666667,37.0,1013.6
2023-10-10 04:00:00,13.733333333333334,43.916666666666664,408.4166666666667,37.083333333333336,1012.9333333333334
2023-10-10 05:00:00,13.591666666666667,44.0,411.9166666666667,37.75,1012.5
2023-10-10 06:00:00,13.318181818181818,44.0,408.45454545454544,38.09090909090909,1012.2454545454547
2023-10-10 07:00:00,13.133333333333333,44.0,408.25,38.833333333333336,1011.8249999999999
2023-10-10 08:00:00,13.458333333333334,45.0,412.25,38.166666666666664,1011.4416666666666
2023-10-10 09:00:00,15.041666666666666,45.0,422.0833333333333,37.916666666666664,1011.0416666666666
2023-10-10 10:00:00,16.308333333333334,45.0,434.0,38.083333333333336,1010.5666666666666
2023-10-10 11:00:00,17.125,45.0,439.25,37.75,1010.125
2023-10-10 12:00:00,17.525000000000002,45.0,437.1666666666667,37.75,1009.5666666666666
2023-10-10 13:00:00,17.675,45.0,437.4166666666667,37.833333333333336,1008.9583333333334
2023-10-10 14:00:00,17.583333333333332,45.0,440.6666666666667,38.416666666666664,1008.0833333333334
2023-10-10 15:00:00,17.55454545454546,45.72727272727273,435.0,38.27272727272727,1006.7727272727273
2023-10-10 16:00:00,17.625,47.75,437.4166666666667,38.333333333333336,1005.1999999999999
2023-10-10 17:00:00,17.733333333333334,50.416666666666664,447.0833333333333,38.333333333333336,1003.3000000000001
2023-10-10 18:00:00,17.825,52.5,449.0833333333333,38.083333333333336,1001.775
2023-10-10 19:00:00,17.983333333333334,54.833333333333336,457.8333333333333,40.333333333333336,1000.3583333333332
2023-10-10 20:00:00,18.5,56.916666666666664,524.75,40.083333333333336,999.25
2023-10-10 21:00:00,19.133333333333333,57.666666666666664,580.9166666666666,45.666666666666664,998.5083333333333
2023-10-10 22:00:00,19.658333333333335,58.0,614.9166666666666,42.166666666666664,997.1750000000001
2023-10-10 23:00:00,19.933333333333334,57.916666666666664,590.4166666666666,43.25,996.2833333333333
2023-10-11 00:00:00,20.4,57.0,651.2727272727273,42.81818181818182,995.3363636363637
2023-10-11 01:00:00,20.408333333333335,56.25,622.4166666666666,42.416666666666664,994.3833333333333
2023-10-11 02:00:00,20.333333333333332,57.0,643.6666666666666,42.5,993.5416666666666
2023-10-11 03:00:00,20.375,56.583333333333336,627.9166666666666,39.25,992.9499999999999
2023-10-11 04:00:00,20.266666666666666,57.0,611.9166666666666,40.333333333333336,992.025
2023-10-11 05:00:00,20.183333333333334,57.0,617.0833333333334,40.583333333333336,990.7083333333334
2023-10-11 06:00:00,20.283333333333335,57.916666666666664,622.0833333333334,40.416666666666664,990.1416666666668
2023-10-11 07:00:00,20.375,58.0,620.9166666666666,40.833333333333336,989.8666666666667
2023-10-11 08:00:00,20.741666666666667,59.5,619.6666666666666,42.5,989.8249999999999
2023-10-11 09:00:00,21.383333333333336,60.416666666666664,610.8333333333334,39.583333333333336,990.0416666666666
2023-10-11 10:00:00,21.600000000000005,56.083333333333336,557.8333333333334,38.833333333333336,990.0500000000001
2023-10-11 11:00:00,21.88181818181818,51.18181818181818,698.6363636363636,43.36363636363637,989.9818181818181
2023-10-11 12:00:00,22.316666666666666,48.75,717.6666666666666,43.583333333333336,990.0500000000001
2023-10-11 13:00:00,22.5,46.333333333333336,834.4166666666666,43.5,989.8000000000001
2023-10-11 14:00:00,22.516666666666666,44.583333333333336,699.4166666666666,43.75,989.7666666666668
2023-10-11 15:00:00,22.474999999999998,42.666666666666664,677.5833333333334,41.666666666666664,989.4250000000001
2023-10-11 16:00:00,22.3,42.0,625.25,40.833333333333336,989.5416666666666
2023-10-11 17:00:00,22.258333333333336,42.0,639.4166666666666,48.25,989.4083333333333
2023-10-11 18:00:00,22.208333333333332,41.25,665.9166666666666,43.083333333333336,989.6916666666666
2023-10-11 19:00:00,22.916666666666668,41.0,778.0,40.833333333333336,989.5166666666668
2023-10-11 20:00:00,23.5,41.166666666666664,919.25,44.25,989.0
2023-10-11 21:00:00,24.008333333333336,41.166666666666664,991.75,42.166666666666664,988.8833333333333
2023-10-11 22:00:00,24.19090909090909,41.0,947.9090909090909,43.36363636363637,988.8272727272728
2023-10-11 23:00:00,24.03333333333333,41.0,925.25,41.083333333333336,988.8666666666667
2023-10-12 00:00:00,24.100000000000005,40.416666666666664,955.6666666666666,40.583333333333336,988.9916666666667
2023-10-12 01:00:00,23.958333333333332,40.0,895.3333333333334,45.5,989.35
2023-10-12 02:00:00,23.96666666666667,39.666666666666664,988.1666666666666,39.416666666666664,989.6833333333334
2023-10-12 03:00:00,23.84166666666667,39.0,994.0833333333334,37.916666666666664,990.2166666666667
2023-10-12 04:00:00,23.8,38.833333333333336,916.9166666666666,38.083333333333336,990.6416666666668
2023-10-12 05:00:00,23.8,38.0,853.3333333333334,37.916666666666664,991.25
2023-10-12 06:00:00,23.8,37.833333333333336,849.75,37.75,992.35
2023-10-12 07:00:00,23.75,37.0,835.3333333333334,38.166666666666664,993.5333333333333
2023-10-12 08:00:00,23.7,37.0,849.0,37.916666666666664,994.6416666666668
2023-10-12 09:00:00,23.863636363636363,40.72727272727273,882.0,40.27272727272727,995.8727272727273
2023-10-12 10:00:00,24.008333333333336,41.833333333333336,758.5,38.083333333333336,997.1583333333333
2023-10-12 11:00:00,24.075000000000003,39.666666666666664,666.5833333333334,38.166666666666664,998.0833333333334
2023-10-12 12:00:00,24.100000000000005,37.833333333333336,628.1666666666666,38.166666666666664,999.4250000000001
2023-10-12 13:00:00,24.191666666666666,36.583333333333336,620.5,38.083333333333336,1000.0583333333334
2023-10-12 14:00:00,24.224999999999998,35.5,611.8333333333334,38.5,1001.0833333333334
2023-10-12 15:00:00,24.3,34.5,610.25,38.416666666666664,1001.725
2023-10-12 16:00:00,24.3,33.75,609.0,38.75,1002.5916666666667
2023-10-12 17:00:00,24.3,33.0,608.0,38.916666666666664,1003.2583333333333
2023-10-12 18:00:00,24.241666666666664,32.416666666666664,609.8333333333334,38.416666666666664,1003.775
2023-10-12 19:00:00,24.141666666666666,32.5,641.75,39.5,1004.2666666666668
2023-10-12 20:00:00,24.136363636363637,33.0,810.6363636363636,40.09090909090909,1004.8727272727273
2023-10-12 21:00:00,24.566666666666666,38.583333333333336,851.25,39.083333333333336,1005.2583333333333
2023-10-12 22:00:00,23.541666666666668,36.166666666666664,702.4166666666666,45.083333333333336,1005.3916666666665
2023-10-12 23:00:00,23.34166666666667,35.0,748.75,43.416666666666664,1005.3583333333332
2023-10-13 00:00:00,23.55,35.0,849.9166666666666,38.083333333333336,1005.6583333333333
2023-10-13 01:00:00,23.5,34.416666666666664,806.8333333333334,37.75,1005.7333333333332
2023-10-13 02:00:00,23.5,34.0,803.0833333333334,37.833333333333336,1005.5833333333334
2023-10-13 03:00:00,23.5,34.0,799.8333333333334,37.583333333333336,1005.6
2023-10-13 04:00:00,23.416666666666668,34.0,783.4166666666666,38.0,1005.1583333333333
2023-10-13 05:00:00,23.399999999999995,34.0,788.9166666666666,38.0,1004.4083333333333
2023-10-13 06:00:00,23.308333333333334,34.166666666666664,786.3333333333334,38.083333333333336,1003.5916666666667
2023-10-13 07:00:00,23.3,35.0,781.5454545454545,38.09090909090909,1002.5181818181819
2023-10-13 08:00:00,23.45,35.833333333333336,809.3333333333334,40.083333333333336,1002.0
2023-10-13 09:00:00,23.600000000000005,36.0,711.6666666666666,39.5,1001.3000000000001
2023-10-13 10:00:00,23.683333333333334,37.0,627.25,39.416666666666664,1000.2333333333332
2023-10-13 11:00:00,23.791666666666668,37.166666666666664,622.75,39.75,998.975
2023-10-13 12:00:00,24.025000000000002,38.0,752.9166666666666,41.666666666666664,997.5083333333333
2023-10-13 13:00:00,24.391666666666666,37.75,748.3333333333334,40.833333333333336,995.5416666666666
2023-10-13 14:00:00,24.625,37.0,655.1666666666666,39.0,993.275
2023-10-13 15:00:00,24.891666666666666,37.0,784.75,42.416666666666664,990.9416666666666
2023-10-13 16:00:00,25.0,37.833333333333336,901.75,39.583333333333336,988.5166666666668
2023-10-13 17:00:00,25.058333333333334,38.166666666666664,847.5,41.916666666666664,986.1666666666666
2023-10-13 18:00:00,25.0,38.0,693.4545454545455,39.63636363636363,984.5454545454545
2023-10-13 19:00:00,24.733333333333334,38.25,649.0833333333334,38.75,983.4416666666666
2023-10-13 20:00:00,24.600000000000005,39.0,634.25,38.416666666666664,982.8083333333334
2023-10-13 21:00:00,24.650000000000002,39.0,632.0833333333334,39.583333333333336,982.625
2023-10-13 22:00:00,24.724999999999998,39.833333333333336,636.8333333333334,38.416666666666664,983.0833333333334
2023-10-13 23:00:00,24.7,39.75,627.9166666666666,38.25,983.1083333333332
2023-10-14 00:00:00,24.724999999999998,39.166666666666664,740.3333333333334,38.083333333333336,983.1
2023-10-14 01:00:00,24.84166666666667,39.0,882.5833333333334,38.083333333333336,983.4250000000001
2023-10-14 02:00:00,24.75,38.083333333333336,883.4166666666666,37.75,983.3249999999999
2023-10-14 03:00:00,24.608333333333334,38.0,821.1666666666666,37.583333333333336,982.9
2023-10-14 04:00:00,24.508333333333336,38.0,835.5833333333334,37.833333333333336,982.3666666666667
2023-10-14 05:00:00,24.472727272727273,37.09090909090909,853.0,37.54545454545455,982.1454545454545
2023-10-14 06:00:00,24.399999999999995,37.0,828.9166666666666,37.5,981.2833333333333
2023-10-14 07:00:00,24.291666666666668,36.583333333333336,784.0833333333334,38.166666666666664,980.8333333333334
2023-10-14 08:00:00,23.691666666666666,36.0,669.8333333333334,38.166666666666664,981.6750000000001
2023-10-14 09:00:00,23.383333333333336,35.666666666666664,656.5833333333334,38.25,981.4583333333334
2023-10-14 10:00:00,23.150000000000002,36.0,653.5,38.666666666666664,981.2333333333332
2023-10-14 11:00:00,22.775000000000002,37.0,642.3333333333334,42.25,981.1166666666667
2023-10-14 12:00:00,23.224999999999998,39.083333333333336,661.1666666666666,42.333333333333336,981.2916666666666
2023-10-14 13:00:00,23.191666666666666,39.333333333333336,679.4166666666666,43.833333333333336,982.0916666666667
2023-10-14 14:00:00,23.308333333333334,40.416666666666664,696.6666666666666,45.583333333333336,982.8249999999999
2023-10-14 15:00:00,22.724999999999998,41.916666666666664,674.0,52.583333333333336,983.0916666666667
2023-10-14 16:00:00,22.009090909090908,42.0,584.4545454545455,48.18181818181818,983.4363636363636
2023-10-14 17:00:00,20.558333333333334,41.166666666666664,536.3333333333334,45.916666666666664,983.8333333333334
2023-10-14 18:00:00,20.833333333333332,41.0,590.0,46.0,983.9666666666667
2023-10-14 19:00:00,21.283333333333335,41.0,596.25,42.666666666666664,983.9916666666667
2023-10-14 20:00:00,21.366666666666664,40.583333333333336,597.75,41.583333333333336,984.1500000000001
2023-10-14 21:00:00,21.683333333333334,40.583333333333336,621.1666666666666,43.333333333333336,984.5916666666667
2023-10-14 22:00:00,22.191666666666666,39.666666666666664,644.5833333333334,40.25,985.5416666666666
2023-10-14 23:00:00,22.075,38.666666666666664,629.0833333333334,40.666666666666664,986.7583333333333
2023-10-15 00:00:00,21.90833333333333,38.0,636.8333333333334,45.75,987.9250000000001
2023-10-15 01:00:00,22.325,37.916666666666664,677.0,42.75,989.1166666666667
2023-10-15 02:00:00,21.900000000000002,36.833333333333336,640.0833333333334,38.166666666666664,990.225
2023-10-15 03:00:00,21.545454545454547,36.0,634.0909090909091,38.90909090909091,991.3454545454545
2023-10-15 04:00:00,21.224999999999998,35.416666666666664,598.3333333333334,38.416666666666664,992.6166666666667
2023-10-15 05:00:00,20.891666666666666,35.0,575.6666666666666,38.416666666666664,993.9166666666666
2023-10-15 06:00:00,20.616666666666667,35.0,572.5833333333334,38.083333333333336,995.1416666666668
2023-10-15 07:00:00,20.3,35.0,562.9166666666666,38.0,996.1999999999999
2023-10-15 08:00:00,20.05,35.0,553.25,38.166666666666664,997.6833333333334
2023-10-15 09:00:00,20.05,35.25,576.6666666666666,40.583333333333336,999.2166666666667
2023-10-15 10:00:00,20.741666666666667,39.0,639.1666666666666,41.5,1000.2916666666666
2023-10-15 11:00:00,21.133333333333333,37.0,656.0,40.583333333333336,1001.1916666666666
2023-10-15 12:00:00,21.441666666666666,35.5,713.0833333333334,42.916666666666664,1001.8833333333333
2023-10-15 13:00:00,21.583333333333332,34.083333333333336,653.25,41.833333333333336,1002.525
2023-10-15 14:00:00,21.436363636363634,33.0,556.0909090909091,39.36363636363637,1002.8545454545455
2023-10-15 15:00:00,21.275000000000002,32.416666666666664,619.25,45.75,1003.4333333333334
2023-10-15 16:00:00,21.675,33.0,780.3333333333334,44.833333333333336,1004.0166666666668
2023-10-15 17:00:00,22.083333333333332,33.916666666666664,921.0,44.25,1004.6
2023-10-15 18:00:00,22.349999999999998,34.0,983.0,39.916666666666664,1005.225
2023-10-15 19:00:00,22.516666666666666,34.083333333333336,969.8333333333334,39.5,1005.8249999999999
2023-10-15 20:00:00,22.766666666666666,37.166666666666664,1024.0833333333333,44.166666666666664,1006.5
2023-10-15 21:00:00,23.183333333333334,38.5,980.3333333333334,43.75,1007.375
2023-10-15 22:00:00,22.941666666666666,38.0,909.5833333333334,42.583333333333336,1008.1
2023-10-15 23:00:00,22.75,38.0,889.8333333333334,41.916666666666664,1008.7416666666667
2023-10-16 00:00:00,22.575,38.0,942.8333333333334,37.833333333333336,1009.1500000000001
2023-10-16 01:00:00,22.28181818181818,37.18181818181818,858.6363636363636,37.81818181818182,1009.5727272727272
2023-10-16 02:00:00,22.108333333333334,36.083333333333336,814.1666666666666,37.333333333333336,1010.025
2023-10-16 03:00:00,21.941666666666666,35.833333333333336,801.0833333333334,37.666666666666664,1010.5416666666666
2023-10-16 04:00:00,21.766666666666666,35.0,783.0,37.583333333333336,1011.1750000000001
2023-10-16 05:00:00,21.575,34.666666666666664,779.4166666666666,37.166666666666664,1011.6750000000001
2023-10-16 06:00:00,21.416666666666668,34.0,802.1666666666666,38.333333333333336,1012.3000000000001
2023-10-16 07:00:00,21.266666666666666,34.0,784.8333333333334,38.0,1012.775
2023-10-16 08:00:00,21.208333333333332,34.0,785.8333333333334,41.916666666666664,1013.4250000000001
2023-10-16 09:00:00,21.675,39.666666666666664,925.5,47.916666666666664,1014.0333333333333
2023-10-16 10:00:00,22.100000000000005,38.5,783.1666666666666,41.666666666666664,1014.4833333333332
2023-10-16 11:00:00,22.208333333333332,36.5,634.9166666666666,41.25,1014.9416666666666
2023-10-16 12:00:00,22.30909090909091,35.09090909090909,593.5454545454545,43.63636363636363,1015.1454545454545
2023-10-16 13:00:00,22.399999999999995,33.666666666666664,586.4166666666666,40.916666666666664,1015.0833333333334
2023-10-16 14:00:00,22.5,32.5,583.9166666666666,38.583333333333336,1015.0
2023-10-16 15:00:00,22.516666666666666,31.416666666666668,575.4166666666666,38.75,1014.8000000000001
2023-10-16 16:00:00,22.55,31.0,576.3333333333334,38.5,1014.7833333333333
2023-10-16 17:00:00,22.600000000000005,31.0,584.4166666666666,39.25,1014.7083333333334
2023-10-16 18:00:00,22.78333333333333,32.166666666666664,717.4166666666666,40.5,1014.525
2023-10-16 19:00:00,22.8,32.833333333333336,791.1666666666666,41.333333333333336,1014.4416666666666
2023-10-16 20:00:00,22.933333333333334,33.166666666666664,846.0,42.083333333333336,1014.1333333333333
2023-10-16 21:00:00,23.11666666666667,34.0,882.4166666666666,43.333333333333336,1014.1333333333333
2023-10-16 22:00:00,23.2,34.0,888.8333333333334,42.416666666666664,1013.9833333333332
2023-10-16 23:00:00,23.30909090909091,34.0,898.8181818181819,43.27272727272727,1013.7272727272727
2023-10-17 00:00:00,23.675,34.666666666666664,934.0833333333334,38.833333333333336,1013.5083333333333
2023-10-17 01:00:00,23.766666666666666,35.0,1066.4166666666667,38.166666666666664,1013.3333333333334
2023-10-17 02:00:00,23.458333333333332,35.0,1096.6666666666667,37.083333333333336,1012.8583333333332
2023-10-17 03:00:00,23.266666666666666,35.166666666666664,1065.5,37.416666666666664,1012.5583333333334
2023-10-17 04:00:00,23.2,36.0,1030.3333333333333,37.416666666666664,1012.3583333333332
2023-10-17 05:00:00,23.2,36.0,1010.25,37.166666666666664,1012.1500000000001
2023-10-17 06:00:00,23.150000000000002,36.666666666666664,1021.5,37.416666666666664,1011.875
2023-10-17 07:00:00,23.100000000000005,37.083333333333336,1052.9166666666667,37.416666666666664,1011.7916666666666
2023-10-17 08:00:00,23.11666666666667,38.0,1089.6666666666667,37.166666666666664,1011.6083333333332
2023-10-17 09:00:00,23.208333333333332,39.0,1115.0,38.416666666666664,1011.6083333333335
2023-10-17 10:00:00,23.4,40.81818181818182,1034.8181818181818,42.36363636363637,1011.6
2023-10-17 11:00:00,23.28333333333333,40.25,833.3333333333334,40.25,1011.6083333333335
2023-10-17 12:00:00,23.125,39.0,682.25,39.833333333333336,1011.4250000000001
2023-10-17 13:00:00,23.28333333333333,39.0,823.75,44.666666666666664,1011.0833333333334
2023-10-17 14:00:00,23.941666666666666,39.0,972.1666666666666,45.5,1010.85
2023-10-17 15:00:00,24.341666666666665,39.0,981.9166666666666,44.25,1010.3249999999999
2023-10-17 16:00:00,24.5,39.0,970.8333333333334,43.416666666666664,1010.025
2023-10-17 17:00:00,24.75,39.0,951.1666666666666,43.5,1009.8249999999999
2023-10-17 18:00:00,24.88333333333333,39.0,884.5833333333334,41.833333333333336,1009.8000000000001
2023-10-17 19:00:00,24.766666666666666,39.833333333333336,844.5,38.666666666666664,1010.0500000000001
2023-10-17 20:00:00,24.525000000000002,40.916666666666664,861.5833333333334,42.25,1010.5083333333333
2023-10-17 21:00:00,24.336363636363636,40.09090909090909,865.1818181818181,40.45454545454545,1010.9636363636364
2023-10-17 22:00:00,24.483333333333334,40.083333333333336,899.0,41.5,1011.3916666666668
2023-10-17 23:00:00,24.666666666666668,39.75,945.6666666666666,39.5,1012.0749999999999
2023-10-18 00:00:00,24.441666666666666,38.666666666666664,928.25,39.5,1012.5166666666668
2023-10-18 01:00:00,21.96666666666667,36.25,785.75,37.666666666666664,1012.975
2023-10-18 02:00:00,20.849999999999998,35.0,653.9166666666666,37.416666666666664,1013.3166666666666
2023-10-18 03:00:00,20.64166666666667,34.0,629.9166666666666,37.333333333333336,1013.4083333333333
2023-10-18 04:00:00,20.558333333333334,34.0,618.0,37.25,1013.8416666666667
2023-10-18 05:00:00,20.191666666666666,33.333333333333336,592.3333333333334,37.166666666666664,1014.2333333333332
2023-10-18 06:00:00,19.808333333333334,33.0,581.4166666666666,37.25,1014.6166666666667
2023-10-18 07:00:00,19.408333333333335,33.0,567.5833333333334,37.833333333333336,1015.3000000000001
2023-10-18 08:00:00,19.081818181818182,33.18181818181818,570.3636363636364,38.09090909090909,1016.1454545454545
2023-10-18 09:00:00,20.375,38.583333333333336,707.25,42.333333333333336,1016.625
2023-10-18 10:00:00,21.53333333333333,40.0,675.9166666666666,40.416666666666664,1016.9666666666667
2023-10-18 11:00:00,21.891666666666666,37.583333333333336,593.25,39.083333333333336,1017.0583333333334
2023-10-18 12:00:00,22.116666666666664,37.833333333333336,740.6666666666666,40.833333333333336,1017.1333333333333
2023-10-18 13:00:00,22.583333333333332,38.0,782.8333333333334,44.833333333333336,1017.1916666666667
2023-10-18 14:00:00,22.791666666666668,38.166666666666664,751.1666666666666,43.25,1017.0166666666668
2023-10-18 15:00:00,23.075000000000003,38.333333333333336,773.5,45.416666666666664,1017.0416666666666
2023-10-18 16:00:00,21.358333333333334,37.0,591.6666666666666,41.5,1016.8083333333334
2023-10-18 17:00:00,20.566666666666666,37.583333333333336,570.8333333333334,39.083333333333336,1016.5333333333333
2023-10-18 18:00:00,20.691666666666666,37.083333333333336,538.9166666666666,38.666666666666664,1016.5416666666666
2023-10-18 19:00:00,20.39090909090909,36.18181818181818,529.3636363636364,40.0,1016.5636363636364
2023-10-18 20:00:00,20.075,35.416666666666664,524.5833333333334,39.416666666666664,1016.525
2023-10-18 21:00:00,19.616666666666667,35.0,519.25,38.5,1016.8583333333332
2023-10-18 22:00:00,19.158333333333335,35.0,505.5,38.333333333333336,1016.9
2023-10-18 23:00:00,18.741666666666667,35.333333333333336,500.0833333333333,37.666666666666664,1016.9916666666667
2023-10-19 00:00:00,18.425,36.0,495.6666666666667,38.5,1017.0833333333334
2023-10-19 01:00:00,18.4,36.0,507.3333333333333,38.5,1016.9
2023-10-19 02:00:00,19.26666666666667,37.916666666666664,773.3333333333334,37.666666666666664,1016.8416666666667
2023-10-19 03:00:00,19.575,39.0,833.5,37.0,1016.7916666666666
2023-10-19 04:00:00,19.658333333333335,38.416666666666664,819.3333333333334,37.0,1016.6583333333333
2023-10-19 05:00:00,19.766666666666666,38.0,826.5,37.083333333333336,1016.475
2023-10-19 06:00:00,19.87272727272727,38.0,822.9090909090909,37.27272727272727,1016.4545454545455
2023-10-19 07:00:00,19.983333333333334,37.0,833.0,37.5,1016.5500000000001
2023-10-19 08:00:00,19.891666666666666,36.416666666666664,806.8333333333334,38.583333333333336,1016.5916666666667
2023-10-19 09:00:00,20.033333333333335,35.333333333333336,599.9166666666666,39.083333333333336,1016.6166666666667
2023-10-19 10:00:00,20.058333333333334,34.416666666666664,529.5,38.75,1016.625
2023-10-19 11:00:00,20.1,33.583333333333336,513.5,39.083333333333336,1016.8583333333332
2023-10-19 12:00:00,20.166666666666668,33.0,511.3333333333333,39.083333333333336,1016.6416666666668
2023-10-19 13:00:00,20.208333333333332,32.333333333333336,510.0,39.166666666666664,1016.1083333333332
2023-10-19 14:00:00,20.058333333333334,31.833333333333332,513.8333333333334,39.333333333333336,1015.9250000000001
2023-10-19 15:00:00,20.016666666666666,31.0,507.5833333333333,39.166666666666664,1015.6833333333334
2023-10-19 16:00:00,19.991666666666667,31.0,506.5,39.5,1015.6916666666667
2023-10-19 17:00:00,19.9,31.0,505.45454545454544,39.09090909090909,1015.7272727272727
2023-10-19 18:00:00,19.983333333333334,30.75,536.4166666666666,39.166666666666664,1015.8083333333334
2023-10-19 19:00:00,20.333333333333332,31.0,668.4166666666666,38.833333333333336,1016.0916666666667
2023-10-19 20:00:00,20.95,31.5,769.5,44.166666666666664,1016.3833333333333
2023-10-19 21:00:00,21.516666666666666,31.0,788.3333333333334,40.75,1016.4333333333334
2023-10-19 22:00:00,21.791666666666668,31.0,861.1666666666666,40.583333333333336,1016.4833333333332
2023-10-19 23:00:00,21.575,31.0,957.4166666666666,37.583333333333336,1016.1416666666668
2023-10-20 00:00:00,21.308333333333334,31.0,906.25,37.166666666666664,1015.8249999999999
2023-10-20 01:00:00,21.25,31.0,889.4166666666666,37.25,1015.4416666666666
2023-10-20 02:00:00,21.2,31.0,895.5833333333334,37.833333333333336,1015.275
2023-10-20 03:00:00,21.2,31.5,906.4166666666666,37.416666666666664,1015.3583333333332
2023-10-20 04:00:00,21.2,32.0,866.8181818181819,37.09090909090909,1015.2363636363636
2023-10-20 05:00:00,21.191666666666666,32.0,850.0,38.5,1015.1083333333335
2023-10-20 06:00:00,21.05,32.0,833.4166666666666,38.0,1015.0583333333334
2023-10-20 07:00:00,21.1,31.75,824.6666666666666,37.916666666666664,1015.2666666666668
2023-10-20 08:00:00,21.125,31.0,833.0833333333334,38.416666666666664,1015.5
2023-10-20 09:00:00,21.45,32.666666666666664,905.5,45.583333333333336,1015.4416666666666
2023-10-20 10:00:00,22.266666666666666,34.833333333333336,866.1666666666666,42.0,1015.4
2023-10-20 11:00:00,23.25,33.5,945.8333333333334,42.583333333333336,1015.2166666666667
2023-10-20 12:00:00,23.416666666666668,31.666666666666668,899.4166666666666,43.0,1015.1083333333332
2023-10-20 13:00:00,23.358333333333334,31.0,899.0833333333334,45.25,1015.2166666666667
2023-10-20 14:00:00,23.633333333333336,30.75,840.1666666666666,44.75,1014.6999999999999
2023-10-20 15:00:00,23.827272727272728,30.0,721.2727272727273,43.36363636363637,1014.4181818181819
2023-10-20 16:00:00,23.983333333333334,30.0,936.4166666666666,44.583333333333336,1014.0916666666667
2023-10-20 17:00:00,23.816666666666666,30.75,890.75,44.583333333333336,1013.7333333333332
2023-10-20 18:00:00,23.400000000000002,31.166666666666668,869.3333333333334,50.166666666666664,1013.75
2023-10-20 19:00:00,23.575000000000003,31.916666666666668,971.1666666666666,52.75,1013.7333333333335
2023-10-20 20:00:00,23.141666666666666,32.0,835.5833333333334,56.083333333333336,1013.7333333333332
2023-10-20 21:00:00,22.474999999999998,31.166666666666668,670.0,41.083333333333336,1014.0583333333334
2023-10-20 22:00:00,22.09166666666667,30.916666666666668,686.8333333333334,51.333333333333336,1013.8916666666668
2023-10-20 23:00:00,22.075,30.666666666666668,735.3333333333334,46.333333333333336,1013.3583333333332
2023-10-21 00:00:00,21.708333333333332,30.0,663.5833333333334,47.916666666666664,1012.65
2023-10-21 01:00:00,21.608333333333334,30.0,687.25,44.083333333333336,1011.9583333333334
2023-10-21 02:00:00,21.836363636363636,30.0,758.3636363636364,40.36363636363637,1011.3545454545455
2023-10-21 03:00:00,21.666666666666668,30.0,710.0,40.333333333333336,1011.0916666666667
2023-10-21 04:00:00,21.508333333333336,30.0,672.5,40.166666666666664,1010.9250000000001
2023-10-21 05:00:00,21.325,29.916666666666668,667.8333333333334,40.083333333333336,1010.4416666666666
2023-10-21 06:00:00,21.125,29.333333333333332,657.0833333333334,40.583333333333336,1010.4250000000001
2023-10-21 07:00:00,21.0,29.5,659.4166666666666,39.833333333333336,1010.5083333333333
2023-10-21 08:00:00,21.025000000000002,30.0,682.75,40.0,1010.2416666666667
2023-10-21 09:00:00,21.099999999999998,33.166666666666664,745.8333333333334,43.416666666666664,1009.6999999999999
2023-10-21 10:00:00,21.166666666666668,33.166666666666664,653.1666666666666,45.083333333333336,1009.6083333333332
2023-10-21 11:00:00,21.525000000000002,32.166666666666664,666.6666666666666,46.75,1009.35
2023-10-21 12:00:00,22.166666666666668,32.75,715.25,46.75,1008.8916666666668
2023-10-21 13:00:00,22.245454545454546,32.09090909090909,710.0,46.36363636363637,1008.7181818181817
2023-10-21 14:00:00,22.3,32.0,687.9166666666666,45.166666666666664,1008.6999999999999
2023-10-21 15:00:00,22.425,32.666666666666664,738.6666666666666,44.833333333333336,1008.2833333333333
2023-10-21 16:00:00,22.916666666666668,34.25,838.1666666666666,41.166666666666664,1008.1750000000001
2023-10-21 17:00:00,22.90833333333333,34.083333333333336,860.6666666666666,41.75,1008.3249999999999
2023-10-21 18:00:00,23.100000000000005,35.166666666666664,779.0,38.416666666666664,1008.4916666666667
2023-10-21 19:00:00,23.016666666666666,36.0,650.1666666666666,38.583333333333336,1008.3083333333333
2023-10-21 20:00:00,23.0,36.0,614.9166666666666,38.5,1008.5
2023-10-21 21:00:00,23.0,36.5,602.5,38.166666666666664,1008.8249999999999
2023-10-21 22:00:00,23.100000000000005,36.0,605.6666666666666,39.5,1008.8583333333332
2023-10-21 23:00:00,23.100000000000005,36.0,605.1666666666666,39.25,1008.5416666666666
2023-10-22 00:00:00,23.19090909090909,36.27272727272727,663.6363636363636,39.27272727272727,1008.4636363636364
2023-10-22 01:00:00,23.399999999999995,37.0,769.8333333333334,39.833333333333336,1008.5166666666668
2023-10-22 02:00:00,23.458333333333332,38.583333333333336,865.5,39.333333333333336,1008.4833333333332
2023-10-22 03:00:00,23.40833333333333,39.5,937.3333333333334,38.75,1008.0333333333333
2023-10-22 04:00:00,23.258333333333336,39.0,855.75,38.333333333333336,1007.8000000000001
2023-10-22 05:00:00,23.2,38.0,828.9166666666666,38.166666666666664,1007.7083333333334
2023-10-22 06:00:00,23.150000000000002,38.0,811.25,38.333333333333336,1007.5749999999999
2023-10-22 07:00:00,23.075000000000003,38.0,821.6666666666666,38.166666666666664,1007.6833333333334
2023-10-22 08:00:00,23.041666666666668,37.25,827.5833333333334,37.833333333333336,1007.8083333333333
2023-10-22 09:00:00,23.100000000000005,37.0,848.9166666666666,38.083333333333336,1007.8499999999999
2023-10-22 10:00:00,23.100000000000005,37.0,811.8333333333334,38.583333333333336,1007.725
2023-10-22 11:00:00,23.254545454545454,39.18181818181818,862.6363636363636,39.90909090909091,1007.5545454545455
2023-10-22 12:00:00,23.433333333333334,41.916666666666664,839.5,39.25,1007.5166666666668
2023-10-22 13:00:00,23.516666666666666,40.583333333333336,865.0833333333334,40.333333333333336,1007.4416666666666
2023-10-22 14:00:00,23.833333333333332,39.833333333333336,912.75,41.166666666666664,1007.3499999999999
2023-10-22 15:00:00,23.983333333333334,39.0,916.9166666666666,43.916666666666664,1007.225
2023-10-22 16:00:00,23.866666666666664,38.666666666666664,890.0833333333334,38.5,1007.0416666666666
2023-10-22 17:00:00,23.59166666666667,38.0,693.6666666666666,38.583333333333336,1006.9499999999999
2023-10-22 18:00:00,23.491666666666664,37.083333333333336,642.0833333333334,40.25,1006.9
2023-10-22 19:00:00,23.375,37.0,624.0,38.833333333333336,1007.1083333333335
2023-10-22 20:00:00,23.28333333333333,37.0,613.75,39.333333333333336,1007.1583333333333
2023-10-22 21:00:00,23.2,37.0,617.25,38.833333333333336,1007.2833333333333
2023-10-22 22:00:00,23.2,37.0,610.1818181818181,38.63636363636363,1007.1454545454545
2023-10-22 23:00:00,23.2,37.0,614.4166666666666,38.666666666666664,1007.0083333333333
2023-10-23 00:00:00,23.15833333333333,37.0,611.5,38.416666666666664,1006.9833333333332
2023-10-23 01:00:00,23.125,37.0,614.3333333333334,38.333333333333336,1007.2333333333335
2023-10-23 02:00:00,23.100000000000005,37.0,615.25,38.416666666666664,1007.475
2023-10-23 03:00:00,23.100000000000005,37.0,611.1666666666666,38.25,1007.5166666666668
2023-10-23 04:00:00,23.100000000000005,36.666666666666664,616.0,38.083333333333336,1007.7916666666666
2023-10-23 05:00:00,23.100000000000005,36.0,604.5,38.25,1007.9416666666666
2023-10-23 06:00:00,23.100000000000005,36.0,563.25,38.166666666666664,1008.1333333333333
2023-10-23 07:00:00,23.100000000000005,36.0,565.25,38.5,1008.4583333333334
2023-10-23 08:00:00,23.141666666666666,36.0,566.5,38.583333333333336,1009.1583333333333
2023-10-23 09:00:00,23.2,36.0,569.2727272727273,38.45454545454545,1009.6636363636363
2023-10-23 10:00:00,23.241666666666664,36.0,572.9166666666666,38.583333333333336,1010.1916666666666
2023-10-23 11:00:00,23.28333333333333,36.0,570.75,39.0,1010.7833333333333
2023-10-23 12:00:00,23.308333333333334,36.0,575.0,38.916666666666664,1011.0416666666666
2023-10-23 13:00:00,23.358333333333334,36.0,576.9166666666666,38.833333333333336,1011.0666666666666
2023-10-23 14:00:00,23.416666666666668,36.0,568.0833333333334,39.0,1011.5500000000001
2023-10-23 15:00:00,23.5,36.0,572.9166666666666,39.5,1011.9833333333332
2023-10-23 16:00:00,23.5,36.0,572.5,39.0,1012.1583333333333
2023-10-23 17:00:00,23.55,36.0,580.25,38.416666666666664,1012.4166666666666
2023-10-23 18:00:00,23.53333333333333,36.75,576.9166666666666,39.25,1012.8666666666667
2023-10-23 19:00:00,23.5,37.0,585.75,39.083333333333336,1013.1999999999999
2023-10-23 20:00:00,23.5,37.0,572.1818181818181,38.90909090909091,1013.4090909090909
2023-10-23 21:00:00,23.5,37.0,581.75,38.5,1013.8666666666667
2023-10-23 22:00:00,23.5,37.0,579.6666666666666,38.25,1014.25
2023-10-23 23:00:00,23.675,37.0,700.5833333333334,46.416666666666664,1014.2833333333333
2023-10-24 00:00:00,23.891666666666666,37.0,810.1666666666666,41.166666666666664,1014.375
2023-10-24 01:00:00,23.724999999999998,38.0,1098.8333333333333,37.333333333333336,1014.6333333333333
2023-10-24 02:00:00,23.566666666666666,37.916666666666664,958.75,37.166666666666664,1014.6916666666667
2023-10-24 03:00:00,22.55,37.25,651.0833333333334,37.166666666666664,1014.8916666666665
2023-10-24 04:00:00,21.849999999999998,38.0,625.0833333333334,37.166666666666664,1014.8833333333333
2023-10-24 05:00:00,21.46666666666667,38.333333333333336,608.25,37.166666666666664,1014.9
2023-10-24 06:00:00,21.099999999999998,39.0,596.1666666666666,37.416666666666664,1015.0749999999999
2023-10-24 07:00:00,20.772727272727273,39.0,563.8181818181819,37.90909090909091,1015.2272727272727
2023-10-24 08:00:00,20.745454545454546,39.0,597.7272727272727,38.27272727272727,1015.3909090909091
2023-10-24 09:00:00,20.858333333333334,39.0,609.3333333333334,38.0,1015.75
2023-10-24 10:00:00,22.03333333333333,42.666666666666664,725.6666666666666,42.416666666666664,1016.1750000000001
2023-10-24 11:00:00,23.34166666666667,43.5,914.75,42.916666666666664,1016.375
2023-10-24 12:00:00,24.316666666666666,41.0,1059.1666666666667,47.5,1016.3916666666668
2023-10-24 13:00:00,24.808333333333334,39.25,897.8333333333334,48.25,1016.0500000000001
2023-10-24 14:00:00,24.541666666666668,37.5,777.5,45.416666666666664,1016.2416666666667
2023-10-24 15:00:00,24.96666666666667,37.0,837.5833333333334,43.166666666666664,1016.1916666666666
2023-10-24 16:00:00,25.108333333333334,36.0,725.5833333333334,40.166666666666664,1015.7583333333333
2023-10-24 17:00:00,25.083333333333332,35.0,647.8333333333334,39.0,1015.4583333333334
2023-10-24 18:00:00,25.045454545454547,34.0,620.7272727272727,39.36363636363637,1015.1636363636364
2023-10-24 19:00:00,25.0,33.916666666666664,619.0833333333334,39.083333333333336,1015.2416666666667
2023-10-24 20:00:00,25.2,33.583333333333336,672.9166666666666,40.5,1014.8000000000001
2023-10-24 21:00:00,25.474999999999998,34.0,844.3333333333334,42.0,1014.4833333333332
2023-10-24 22:00:00,25.566666666666666,33.833333333333336,890.75,41.583333333333336,1014.5
2023-10-24 23:00:00,25.55,33.166666666666664,923.5,41.083333333333336,1014.3333333333334
2023-10-25 00:00:00,24.691666666666666,32.333333333333336,775.8333333333334,39.5,1013.8333333333334
2023-10-25 01:00:00,23.2,31.083333333333332,635.9166666666666,37.5,1013.7916666666666
2023-10-25 02:00:00,22.28333333333333,31.666666666666668,612.0,37.416666666666664,1013.3583333333332
2023-10-25 03:00:00,21.733333333333334,32.0,607.25,37.5,1013.0333333333333
2023-10-25 04:00:00,21.25,32.0,580.5833333333334,37.5,1012.9666666666667
2023-10-25 05:00:00,21.018181818181816,32.18181818181818,626.6363636363636,37.45454545454545,1012.8818181818181
2023-10-25 06:00:00,22.15833333333333,33.0,760.1666666666666,38.5,1012.8000000000001
2023-10-25 07:00:00,22.724999999999998,33.0,787.25,38.75,1012.6750000000001
2023-10-25 08:00:00,23.125,33.0,762.3333333333334,38.333333333333336,1012.7666666666668
2023-10-25 09:00:00,23.65833333333333,32.833333333333336,796.75,38.75,1012.5333333333333
2023-10-25 10:00:00,23.981818181818184,34.54545454545455,861.5454545454545,41.27272727272727,1012.5818181818181
2023-10-25 11:00:00,24.150000000000002,34.5,809.4166666666666,38.583333333333336,1012.5500000000001
2023-10-25 12:00:00,24.241666666666664,33.333333333333336,807.9166666666666,41.083333333333336,1012.475
2023-10-25 13:00:00,24.416666666666668,33.416666666666664,896.25,48.166666666666664,1012.1999999999999
2023-10-25 14:00:00,24.508333333333336,33.0,882.1666666666666,42.583333333333336,1011.8249999999999
2023-10-25 15:00:00,24.8,32.75,831.75,41.25,1011.8083333333333
2023-10-25 16:00:00,25.027272727272727,32.0,816.4545454545455,39.0,1011.4181818181819
2023-10-25 17:00:00,25.108333333333334,31.666666666666668,807.75,38.583333333333336,1011.0583333333334
2023-10-25 18:00:00,25.208333333333332,31.0,818.8333333333334,40.25,1010.8499999999999
2023-10-25 19:00:00,25.391666666666666,31.416666666666668,852.25,42.25,1010.8000000000001
2023-10-25 20:00:00,25.208333333333332,31.0,748.9166666666666,39.25,1010.6999999999999
2023-10-25 21:00:00,25.21666666666667,30.0,773.5,39.916666666666664,1010.4333333333334
2023-10-25 22:00:00,25.358333333333334,30.0,862.5,41.25,1010.2166666666667
2023-10-25 23:00:00,24.358333333333334,29.5,756.0,38.416666666666664,1009.9499999999999
2023-10-26 00:00:00,22.541666666666668,29.916666666666668,631.6666666666666,41.166666666666664,1009.525
2023-10-26 01:00:00,23.741666666666664,30.0,856.4166666666666,39.333333333333336,1009.3666666666667
2023-10-26 02:00:00,23.633333333333336,30.0,854.5833333333334,37.333333333333336,1009.1
2023-10-26 03:00:00,23.481818181818184,30.0,818.6363636363636,38.36363636363637,1008.7727272727273
2023-10-26 04:00:00,23.34166666666667,30.0,776.4166666666666,37.5,1008.4250000000001
2023-10-26 05:00:00,23.166666666666668,30.25,734.5833333333334,37.583333333333336,1008.1333333333333
2023-10-26 06:00:00,23.075000000000003,30.583333333333332,725.75,37.75,1007.7166666666667
2023-10-26 07:00:00,22.96666666666667,30.0,715.0833333333334,38.083333333333336,1007.5166666666668
2023-10-26 08:00:00,22.899999999999995,30.0,710.6666666666666,37.916666666666664,1007.4166666666666
2023-10-26 09:00:00,23.21666666666667,33.833333333333336,757.75,39.416666666666664,1007.2916666666666
2023-10-26 10:00:00,23.399999999999995,33.916666666666664,666.8333333333334,37.833333333333336,1007.0
2023-10-26 11:00:00,23.433333333333334,32.25,714.0833333333334,41.0,1006.8249999999999
2023-10-26 12:00:00,23.558333333333334,31.416666666666668,738.5,39.5,1006.5583333333334
2023-10-26 13:00:00,23.733333333333334,31.916666666666668,825.75,39.5,1006.2166666666667
2023-10-26 14:00:00,23.672727272727272,31.181818181818183,744.6363636363636,38.45454545454545,1006.0454545454545
2023-10-26 15:00:00,23.474999999999998,30.333333333333332,614.1666666666666,38.833333333333336,1005.75
2023-10-26 16:00:00,23.375,30.0,576.1666666666666,38.75,1005.5833333333334
2023-10-26 17:00:00,23.316666666666666,29.083333333333332,565.0833333333334,38.333333333333336,1005.3666666666667
2023-10-26 18:00:00,23.224999999999998,29.0,558.3333333333334,38.333333333333336,1005.1083333333332
2023-10-26 19:00:00,23.108333333333334,29.0,562.3333333333334,38.333333333333336,1004.9083333333333
2023-10-26 20:00:00,23.09166666666667,29.0,617.0,40.0,1004.7916666666666
2023-10-26 21:00:00,23.425,30.333333333333332,762.1666666666666,38.583333333333336,1004.7166666666667
2023-10-26 22:00:00,23.675,32.25,811.5833333333334,38.333333333333336,1004.6166666666667
2023-10-26 23:00:00,23.7,31.25,775.3333333333334,38.0,1004.375
2023-10-27 00:00:00,23.724999999999998,30.083333333333332,780.8333333333334,37.583333333333336,1004.1666666666666
2023-10-27 01:00:00,23.40909090909091,30.0,803.6363636363636,37.36363636363637,1004.1090909090909
2023-10-27 02:00:00,23.016666666666666,30.0,837.9166666666666,37.5,1004.0500000000001
2023-10-27 03:00:00,23.166666666666668,30.0,775.75,38.166666666666664,1003.6666666666666
2023-10-27 04:00:00,23.266666666666666,29.833333333333332,752.8333333333334,38.0,1003.1916666666666
2023-10-27 05:00:00,23.150000000000002,29.0,636.1666666666666,37.5,1003.0500000000001
2023-10-27 06:00:00,23.066666666666666,29.0,576.1666666666666,37.666666666666664,1002.9416666666666
2023-10-27 07:00:00,23.0,28.0,558.4166666666666,37.666666666666664,1002.8499999999999
2023-10-27 08:00:00,23.0,28.0,554.25,37.75,1003.1166666666667
2023-10-27 09:00:00,23.0,28.0,555.4166666666666,37.75,1003.4333333333334
2023-10-27 10:00:00,23.0,28.0,548.6666666666666,38.0,1003.5583333333334
2023-10-27 11:00:00,23.008333333333336,28.0,546.9166666666666,38.75,1003.6500000000001
2023-10-27 12:00:00,23.1,27.363636363636363,553.8181818181819,38.45454545454545,1003.5636363636364
2023-10-27 13:00:00,23.100000000000005,27.0,550.75,38.083333333333336,1003.6166666666667
2023-10-27 14:00:00,23.100000000000005,27.0,547.25,38.166666666666664,1003.5333333333333
2023-10-27 15:00:00,23.100000000000005,27.0,550.75,38.166666666666664,1003.4250000000001
2023-10-27 16:00:00,23.100000000000005,27.0,549.6666666666666,37.916666666666664,1003.6500000000001
2023-10-27 17:00:00,23.083333333333332,27.0,546.9166666666666,37.916666666666664,1003.75
2023-10-27 18:00:00,23.0,26.333333333333332,540.75,38.083333333333336,1003.9083333333333
2023-10-27 19:00:00,23.0,26.0,547.0,37.666666666666664,1003.9416666666666
2023-10-27 20:00:00,23.0,26.0,543.9166666666666,37.666666666666664,1004.0333333333333
2023-10-27 21:00:00,22.991666666666664,26.0,543.3333333333334,38.083333333333336,1004.1833333333334
2023-10-27 22:00:00,22.899999999999995,26.0,542.5,38.0,1004.3833333333333
2023-10-27 23:00:00,22.9,26.0,544.5454545454545,37.54545454545455,1004.5090909090909
2023-10-28 00:00:00,22.88333333333333,26.0,536.5833333333334,37.666666666666664,1004.5166666666668
2023-10-28 01:00:00,22.8,26.0,538.6666666666666,37.75,1004.2166666666667
2023-10-28 02:00:00,22.758333333333336,26.0,537.75,37.583333333333336,1004.3249999999999
2023-10-28 03:00:00,22.7,26.0,539.75,37.5,1004.2166666666667
2023-10-28 04:00:00,22.7,26.0,538.9166666666666,37.5,1004.1500000000001
2023-10-28 05:00:00,22.7,26.0,532.6666666666666,37.5,1004.1333333333333
2023-10-28 06:00:00,22.7,26.0,533.6666666666666,37.5,1004.2416666666667
2023-10-28 07:00:00,22.633333333333336,26.0,536.0833333333334,37.5,1004.4333333333334
2023-10-28 08:00:00,22.7,26.0,539.8333333333334,38.083333333333336,1004.9333333333334
2023-10-28 09:00:00,22.7,26.0,541.3333333333334,37.5,1005.6083333333332
2023-10-28 10:00:00,22.7,26.0,538.3636363636364,37.63636363636363,1006.1636363636364
2023-10-28 11:00:00,22.7,26.0,534.8333333333334,38.0,1006.4083333333333
2023-10-28 12:00:00,22.7,26.0,532.0833333333334,37.666666666666664,1006.6666666666666
2023-10-28 13:00:00,22.7,26.0,536.5833333333334,37.75,1006.6833333333334
2023-10-28 14:00:00,22.7,26.0,529.75,39.666666666666664,1006.7166666666667
2023-10-28 15:00:00,22.7,25.333333333333332,527.8333333333334,38.166666666666664,1006.775
2023-10-28 16:00:00,22.683333333333334,25.0,535.8333333333334,38.416666666666664,1006.9416666666666
2023-10-28 17:00:00,22.600000000000005,25.0,524.9166666666666,37.666666666666664,1007.1333333333333
2023-10-28 18:00:00,22.600000000000005,25.0,530.4166666666666,39.333333333333336,1007.3833333333333
2023-10-28 19:00:00,22.53333333333333,25.0,533.0,38.083333333333336,1007.6
2023-10-28 20:00:00,22.483333333333334,25.0,535.25,37.916666666666664,1007.7333333333332
2023-10-28 21:00:00,22.472727272727273,25.0,526.3636363636364,37.54545454545455,1007.9545454545455
2023-10-28 22:00:00,22.46666666666667,26.0,528.0,37.75,1008.0166666666668
2023-10-28 23:00:00,22.399999999999995,26.0,531.0,37.666666666666664,1007.975
2023-10-29 00:00:00,22.399999999999995,25.416666666666668,521.8333333333334,37.666666666666664,1007.7916666666666
2023-10-29 01:00:00,22.308333333333334,25.0,528.3333333333334,37.666666666666664,1007.6416666666668
2023-10-29 02:00:00,22.3,25.0,524.625,37.666666666666664,1007.0458333333332
2023-10-29 03:00:00,22.3,25.0,527.0833333333334,37.583333333333336,1006.225
2023-10-29 04:00:00,22.3,25.75,526.5,37.5,1005.8166666666666
2023-10-29 05:00:00,22.3,26.0,528.4166666666666,37.416666666666664,1005.6166666666667
2023-10-29 06:00:00,22.3,26.0,531.0,37.416666666666664,1005.1166666666667
2023-10-29 07:00:00,22.272727272727273,26.0,526.5454545454545,37.27272727272727,1004.6545454545455
2023-10-29 08:00:00,22.241666666666664,26.0,525.0,37.416666666666664,1004.3249999999999
2023-10-29 09:00:00,22.28333333333333,27.0,523.25,37.333333333333336,1004.0083333333333
2023-10-29 10:00:00,22.3,27.0,528.6666666666666,37.5,1003.475
2023-10-29 11:00:00,22.308333333333334,27.0,528.6666666666666,37.666666666666664,1002.8833333333333
2023-10-29 12:00:00,22.400000000000002,27.0,531.8333333333334,37.916666666666664,1002.1
2023-10-29 13:00:00,22.5,27.0,531.6666666666666,38.25,1001.1833333333334
2023-10-29 14:00:00,22.5,27.0,534.25,38.25,1000.3583333333332
2023-10-29 15:00:00,22.516666666666666,27.583333333333332,537.0,38.166666666666664,999.9250000000001
2023-10-29 16:00:00,22.600000000000005,27.416666666666668,539.0,38.083333333333336,999.0333333333333
2023-10-29 17:00:00,22.600000000000005,27.0,537.75,39.833333333333336,998.6583333333333
2023-10-29 18:00:00,22.6,27.181818181818183,541.1818181818181,37.90909090909091,998.4454545454545
2023-10-29 19:00:00,22.600000000000005,28.0,537.9166666666666,37.75,998.125
2023-10-29 20:00:00,22.600000000000005,28.0,539.75,37.75,997.7583333333333
2023-10-29 21:00:00,22.600000000000005,28.0,538.25,37.666666666666664,997.475
2023-10-29 22:00:00,22.600000000000005,28.0,539.25,37.75,996.8333333333334
2023-10-29 23:00:00,22.600000000000005,28.0,541.25,37.75,996.2916666666666
2023-10-30 00:00:00,22.600000000000005,28.0,542.75,37.5,996.0166666666668
2023-10-30 01:00:00,22.608333333333334,28.333333333333332,644.0833333333334,38.333333333333336,995.5083333333333
2023-10-30 02:00:00,22.61666666666667,29.25,733.1666666666666,37.5,995.2583333333333
2023-10-30 03:00:00,22.358333333333334,30.0,884.5,37.5,995.2583333333333
2023-10-30 04:00:00,22.083333333333332,30.0,848.4166666666666,37.25,995.2999999999998
2023-10-30 05:00:00,21.927272727272726,30.0,811.6363636363636,37.45454545454545,995.3636363636364
2023-10-30 06:00:00,21.808333333333334,30.583333333333332,808.1666666666666,37.25,995.3916666666668
2023-10-30 07:00:00,21.61666666666667,31.0,787.5,37.75,995.7583333333333
2023-10-30 08:00:00,21.575000000000003,31.0,790.0,38.083333333333336,996.1416666666668
2023-10-30 09:00:00,21.400000000000002,31.0,779.1666666666666,38.0,996.3416666666667
2023-10-30 10:00:00,21.275000000000002,31.0,744.0833333333334,38.083333333333336,996.3083333333334
2023-10-30 11:00:00,21.933333333333334,34.416666666666664,750.9166666666666,41.083333333333336,996.2083333333334
2023-10-30 12:00:00,22.416666666666668,35.166666666666664,619.0,40.583333333333336,995.875
2023-10-30 13:00:00,22.558333333333334,33.333333333333336,601.25,41.416666666666664,995.0749999999999
2023-10-30 14:00:00,22.841666666666665,31.833333333333332,726.25,43.166666666666664,994.7833333333333
2023-10-30 15:00:00,23.433333333333334,31.0,759.25,44.416666666666664,994.1583333333333
2023-10-30 16:00:00,24.10909090909091,31.0,816.6363636363636,47.81818181818182,993.8090909090909
2023-10-30 17:00:00,24.383333333333336,30.166666666666668,785.6666666666666,44.833333333333336,994.0
2023-10-30 18:00:00,23.608333333333334,30.0,770.5833333333334,39.583333333333336,993.9583333333334
2023-10-30 19:00:00,21.7,30.0,596.9166666666666,37.75,994.0
2023-10-30 20:00:00,21.008333333333333,29.333333333333332,553.6666666666666,37.75,994.6166666666667
2023-10-30 21:00:00,20.650000000000002,29.75,539.0833333333334,39.166666666666664,995.2833333333333
2023-10-30 22:00:00,20.208333333333332,30.0,508.1666666666667,37.416666666666664,996.1
2023-10-30 23:00:00,19.8,30.0,501.9166666666667,37.333333333333336,996.6333333333333
2023-10-31 00:00:00,19.541666666666668,30.0,496.5,37.25,997.1833333333333
2023-10-31 01:00:00,19.583333333333332,30.666666666666668,532.8333333333334,37.416666666666664,997.5
2023-10-31 02:00:00,20.181818181818183,31.0,616.5454545454545,37.63636363636363,997.4818181818181
2023-10-31 03:00:00,20.583333333333332,31.0,634.4166666666666,37.75,997.4250000000001
2023-10-31 04:00:00,21.016666666666666,31.0,651.25,37.166666666666664,997.3833333333333
2023-10-31 05:00:00,20.849999999999998,31.0,631.9166666666666,37.083333333333336,997.3916666666668
2023-10-31 06:00:00,21.383333333333336,31.0,682.4166666666666,40.583333333333336,997.5083333333333
2023-10-31 07:00:00,21.733333333333334,30.75,674.6666666666666,38.416666666666664,997.8333333333334
2023-10-31 08:00:00,22.308333333333334,30.0,567.8333333333334,38.416666666666664,998.0833333333334
2023-10-31 09:00:00,22.666666666666668,30.0,668.75,43.666666666666664,998.2916666666666
2023-10-31 10:00:00,23.066666666666666,30.0,587.0833333333334,40.666666666666664,998.1666666666666
2023-10-31 11:00:00,23.183333333333334,30.333333333333332,629.3333333333334,42.5,998.1416666666668
2023-10-31 12:00:00,23.741666666666664,32.0,758.0833333333334,42.666666666666664,998.0500000000001
2023-10-31 13:00:00,23.627272727272725,32.0,720.9090909090909,42.54545454545455,998.1545454545455
2023-10-31 14:00:00,23.441666666666666,31.916666666666668,715.6666666666666,41.166666666666664,998.375
2023-10-31 15:00:00,23.09166666666667,31.583333333333332,668.1666666666666,41.75,998.9083333333333
2023-10-31 16:00:00,23.258333333333336,31.833333333333332,668.4166666666666,40.25,999.4166666666666
2023-10-31 17:00:00,23.28333333333333,32.0,712.1666666666666,41.0,999.775
2023-10-31 18:00:00,22.416666666666668,31.0,688.25,39.083333333333336,1000.3000000000001
2023-10-31 19:00:00,22.7,32.75,708.9166666666666,38.75,1000.85
2023-10-31 20:00:00,23.358333333333334,33.0,771.75,50.916666666666664,1001.2916666666666
2023-10-31 21:00:00,23.916666666666668,33.0,744.25,41.916666666666664,1001.8083333333334
2023-10-31 22:00:00,24.09166666666667,32.0,728.1666666666666,39.75,1002.0916666666667
2023-10-31 23:00:00,24.09166666666667,31.333333333333332,719.4166666666666,40.25,1002.4666666666667
2023-11-01 00:00:00,23.60909090909091,31.0,705.0,39.63636363636363,1002.8272727272728
2023-11-01 01:00:00,22.983333333333334,30.583333333333332,670.0,38.916666666666664,1003.1333333333333
2023-11-01 02:00:00,22.058333333333334,30.0,648.9166666666666,37.0,1003.1583333333333
2023-11-01 03:00:00,21.425,30.0,662.5,36.833333333333336,1003.1583333333333
2023-11-01 04:00:00,20.916666666666668,30.0,605.8333333333334,37.0,1003.2416666666667
2023-11-01 05:00:00,20.55,29.083333333333332,575.9166666666666,37.0,1003.4083333333333
2023-11-01 06:00:00,20.291666666666668,29.0,593.3333333333334,37.0,1003.4166666666666
2023-11-01 07:00:00,20.141666666666666,29.0,586.75,37.083333333333336,1003.7083333333334
2023-11-01 08:00:00,19.991666666666667,29.0,572.9166666666666,37.083333333333336,1003.9416666666666
2023-11-01 09:00:00,20.691666666666666,32.5,626.8333333333334,39.5,1004.5083333333333
2023-11-01 10:00:00,22.333333333333332,37.25,709.75,42.75,1004.5500000000001
2023-11-01 11:00:00,23.0,33.81818181818182,641.0,46.18181818181818,1004.6454545454545
2023-11-01 12:00:00,23.083333333333332,33.166666666666664,758.1666666666666,45.833333333333336,1004.7416666666667
2023-11-01 13:00:00,23.016666666666666,33.0,750.9166666666666,45.666666666666664,1004.5083333333333
2023-11-01 14:00:00,23.025000000000002,32.333333333333336,715.8333333333334,44.583333333333336,1004.2083333333334
2023-11-01 15:00:00,23.599999999999998,32.083333333333336,765.0833333333334,44.083333333333336,1004.25
2023-11-01 16:00:00,23.633333333333336,31.25,684.8333333333334,39.833333333333336,1003.6583333333333
2023-11-01 17:00:00,23.525000000000002,30.666666666666668,684.8333333333334,42.166666666666664,1003.1
2023-11-01 18:00:00,23.308333333333334,29.666666666666668,575.25,38.75,1002.7833333333333
2023-11-01 19:00:00,22.983333333333334,29.0,530.1666666666666,39.5,1002.3333333333334
2023-11-01 20:00:00,22.833333333333332,29.0,513.1666666666666,37.833333333333336,1001.8916666666668
2023-11-01 21:00:00,22.683333333333334,28.083333333333332,506.8333333333333,38.833333333333336,1001.2166666666667
2023-11-01 22:00:00,22.572727272727274,28.0,499.27272727272725,38.72727272727273,1000.5727272727272
2023-11-01 23:00:00,22.566666666666666,28.0,503.4166666666667,38.333333333333336,999.6916666666666
2023-11-02 00:00:00,22.366666666666664,28.0,503.5,38.833333333333336,998.525
2023-11-02 01:00:00,22.40833333333333,29.0,623.9166666666666,40.25,997.6333333333333
2023-11-02 02:00:00,21.608333333333334,29.0,630.9166666666666,38.25,996.6750000000001
2023-11-02 03:00:00,20.7,29.75,603.4166666666666,38.166666666666664,995.8166666666666
2023-11-02 04:00:00,20.216666666666665,30.333333333333332,581.75,37.833333333333336,995.3416666666667
2023-11-02 05:00:00,19.933333333333334,31.0,577.8333333333334,37.666666666666664,994.75
2023-11-02 06:00:00,19.724999999999998,31.833333333333332,563.3333333333334,38.083333333333336,994.1333333333333
2023-11-02 07:00:00,19.55,32.166666666666664,583.9166666666666,38.416666666666664,993.9
2023-11-02 08:00:00,20.55,33.0,630.5,40.166666666666664,993.7083333333334
2023-11-02 09:00:00,21.681818181818183,32.72727272727273,639.0909090909091,37.81818181818182,993.7727272727273
2023-11-02 10:00:00,22.025000000000002,32.0,558.0833333333334,37.75,993.6666666666666
2023-11-02 11:00:00,22.275000000000002,32.0,523.0,38.25,993.2916666666666
2023-11-02 12:00:00,22.433333333333334,31.333333333333332,513.25,38.583333333333336,992.7083333333334
2023-11-02 13:00:00,22.508333333333336,31.0,511.0833333333333,38.583333333333336,992.5500000000001
2023-11-02 14:00:00,22.5,31.0,508.1666666666667,38.583333333333336,992.3916666666668
2023-11-02 15:00:00,22.59166666666667,31.0,512.5833333333334,38.333333333333336,991.9499999999999
2023-11-02 16:00:00,22.641666666666666,31.0,515.0,38.583333333333336,991.4
2023-11-02 17:00:00,22.866666666666664,32.0,701.5833333333334,40.666666666666664,991.2666666666668
2023-11-02 18:00:00,23.258333333333336,32.0,747.0833333333334,38.666666666666664,991.225
2023-11-02 19:00:00,23.316666666666666,33.0,935.9166666666666,38.25,990.275
2023-11-02 20:00:00,23.136363636363637,33.54545454545455,974.4545454545455,38.0,989.8181818181819
2023-11-02 21:00:00,23.066666666666666,34.0,997.25,37.75,990.4833333333332
2023-11-02 22:00:00,23.183333333333334,34.833333333333336,979.6666666666666,37.75,990.1416666666668
2023-11-02 23:00:00,23.141666666666666,35.0,983.4166666666666,37.083333333333336,990.0749999999999
2023-11-03 00:00:00,23.183333333333334,35.0,954.0833333333334,37.583333333333336,989.65
2023-11-03 01:00:00,23.3,35.5,961.75,37.5,989.2583333333333
2023-11-03 02:00:00,23.3,35.916666666666664,959.5833333333334,37.083333333333336,988.5
2023-11-03 03:00:00,23.208333333333332,36.0,951.75,37.333333333333336,987.7916666666666
2023-11-03 04:00:00,23.325,36.0,957.75,37.916666666666664,987.35
2023-11-03 05:00:00,23.5,36.0,1050.8333333333333,37.833333333333336,987.2583333333333
2023-11-03 06:00:00,23.641666666666666,36.0,1013.3333333333334,41.75,986.5583333333334
2023-11-03 07:00:00,24.136363636363637,35.63636363636363,918.1818181818181,41.81818181818182,985.9272727272728
2023-11-03 08:00:00,24.333333333333332,34.75,708.8333333333334,40.666666666666664,985.3833333333333
2023-11-03 09:00:00,24.183333333333334,34.0,584.1666666666666,39.75,984.5583333333334
2023-11-03 10:00:00,23.991666666666664,34.0,559.8333333333334,40.0,984.1583333333333
2023-11-03 11:00:00,21.724999999999998,35.083333333333336,487.5,41.666666666666664,984.0500000000001
2023-11-03 12:00:00,20.866666666666667,36.5,468.6666666666667,41.333333333333336,983.5333333333333
2023-11-03 13:00:00,20.516666666666666,37.583333333333336,461.5,41.333333333333336,983.5916666666667
2023-11-03 14:00:00,20.316666666666666,38.25,458.4166666666667,42.0,983.7416666666667
2023-11-03 15:00:00,20.083333333333332,39.0,451.5833333333333,41.166666666666664,984.0166666666668
2023-11-03 16:00:00,19.983333333333334,39.583333333333336,450.9166666666667,40.916666666666664,984.1416666666668
2023-11-03 17:00:00,19.9,40.0,452.25,40.75,984.3333333333334
2023-11-03 18:00:00,19.87272727272727,40.36363636363637,453.6363636363636,40.09090909090909,984.4090909090909
2023-11-03 19:00:00,19.675,41.0,447.9166666666667,40.083333333333336,984.3666666666667
2023-11-03 20:00:00,19.55,41.75,448.8333333333333,40.0,984.7416666666667
2023-11-03 21:00:00,19.45,42.0,447.25,39.666666666666664,984.6999999999999
2023-11-03 22:00:00,19.333333333333332,42.083333333333336,442.75,39.5,984.4499999999999
2023-11-03 23:00:00,19.166666666666668,43.0,442.6666666666667,39.5,984.5833333333334
2023-11-04 00:00:00,19.0,43.0,441.0,39.333333333333336,984.5500000000001
2023-11-04 01:00:00,18.908333333333335,43.25,435.5833333333333,39.166666666666664,984.4666666666667
2023-11-04 02:00:00,18.8,44.0,440.4166666666667,39.083333333333336,983.9499999999999
2023-11-04 03:00:00,18.741666666666667,43.583333333333336,436.1666666666667,39.25,983.625
2023-11-04 04:00:00,18.541666666666668,43.75,430.9166666666667,39.0,983.5083333333333
2023-11-04 05:00:00,18.363636363636363,43.0,434.3636363636364,39.27272727272727,983.1727272727272
2023-11-04 06:00:00,18.075,43.0,424.8333333333333,39.333333333333336,982.9666666666667
2023-11-04 07:00:00,17.933333333333334,43.0,420.4166666666667,39.0,982.7333333333332
2023-11-04 08:00:00,17.8,43.0,418.4166666666667,39.416666666666664,982.5
2023-11-04 09:00:00,17.666666666666668,43.0,413.3333333333333,39.5,982.1333333333333
2023-11-04 10:00:00,17.483333333333334,42.666666666666664,409.4166666666667,39.416666666666664,982.0749999999999
2023-11-04 11:00:00,17.366666666666664,42.25,409.0,39.666666666666664,981.7583333333333
2023-11-04 12:00:00,17.3,42.0,410.75,40.0,981.4333333333334
2023-11-04 13:00:00,17.3,42.0,409.75,39.166666666666664,981.5083333333333
2023-11-04 14:00:00,17.216666666666665,43.0,404.75,40.5,981.5416666666666
2023-11-04 15:00:00,17.108333333333334,43.0,400.3333333333333,40.083333333333336,981.6333333333333
2023-11-04 16:00:00,16.990909090909092,43.0,401.45454545454544,40.0,981.7
2023-11-04 17:00:00,17.0,43.0,402.5,40.0,981.7666666666668
2023-11-04 18:00:00,16.858333333333334,43.0,396.6666666666667,39.583333333333336,981.9833333333332
2023-11-04 19:00:00,16.775000000000002,43.0,402.1666666666667,39.75,981.9250000000001
2023-11-04 20:00:00,16.708333333333332,43.5,402.0,39.916666666666664,982.0083333333333
2023-11-04 21:00:00,16.8,44.0,400.9166666666667,39.166666666666664,982.1500000000001
2023-11-04 22:00:00,16.741666666666667,44.0,400.4166666666667,39.333333333333336,981.9833333333332
2023-11-04 23:00:00,16.7,44.0,400.9166666666667,39.333333333333336,981.8499999999999
2023-11-05 00:00:00,16.658333333333335,44.0,397.0,39.166666666666664,981.8833333333333
2023-11-05 01:00:00,16.675,44.0,396.0,39.333333333333336,981.8833333333333
2023-11-05 02:00:00,16.675,44.0,400.3333333333333,39.0,981.5666666666666
2023-11-05 03:00:00,16.636363636363637,44.0,392.6363636363636,39.0,981.2363636363636
2023-11-05 04:00:00,16.6,44.166666666666664,395.9166666666667,38.75,981.0749999999999
2023-11-05 05:00:00,16.6,45.0,392.4166666666667,38.666666666666664,980.6916666666666
2023-11-05 06:00:00,16.6,45.0,390.8333333333333,39.166666666666664,980.7083333333334
2023-11-05 07:00:00,16.6,45.0,394.75,38.916666666666664,980.6583333333333
2023-11-05 08:00:00,16.608333333333334,45.0,386.1666666666667,39.25,980.65
2023-11-05 09:00:00,16.7,45.0,395.5,39.25,980.625
2023-11-05 10:00:00,16.766666666666666,45.0,393.5,39.083333333333336,980.7666666666668
2023-11-05 11:00:00,16.916666666666668,45.0,394.8333333333333,39.5,980.625
2023-11-05 12:00:00,17.075,45.0,395.25,39.416666666666664,980.6083333333335
2023-11-05 13:00:00,17.258333333333333,45.0,395.25,39.916666666666664,980.5500000000001
2023-11-05 14:00:00,17.245454545454546,45.0,393.72727272727275,39.81818181818182,980.6727272727272
2023-11-05 15:00:00,17.2,45.0,390.5833333333333,39.75,981.0
2023-11-05 16:00:00,17.191666666666666,45.0,391.0,40.0,981.4666666666667
2023-11-05 17:00:00,17.1,45.0,394.0,39.75,981.6999999999999
2023-11-05 18:00:00,17.1,45.0,389.0,39.333333333333336,982.0749999999999
2023-11-05 19:00:00,17.1,45.0,391.4166666666667,39.5,982.375
2023-11-05 20:00:00,17.1,45.0,391.3333333333333,39.083333333333336,982.6999999999999
2023-11-05 21:00:00,17.341666666666665,45.166666666666664,431.4166666666667,40.083333333333336,983.1583333333333
2023-11-05 22:00:00,19.133333333333333,47.0,661.1666666666666,37.583333333333336,983.5833333333334
2023-11-05 23:00:00,19.525000000000002,46.416666666666664,670.25,37.583333333333336,983.8916666666668
2023-11-06 00:00:00,19.675,45.5,670.6666666666666,37.5,984.2333333333332
2023-11-06 01:00:00,19.918181818181818,44.72727272727273,667.7272727272727,37.45454545454545,984.4181818181819
2023-11-06 02:00:00,20.216666666666665,44.0,659.5,37.666666666666664,984.6416666666668
2023-11-06 03:00:00,20.425,43.583333333333336,652.6666666666666,37.5,985.1833333333334
2023-11-06 04:00:00,20.566666666666666,43.0,670.4166666666666,37.166666666666664,985.6416666666668
2023-11-06 05:00:00,20.724999999999998,43.0,661.25,37.25,986.0333333333333
2023-11-06 06:00:00,20.891666666666666,43.0,671.1666666666666,37.5,986.4416666666666
2023-11-06 07:00:00,21.0,42.666666666666664,670.75,37.5,986.975
2023-11-06 08:00:00,21.158333333333335,42.0,670.25,37.666666666666664,987.4583333333334
2023-11-06 09:00:00,21.474999999999998,43.916666666666664,751.8333333333334,39.916666666666664,988.0500000000001
2023-11-06 10:00:00,21.7,46.25,648.9166666666666,52.916666666666664,988.7083333333334
2023-11-06 11:00:00,21.7,44.666666666666664,549.4166666666666,38.25,989.0333333333333
2023-11-06 12:00:00,21.7,43.81818181818182,517.7272727272727,37.81818181818182,989.2636363636364
2023-11-06 13:00:00,21.7,43.0,507.9166666666667,38.416666666666664,989.4916666666667
2023-11-06 14:00:00,21.75,42.5,510.5833333333333,38.583333333333336,989.625
2023-11-06 15:00:00,21.808333333333334,42.0,503.4166666666667,38.416666666666664,989.6416666666668
2023-11-06 16:00:00,21.899999999999995,42.0,587.3333333333334,40.75,989.7583333333333
2023-11-06 17:00:00,21.899999999999995,42.0,699.5,40.5,989.9250000000001
2023-11-06 18:00:00,21.96666666666667,42.0,761.0833333333334,40.166666666666664,990.0583333333334
2023-11-06 19:00:00,22.125,42.833333333333336,781.0,40.666666666666664,990.2416666666667
2023-11-06 20:00:00,22.05,42.583333333333336,782.5,41.583333333333336,990.6166666666667
2023-11-06 21:00:00,21.7,43.0,763.8333333333334,43.5,990.875
2023-11-06 22:00:00,21.775000000000002,42.916666666666664,793.8333333333334,42.166666666666664,991.4166666666666
2023-11-06 23:00:00,21.836363636363636,42.0,779.5454545454545,41.81818181818182,992.1636363636363
2023-11-07 00:00:00,22.05,42.0,738.0,38.583333333333336,992.8666666666667
2023-11-07 01:00:00,22.100000000000005,41.416666666666664,711.1666666666666,38.666666666666664,993.8249999999999
2023-11-07 02:00:00,22.100000000000005,41.0,687.3333333333334,38.75,994.5416666666666
2023-11-07 03:00:00,22.11666666666667,41.0,682.5833333333334,38.25,995.1333333333333
2023-11-07 04:00:00,22.2,40.416666666666664,676.5,38.416666666666664,995.5833333333334
2023-11-07 05:00:00,22.2,40.0,691.0,38.583333333333336,995.975
2023-11-07 06:00:00,22.2,39.666666666666664,690.1666666666666,38.333333333333336,996.3249999999999
2023-11-07 07:00:00,22.066666666666666,39.0,722.5,38.5,996.775
2023-11-07 08:00:00,22.175,39.0,744.3333333333334,40.0,997.375
2023-11-07 09:00:00,22.45,41.583333333333336,766.9166666666666,41.166666666666664,997.8083333333334
2023-11-07 10:00:00,22.827272727272728,41.09090909090909,770.2727272727273,44.63636363636363,998.3181818181819
2023-11-07 11:00:00,22.650000000000002,40.083333333333336,646.1666666666666,44.666666666666664,998.8166666666666
2023-11-07 12:00:00,21.566666666666666,38.5,542.6666666666666,42.25,998.9083333333333
2023-11-07 13:00:00,20.316666666666666,38.583333333333336,528.1666666666666,43.083333333333336,999.0416666666666
2023-11-07 14:00:00,21.34166666666667,39.25,694.75,40.083333333333336,999.3000000000001
2023-11-07 15:00:00,21.991666666666664,40.083333333333336,762.0833333333334,38.916666666666664,999.6750000000001
2023-11-07 16:00:00,22.2,41.0,746.5833333333334,39.833333333333336,999.8333333333334
2023-11-07 17:00:00,22.46666666666667,41.75,764.6666666666666,42.25,1000.0083333333333
2023-11-07 18:00:00,22.974999999999998,41.75,718.0,39.75,1000.2583333333333
2023-11-07 19:00:00,23.0,41.0,719.6666666666666,42.75,1000.4499999999999
2023-11-07 20:00:00,23.59166666666667,40.916666666666664,804.5,41.5,1000.6833333333334
2023-11-07 21:00:00,23.99090909090909,40.0,815.5454545454545,42.90909090909091,1000.7727272727273
2023-11-07 22:00:00,24.100000000000005,39.333333333333336,844.5,42.916666666666664,1000.6833333333334
2023-11-07 23:00:00,23.183333333333334,37.666666666666664,839.0,37.916666666666664,1000.7833333333333
2023-11-08 00:00:00,22.03333333333333,36.083333333333336,781.8333333333334,37.333333333333336,1000.8583333333332
2023-11-08 01:00:00,21.641666666666666,35.5,732.9166666666666,37.416666666666664,1000.8583333333332
2023-11-08 02:00:00,21.241666666666667,35.0,736.0833333333334,37.416666666666664,1000.75
2023-11-08 03:00:00,20.991666666666667,35.0,748.8333333333334,37.666666666666664,1000.7333333333332
2023-11-08 04:00:00,20.766666666666666,35.0,731.1666666666666,37.083333333333336,1000.6916666666667
2023-11-08 05:00:00,20.608333333333334,35.0,714.6666666666666,37.416666666666664,1000.8083333333333
2023-11-08 06:00:00,20.416666666666668,35.0,731.0,37.666666666666664,1000.9666666666667
2023-11-08 07:00:00,20.208333333333332,35.0,727.6666666666666,38.333333333333336,1001.2833333333333
2023-11-08 08:00:00,20.218181818181815,35.27272727272727,744.0,37.72727272727273,1001.7
2023-11-08 09:00:00,21.391666666666666,39.5,768.1666666666666,42.916666666666664,1002.0749999999999
2023-11-08 10:00:00,22.150000000000002,39.0,617.0833333333334,40.083333333333336,1002.475
2023-11-08 11:00:00,22.491666666666664,37.333333333333336,560.5833333333334,40.833333333333336,1002.7333333333332
2023-11-08 12:00:00,22.599999999999998,37.5,687.9166666666666,42.416666666666664,1002.9
2023-11-08 13:00:00,22.59166666666667,37.0,725.25,46.083333333333336,1003.0333333333333
2023-11-08 14:00:00,22.708333333333332,36.5,835.0,45.333333333333336,1003.1
2023-11-08 15:00:00,22.899999999999995,35.75,803.9166666666666,39.833333333333336,1003.1999999999999
2023-11-08 16:00:00,22.899999999999995,35.0,785.5833333333334,38.0,1003.2083333333334
2023-11-08 17:00:00,22.96666666666667,35.416666666666664,772.1666666666666,39.75,1003.2166666666667
2023-11-08 18:00:00,23.191666666666666,35.0,649.8333333333334,40.083333333333336,1003.3833333333333
2023-11-08 19:00:00,23.227272727272727,35.0,710.5454545454545,43.63636363636363,1003.5181818181819
2023-11-08 20:00:00,23.483333333333334,35.75,816.6666666666666,47.25,1003.4
2023-11-08 21:00:00,23.558333333333334,35.0,802.5,41.083333333333336,1002.8833333333333
2023-11-08 22:00:00,23.733333333333334,35.083333333333336,831.0833333333334,42.25,1002.5416666666666
2023-11-08 23:00:00,23.858333333333334,35.0,859.0833333333334,42.666666666666664,1001.975
2023-11-09 00:00:00,23.766666666666666,35.0,853.25,39.5,1001.0916666666667
2023-11-09 01:00:00,22.474999999999998,35.0,784.1666666666666,38.083333333333336,1000.0083333333333
2023-11-09 02:00:00,22.041666666666668,35.0,757.25,37.333333333333336,999.0583333333334
2023-11-09 03:00:00,21.833333333333332,35.166666666666664,728.6666666666666,38.166666666666664,998.0166666666668
2023-11-09 04:00:00,21.541666666666668,36.0,713.0,38.416666666666664,996.7416666666667
2023-11-09 05:00:00,21.275000000000002,36.0,720.0,38.666666666666664,995.4916666666667
2023-11-09 06:00:00,21.400000000000002,36.81818181818182,743.7272727272727,38.18181818181818,994.7090909090908
2023-11-09 07:00:00,21.525000000000002,38.0,757.8333333333334,40.25,994.5083333333333
2023-11-09 08:00:00,21.658333333333335,39.25,756.3333333333334,40.25,994.6750000000001
2023-11-09 09:00:00,22.858333333333334,43.75,855.8333333333334,42.666666666666664,994.8083333333333
2023-11-09 10:00:00,23.399999999999995,43.666666666666664,729.0,39.333333333333336,995.2583333333333
2023-11-09 11:00:00,23.3,42.5,594.0,40.083333333333336,995.6166666666667
2023-11-09 12:00:00,23.208333333333332,41.666666666666664,692.0833333333334,44.583333333333336,995.8000000000001
2023-11-09 13:00:00,23.583333333333332,41.833333333333336,732.5,47.0,995.8666666666667
2023-11-09 14:00:00,23.983333333333334,41.0,786.25,44.333333333333336,995.9
2023-11-09 15:00:00,24.28333333333333,40.916666666666664,821.0,42.5,995.8583333333332
2023-11-09 16:00:00,24.566666666666666,40.0,778.4166666666666,43.75,995.8833333333333
2023-11-09 17:00:00,24.272727272727273,40.0,671.2727272727273,38.72727272727273,995.9909090909091
2023-11-09 18:00:00,24.075000000000003,40.0,598.6666666666666,38.583333333333336,996.1666666666666
2023-11-09 19:00:00,23.958333333333332,39.75,582.1666666666666,38.916666666666664,996.4499999999999
2023-11-09 20:00:00,23.84166666666667,39.0,574.5,39.25,996.3833333333333
2023-11-09 21:00:00,23.8,38.666666666666664,580.8333333333334,39.333333333333336,996.3416666666667
2023-11-09 22:00:00,23.75,38.583333333333336,649.9166666666666,40.75,996.1999999999999
2023-11-09 23:00:00,23.59166666666667,38.0,585.3333333333334,38.083333333333336,996.2833333333333
2023-11-10 00:00:00,23.483333333333334,37.083333333333336,558.0,38.416666666666664,996.0583333333334
2023-11-10 01:00:00,23.34166666666667,36.416666666666664,558.0,38.0,995.4083333333333
2023-11-10 02:00:00,23.241666666666664,36.0,554.3333333333334,37.5,995.2416666666667
2023-11-10 03:00:00,23.2,36.0,558.5,38.916666666666664,995.0416666666666
2023-11-10 04:00:00,23.2,36.0,552.0909090909091,38.27272727272727,994.9545454545455
2023-11-10 05:00:00,23.191666666666666,36.0,548.75,38.083333333333336,994.7666666666668
2023-11-10 06:00:00,23.125,35.166666666666664,540.75,38.583333333333336,994.7833333333333
2023-11-10 07:00:00,23.100000000000005,34.916666666666664,542.6666666666666,38.416666666666664,994.8416666666667
2023-11-10 08:00:00,23.05,34.0,540.25,38.25,995.2833333333333
2023-11-10 09:00:00,23.041666666666668,34.0,539.0833333333334,38.416666666666664,995.5083333333333
2023-11-10 10:00:00,23.025000000000002,34.0,539.3333333333334,38.583333333333336,995.4833333333332
2023-11-10 11:00:00,22.991666666666664,33.083333333333336,534.0,38.5,995.4666666666667
2023-11-10 12:00:00,23.008333333333336,33.0,533.0,38.833333333333336,995.2916666666666
2023-11-10 13:00:00,23.008333333333336,33.0,530.8333333333334,38.666666666666664,995.125
2023-11-10 14:00:00,23.100000000000005,33.0,531.1666666666666,38.75,995.1916666666666
2023-11-10 15:00:00,23.1,33.0,537.4545454545455,38.54545454545455,995.3363636363637
2023-11-10 16:00:00,23.100000000000005,33.0,535.1666666666666,38.5,995.6999999999999
2023-11-10 17:00:00,23.100000000000005,33.0,536.1666666666666,38.666666666666664,995.9666666666667
2023-11-10 18:00:00,23.100000000000005,32.416666666666664,543.6666666666666,38.666666666666664,996.1
2023-11-10 19:00:00,23.100000000000005,32.166666666666664,543.0,38.666666666666664,996.3000000000001
2023-11-10 20:00:00,23.008333333333336,32.0,533.9166666666666,38.75,996.5833333333334
2023-11-10 21:00:00,23.0,32.0,541.1666666666666,38.75,996.8666666666667
2023-11-10 22:00:00,23.0,32.0,540.0833333333334,38.416666666666664,997.0749999999999
2023-11-10 23:00:00,22.941666666666666,32.0,537.0,39.416666666666664,997.225
2023-11-11 00:00:00,22.916666666666668,32.0,541.25,38.083333333333336,997.5500000000001
2023-11-11 01:00:00,22.866666666666664,32.0,534.4166666666666,38.0,997.75
2023-11-11 02:00:00,22.9,32.0,535.8181818181819,38.0,998.1727272727272
2023-11-11 03:00:00,22.899999999999995,31.333333333333332,547.25,38.166666666666664,998.4666666666667
2023-11-11 04:00:00,22.899999999999995,31.0,539.9166666666666,38.25,998.6916666666667
2023-11-11 05:00:00,22.899999999999995,31.0,540.1666666666666,38.0,999.0666666666666
2023-11-11 06:00:00,22.899999999999995,31.0,542.75,38.166666666666664,999.4166666666666
2023-11-11 07:00:00,22.899999999999995,31.0,543.0833333333334,37.75,999.8583333333332
2023-11-11 08:00:00,22.866666666666664,31.0,543.6666666666666,37.833333333333336,1000.6083333333332
2023-11-11 09:00:00,22.866666666666664,31.0,543.0,38.083333333333336,1001.15
2023-11-11 10:00:00,22.875,31.0,538.5833333333334,38.083333333333336,1001.6166666666667
2023-11-11 11:00:00,22.808333333333334,31.0,536.5833333333334,38.25,1001.9166666666666
2023-11-11 12:00:00,22.84166666666667,31.0,531.8333333333334,38.666666666666664,1002.2666666666668
2023-11-11 13:00:00,22.854545454545455,31.0,524.0,38.63636363636363,1002.5909090909091
2023-11-11 14:00:00,22.891666666666666,31.0,525.5833333333334,38.25,1002.8666666666667
2023-11-11 15:00:00,22.899999999999995,31.0,531.75,38.166666666666664,1003.3083333333334
2023-11-11 16:00:00,22.899999999999995,31.0,531.6666666666666,38.333333333333336,1003.8333333333334
2023-11-11 17:00:00,22.899999999999995,31.75,541.0,38.75,1004.1833333333334
2023-11-11 18:00:00,22.833333333333332,32.0,540.3333333333334,38.75,1004.6333333333333
2023-11-11 19:00:00,22.825,32.0,541.0,39.0,1005.1666666666666
2023-11-11 20:00:00,22.825,32.0,541.9166666666666,39.25,1005.5666666666666
2023-11-11 21:00:00,22.8,32.0,538.75,38.25,1005.7833333333333
2023-11-11 22:00:00,22.8,32.0,543.5,37.833333333333336,1005.9
2023-11-11 23:00:00,22.8,32.0,537.25,38.166666666666664,1005.9333333333334
2023-11-12 00:00:00,22.8,32.0,548.3636363636364,38.45454545454545,1005.8727272727273
2023-11-12 01:00:00,22.775000000000002,32.0,535.3333333333334,38.583333333333336,1005.9
2023-11-12 02:00:00,22.7,32.0,531.0,38.166666666666664,1005.8833333333333
2023-11-12 03:00:00,22.7,32.0,538.3333333333334,38.166666666666664,1005.8583333333332
2023-11-12 04:00:00,22.7,32.0,534.75,38.333333333333336,1005.8916666666665
2023-11-12 05:00:00,22.7,32.0,531.5,38.25,1006.025
2023-11-12 06:00:00,22.7,32.0,540.0,37.75,1006.3166666666666
2023-11-12 07:00:00,22.7,32.0,532.4166666666666,37.75,1006.7333333333332
2023-11-12 08:00:00,22.650000000000002,32.0,532.4166666666666,37.75,1007.0916666666667
2023-11-12 09:00:00,22.7,32.0,529.3333333333334,38.0,1007.5166666666668
2023-11-12 10:00:00,22.7,31.416666666666668,528.5833333333334,38.083333333333336,1007.9250000000001
2023-11-12 11:00:00,22.7,31.0,526.5454545454545,38.54545454545455,1008.0545454545455
2023-11-12 12:00:00,22.633333333333336,31.0,524.4166666666666,38.5,1007.9833333333332
2023-11-12 13:00:00,22.650000000000002,31.0,518.25,38.75,1008.025
2023-11-12 14:00:00,22.650000000000002,31.0,520.5833333333334,38.75,1008.2416666666667
2023-11-12 15:00:00,22.61818181818182,31.0,516.9090909090909,39.63636363636363,1008.6818181818181
2023-11-12 16:00:00,22.650000000000002,30.5,516.75,39.916666666666664,1008.9166666666666
2023-11-12 17:00:00,22.600000000000005,30.0,517.4166666666666,39.083333333333336,1009.025
2023-11-12 18:00:00,22.600000000000005,30.0,520.0833333333334,38.333333333333336,1009.2666666666668
2023-11-12 19:00:00,22.516666666666666,29.833333333333332,512.8333333333334,38.333333333333336,1009.3916666666665
2023-11-12 20:00:00,22.5,29.0,523.5,38.583333333333336,1009.5666666666666
2023-11-12 21:00:00,22.441666666666666,29.0,522.5,38.333333333333336,1009.6333333333333
2023-11-12 22:00:00,22.363636363636363,29.0,517.6363636363636,37.63636363636363,1009.5454545454545
2023-11-12 23:00:00,22.3,29.0,517.5833333333334,37.916666666666664,1009.5
2023-11-13 00:00:00,22.3,28.75,518.5833333333334,38.75,1009.6916666666666
2023-11-13 01:00:00,22.3,28.0,516.0,39.583333333333336,1009.5749999999999
2023-11-13 02:00:00,22.241666666666664,28.0,518.8333333333334,38.083333333333336,1009.4333333333334
2023-11-13 03:00:00,22.2,28.0,517.75,38.25,1009.4166666666666
2023-11-13 04:00:00,22.125,28.0,514.75,37.75,1009.35
2023-11-13 05:00:00,22.041666666666668,27.75,510.25,37.5,1009.2666666666668
2023-11-13 06:00:00,21.924999999999997,27.0,506.3333333333333,37.833333333333336,1009.0666666666666
2023-11-13 07:00:00,21.849999999999998,27.0,503.8333333333333,38.75,1008.8666666666667
2023-11-13 08:00:00,21.88333333333333,27.0,511.8333333333333,38.333333333333336,1008.8499999999999
2023-11-13 09:00:00,21.90909090909091,27.0,516.9090909090909,38.45454545454545,1008.5545454545455
2023-11-13 10:00:00,22.05,27.0,521.3333333333334,38.166666666666664,1008.7916666666666
2023-11-13 11:00:00,22.183333333333334,27.0,515.5833333333334,38.25,1008.2666666666668
2023-11-13 12:00:00,22.3,27.0,515.8333333333334,38.333333333333336,1007.4250000000001
2023-11-13 13:00:00,22.3,27.0,519.5833333333334,38.666666666666664,1006.85
2023-11-13 14:00:00,22.308333333333334,27.0,535.25,38.583333333333336,1005.975
2023-11-13 15:00:00,22.333333333333332,27.0,521.5833333333334,38.583333333333336,1005.0500000000001
2023-11-13 16:00:00,22.275000000000002,27.0,510.9166666666667,38.75,1004.3333333333334
2023-11-13 17:00:00,22.175,27.0,510.0833333333333,38.333333333333336,1004.1999999999999
2023-11-13 18:00:00,22.075000000000003,27.0,506.5,37.916666666666664,1003.9333333333334
2023-11-13 19:00:00,21.88333333333333,27.0,500.1666666666667,38.333333333333336,1003.4250000000001
2023-11-13 20:00:00,21.681818181818183,27.0,492.1818181818182,38.90909090909091,1002.5454545454545
2023-11-13 21:00:00,21.816666666666666,27.0,501.75,38.5,1002.5416666666666
2023-11-13 22:00:00,21.899999999999995,27.0,507.4166666666667,38.166666666666664,1002.025
2023-11-13 23:00:00,21.875,27.0,507.3333333333333,38.166666666666664,1001.4416666666666
2023-11-14 00:00:00,21.800000000000004,27.0,496.53846153846155,37.61538461538461,1001.0461538461539
2023-11-14 01:00:00,21.758333333333336,26.833333333333332,497.0,40.916666666666664,1000.775
2023-11-14 02:00:00,21.675,27.0,487.8333333333333,38.5,1000.4333333333334
2023-11-14 03:00:00,21.65833333333333,27.0,488.5833333333333,38.083333333333336,1000.025
2023-11-14 04:00:00,21.163636363636364,27.0,481.54545454545456,38.45454545454545,999.8909090909091
2023-11-14 05:00:00,20.941666666666666,27.0,479.3333333333333,37.916666666666664,999.9250000000001
2023-11-14 06:00:00,21.191666666666666,27.0,481.75,37.5,1000.0916666666667
2023-11-14 07:00:00,20.933333333333334,27.0,477.0,38.583333333333336,1000.3249999999999
2023-11-14 08:00:00,21.0,27.0,482.25,40.0,1000.7833333333333
2023-11-14 09:00:00,21.058333333333334,27.0,482.4166666666667,38.666666666666664,1001.25
2023-11-14 10:00:00,21.25,27.0,480.75,38.25,1001.5749999999999
2023-11-14 11:00:00,21.308333333333334,27.0,480.3333333333333,38.5,1001.875
2023-11-14 12:00:00,21.441666666666666,27.0,582.25,43.166666666666664,1002.3083333333333
2023-11-14 13:00:00,21.766666666666666,28.25,617.4166666666666,42.833333333333336,1002.7333333333332
2023-11-14 14:00:00,21.77692307692308,28.23076923076923,570.7692307692307,38.46153846153846,1003.2769230769231
2023-11-14 15:00:00,21.40833333333333,27.333333333333332,504.0833333333333,38.166666666666664,1003.6
2023-11-14 16:00:00,21.175,27.0,486.4166666666667,37.75,1003.9416666666666
2023-11-14 17:00:00,21.036363636363635,27.0,465.45454545454544,37.72727272727273,1004.4090909090909
2023-11-14 18:00:00,20.85833333333333,27.0,465.4166666666667,38.083333333333336,1004.8416666666667
2023-11-14 19:00:00,20.675,27.0,452.4166666666667,40.0,1005.3666666666667
2023-11-14 20:00:00,20.441666666666666,26.666666666666668,454.6666666666667,38.666666666666664,1005.8166666666666
2023-11-14 21:00:00,20.4,26.083333333333332,452.75,38.75,1006.2333333333332
2023-11-14 22:00:00,20.466666666666665,27.0,610.25,42.5,1006.775
2023-11-14 23:00:00,20.55,27.0,622.0833333333334,45.166666666666664,1007.1916666666666
2023-11-15 00:00:00,20.691666666666666,26.75,583.75,38.333333333333336,1007.725
2023-11-15 01:00:00,21.05,26.0,606.3333333333334,38.25,1008.2166666666667
2023-11-15 02:00:00,20.808333333333334,26.0,633.5833333333334,37.833333333333336,1008.9
2023-11-15 03:00:00,19.71818181818182,26.0,569.5454545454545,37.27272727272727,1009.1636363636363
2023-11-15 04:00:00,19.075,26.0,569.5833333333334,37.166666666666664,1009.5833333333334
2023-11-15 05:00:00,18.741666666666667,26.0,518.25,37.0,1010.0916666666667
2023-11-15 06:00:00,18.55,26.0,508.5,37.25,1010.475
2023-11-15 07:00:00,18.416666666666668,26.0,515.75,37.083333333333336,1010.9666666666667
2023-11-15 08:00:00,18.275000000000002,26.25,528.75,38.083333333333336,1011.5416666666666
2023-11-15 09:00:00,19.783333333333335,27.0,568.5,37.583333333333336,1012.2333333333332
2023-11-15 10:00:00,20.641666666666666,26.083333333333332,518.0833333333334,37.166666666666664,1012.5833333333334
2023-11-15 11:00:00,21.058333333333334,26.0,491.0833333333333,37.583333333333336,1012.9666666666667
2023-11-15 12:00:00,21.34166666666667,26.0,483.3333333333333,37.333333333333336,1013.1999999999999
2023-11-15 13:00:00,21.536363636363635,26.0,506.90909090909093,38.0,1013.5090909090909
2023-11-15 14:00:00,21.675,26.0,650.4166666666666,39.333333333333336,1013.8916666666668
2023-11-15 15:00:00,21.825,26.916666666666668,733.6666666666666,40.083333333333336,1014.2916666666666
2023-11-15 16:00:00,22.308333333333334,27.833333333333332,747.8333333333334,41.916666666666664,1014.7583333333333
2023-11-15 17:00:00,23.099999999999998,31.0,875.9166666666666,49.5,1015.0666666666666
2023-11-15 18:00:00,23.441666666666666,30.083333333333332,732.25,38.166666666666664,1015.4416666666666
2023-11-15 19:00:00,23.358333333333334,28.75,601.0,37.666666666666664,1015.6916666666666
2023-11-15 20:00:00,23.3,28.0,556.6666666666666,37.833333333333336,1015.7916666666666
2023-11-15 21:00:00,23.291666666666668,27.166666666666668,542.4166666666666,38.25,1015.8249999999999
2023-11-15 22:00:00,23.3,27.0,538.2727272727273,37.54545454545455,1016.0181818181819
2023-11-15 23:00:00,23.3,27.0,535.5833333333334,37.25,1016.1750000000001
2023-11-16 00:00:00,23.400000000000002,27.0,699.1666666666666,38.916666666666664,1016.3000000000001
2023-11-16 01:00:00,23.583333333333332,27.083333333333332,777.25,38.75,1016.3416666666667
2023-11-16 02:00:00,23.78333333333333,30.666666666666668,774.9166666666666,44.083333333333336,1016.4583333333334
2023-11-16 03:00:00,24.208333333333332,30.5,849.75,40.0,1016.65
2023-11-16 04:00:00,23.008333333333336,28.583333333333332,792.3333333333334,37.0,1016.8499999999999
2023-11-16 05:00:00,22.491666666666664,28.0,738.5,37.0,1016.8583333333332
2023-11-16 06:00:00,22.175,27.25,700.4166666666666,37.083333333333336,1016.8916666666665
2023-11-16 07:00:00,21.90833333333333,27.0,721.0,37.166666666666664,1017.1333333333333
2023-11-16 08:00:00,21.772727272727273,27.0,717.8181818181819,37.45454545454545,1017.3818181818181
2023-11-16 09:00:00,21.866666666666664,27.5,742.0,38.25,1017.6166666666667
2023-11-16 10:00:00,22.491666666666664,27.75,607.6666666666666,37.416666666666664,1017.9166666666666
2023-11-16 11:00:00,22.600000000000005,27.0,543.4166666666666,37.5,1018.3333333333334
2023-11-16 12:00:00,22.600000000000005,27.0,514.0833333333334,37.75,1018.3000000000001
2023-11-16 13:00:00,22.46666666666667,26.083333333333332,554.9166666666666,37.833333333333336,1018.3000000000001
2023-11-16 14:00:00,21.775000000000002,26.0,616.3333333333334,39.0,1018.1999999999999
2023-11-16 15:00:00,21.991666666666664,26.666666666666668,667.8333333333334,40.416666666666664,1018.1999999999999
2023-11-16 16:00:00,22.3,27.0,923.0,39.083333333333336,1018.3000000000001
2023-11-16 17:00:00,22.53333333333333,27.833333333333332,1033.75,39.166666666666664,1018.3333333333334
2023-11-16 18:00:00,22.572727272727274,28.0,1005.0,39.18181818181818,1018.4272727272728
2023-11-16 19:00:00,22.608333333333334,28.0,958.25,38.0,1018.6583333333333
2023-11-16 20:00:00,22.61666666666667,28.0,938.9166666666666,37.5,1018.8499999999999
2023-11-16 21:00:00,23.025000000000002,28.0,850.3333333333334,37.75,1019.025
2023-11-16 22:00:00,23.53333333333333,28.0,743.3333333333334,39.583333333333336,1019.3083333333333
2023-11-16 23:00:00,23.875,27.583333333333332,768.0833333333334,39.416666666666664,1019.5166666666668
2023-11-17 00:00:00,24.0,27.0,791.1666666666666,38.5,1019.7416666666667
2023-11-17 01:00:00,23.933333333333334,27.0,784.8333333333334,38.416666666666664,1019.8416666666667
2023-11-17 02:00:00,23.575,26.083333333333332,875.8333333333334,38.333333333333336,1019.875
2023-11-17 03:00:00,23.181818181818183,26.0,911.0909090909091,37.09090909090909,1020.0909090909091
2023-11-17 04:00:00,22.95,27.0,893.8333333333334,37.166666666666664,1020.1
2023-11-17 05:00:00,22.791666666666668,27.0,853.8333333333334,37.0,1019.975
2023-11-17 06:00:00,22.666666666666668,27.0,837.5833333333334,37.0,1020.1750000000001
2023-11-17 07:00:00,22.558333333333334,27.0,814.75,37.166666666666664,1020.5166666666668
2023-11-17 08:00:00,22.483333333333334,27.0,808.0833333333334,37.083333333333336,1021.0333333333333
2023-11-17 09:00:00,22.391666666666666,27.0,839.75,37.083333333333336,1021.5916666666667
2023-11-17 10:00:00,22.40833333333333,27.083333333333332,836.4166666666666,42.583333333333336,1021.9250000000001
2023-11-17 11:00:00,23.224999999999998,33.75,784.5,41.833333333333336,1022.275
2023-11-17 12:00:00,23.683333333333334,33.25,857.4166666666666,57.0,1022.5
2023-11-17 13:00:00,24.172727272727272,31.363636363636363,835.0909090909091,42.18181818181818,1022.6272727272727
2023-11-17 14:00:00,24.375,30.333333333333332,830.1666666666666,42.25,1022.8166666666666
2023-11-17 15:00:00,24.399999999999995,29.166666666666668,718.75,39.916666666666664,1023.125
2023-11-17 16:00:00,24.458333333333332,28.0,614.5,38.25,1023.4916666666667
2023-11-17 17:00:00,24.424999999999997,27.75,634.4166666666666,39.25,1023.8833333333333
2023-11-17 18:00:00,24.291666666666668,27.0,583.75,38.0,1024.2250000000001
2023-11-17 19:00:00,24.141666666666666,26.75,558.5833333333334,37.5,1024.375
2023-11-17 20:00:00,24.075000000000003,26.0,551.0833333333334,37.5,1024.6000000000001
2023-11-17 21:00:00,24.0,26.0,542.0,37.666666666666664,1024.9083333333333
2023-11-17 22:00:00,24.0,25.833333333333332,535.25,37.666666666666664,1025.0083333333334
2023-11-17 23:00:00,23.9,25.0,535.2727272727273,38.0,1025.090909090909
2023-11-18 00:00:00,23.858333333333334,25.0,538.9166666666666,37.666666666666664,1025.1416666666667
2023-11-18 01:00:00,23.8,25.0,541.75,37.5,1025.0916666666667
2023-11-18 02:00:00,23.8,25.0,537.6666666666666,37.583333333333336,1025.3916666666667
2023-11-18 03:00:00,23.78333333333333,25.0,534.8333333333334,37.666666666666664,1025.3833333333334
2023-11-18 04:00:00,23.71666666666667,24.583333333333332,536.5833333333334,37.166666666666664,1025.2666666666667
2023-11-18 05:00:00,23.650000000000002,24.0,529.6666666666666,37.333333333333336,1025.1833333333332
2023-11-18 06:00:00,23.59166666666667,24.0,524.3333333333334,37.666666666666664,1024.9833333333333
2023-11-18 07:00:00,23.5,24.0,522.0,37.5,1024.95
2023-11-18 08:00:00,23.5,24.0,522.6363636363636,37.45454545454545,1025.0636363636363
2023-11-18 09:00:00,23.5,23.916666666666668,518.75,37.666666666666664,1025.1666666666667
2023-11-18 10:00:00,23.491666666666664,23.0,521.0,37.833333333333336,1025.2916666666667
2023-11-18 11:00:00,23.5,23.0,523.5833333333334,38.25,1025.2250000000001
2023-11-18 12:00:00,23.5,23.0,520.8333333333334,37.416666666666664,1024.9166666666667
2023-11-18 13:00:00,23.5,23.0,523.0,38.333333333333336,1024.425
2023-11-18 14:00:00,23.558333333333334,23.0,523.9166666666666,37.5,1023.525
2023-11-18 15:00:00,23.5,23.0,521.5833333333334,38.0,1023.1750000000001
2023-11-18 16:00:00,23.5,23.0,521.4166666666666,38.25,1022.625
2023-11-18 17:00:00,23.416666666666668,23.0,521.6666666666666,37.916666666666664,1021.9833333333332
2023-11-18 18:00:00,23.38181818181818,23.0,526.9090909090909,38.09090909090909,1021.7727272727273
2023-11-18 19:00:00,23.3,23.0,521.6666666666666,38.75,1021.5916666666667
2023-11-18 20:00:00,23.3,23.0,521.5,38.666666666666664,1020.9333333333334
2023-11-18 21:00:00,23.291666666666668,23.0,519.3333333333334,38.083333333333336,1020.0166666666668
2023-11-18 22:00:00,23.266666666666666,23.0,519.8333333333334,37.583333333333336,1019.2666666666668
2023-11-18 23:00:00,23.275000000000002,23.0,519.4166666666666,38.0,1018.0500000000001
2023-11-19 00:00:00,23.333333333333332,23.666666666666668,520.1666666666666,38.25,1017.2166666666667
2023-11-19 01:00:00,23.308333333333334,24.0,522.6666666666666,37.333333333333336,1016.25
2023-11-19 02:00:00,23.316666666666666,24.0,517.75,37.583333333333336,1015.4499999999999
2023-11-19 03:00:00,23.3,24.0,512.8181818181819,37.72727272727273,1014.4727272727273
2023-11-19 04:00:00,23.208333333333332,24.0,519.25,37.666666666666664,1013.3249999999999
2023-11-19 05:00:00,23.2,23.916666666666668,514.75,37.416666666666664,1012.125
2023-11-19 06:00:00,23.2,23.0,515.3333333333334,37.583333333333336,1011.5666666666666
2023-11-19 07:00:00,23.11666666666667,23.0,513.3333333333334,37.916666666666664,1011.25
2023-11-19 08:00:00,23.108333333333334,23.0,511.0,37.833333333333336,1010.9083333333333
2023-11-19 09:00:00,23.2,23.0,515.5833333333334,37.5,1010.5583333333334
2023-11-19 10:00:00,23.21666666666667,24.0,515.5833333333334,37.833333333333336,1010.1916666666666
2023-11-19 11:00:00,23.2,24.0,516.5,38.333333333333336,1009.6333333333333
2023-11-19 12:00:00,23.224999999999998,24.0,518.4166666666666,38.0,1009.2083333333334
2023-11-19 13:00:00,23.327272727272728,24.0,515.6363636363636,37.72727272727273,1008.7545454545453
2023-11-19 14:00:00,23.325,24.0,521.4166666666666,38.083333333333336,1008.3416666666667
2023-11-19 15:00:00,23.358333333333334,24.333333333333332,594.5833333333334,42.75,1008.1666666666666
2023-11-19 16:00:00,23.733333333333334,29.666666666666668,696.25,42.083333333333336,1008.3333333333334
2023-11-19 17:00:00,23.708333333333332,28.75,593.75,42.916666666666664,1008.3416666666667
2023-11-19 18:00:00,23.566666666666666,28.0,658.1666666666666,42.083333333333336,1008.4916666666667
2023-11-19 19:00:00,23.5,28.666666666666668,749.6666666666666,43.666666666666664,1008.6999999999999
2023-11-19 20:00:00,23.625,29.5,824.0833333333334,39.083333333333336,1008.9499999999999
2023-11-19 21:00:00,23.016666666666666,28.583333333333332,823.6666666666666,37.333333333333336,1009.1999999999999
2023-11-19 22:00:00,22.508333333333336,28.0,758.0833333333334,37.25,1009.4250000000001
2023-11-19 23:00:00,22.30909090909091,28.0,739.0909090909091,37.36363636363637,1009.3
2023-11-20 00:00:00,22.224999999999998,28.0,732.1666666666666,37.0,1009.4083333333333
2023-11-20 01:00:00,22.0,28.0,707.1666666666666,36.916666666666664,1009.4499999999999
2023-11-20 02:00:00,21.924999999999997,28.0,713.9166666666666,37.0,1009.625
2023-11-20 03:00:00,21.816666666666666,28.0,701.5833333333334,37.0,1009.8416666666667
2023-11-20 04:00:00,21.75,28.0,699.25,36.916666666666664,1009.8333333333334
2023-11-20 05:00:00,21.65833333333333,28.0,688.8333333333334,37.0,1009.9333333333334
2023-11-20 06:00:00,21.600000000000005,28.0,710.8333333333334,37.083333333333336,1010.2083333333334
2023-11-20 07:00:00,21.541666666666668,28.0,689.5,37.416666666666664,1010.625
2023-11-20 08:00:00,21.663636363636364,29.0,694.0909090909091,38.72727272727273,1011.0272727272727
2023-11-20 09:00:00,22.508333333333336,32.416666666666664,655.0833333333334,38.416666666666664,1011.5749999999999
2023-11-20 10:00:00,22.691666666666666,30.916666666666668,550.0,38.5,1012.0916666666667
2023-11-20 11:00:00,22.775000000000002,29.833333333333332,527.25,38.416666666666664,1012.2833333333333
2023-11-20 12:00:00,22.8,29.0,516.8333333333334,38.333333333333336,1012.4499999999999
2023-11-20 13:00:00,22.891666666666666,28.916666666666668,519.9166666666666,38.333333333333336,1012.6999999999999
2023-11-20 14:00:00,22.88333333333333,28.666666666666668,574.6666666666666,39.833333333333336,1012.8333333333334
2023-11-20 15:00:00,22.683333333333334,29.0,587.9166666666666,40.166666666666664,1013.0583333333334
2023-11-20 16:00:00,22.641666666666666,29.0,557.5833333333334,39.75,1013.625
2023-11-20 17:00:00,23.09166666666667,30.416666666666668,915.6666666666666,51.916666666666664,1014.375
2023-11-20 18:00:00,23.772727272727273,31.0,1112.7272727272727,55.0,1015.0545454545455
2023-11-20 19:00:00,24.15833333333333,32.0,1230.25,52.916666666666664,1015.85
2023-11-20 20:00:00,23.90833333333333,31.25,859.4166666666666,39.0,1016.375
2023-11-20 21:00:00,23.566666666666666,31.0,781.8333333333334,39.416666666666664,1016.8916666666668
2023-11-20 22:00:00,23.600000000000005,31.0,737.9166666666666,40.166666666666664,1017.5083333333333
2023-11-20 23:00:00,23.866666666666664,31.333333333333332,839.1666666666666,43.416666666666664,1017.8333333333334
2023-11-21 00:00:00,23.650000000000002,30.916666666666668,869.25,38.166666666666664,1018.2166666666667
2023-11-21 01:00:00,22.791666666666668,30.0,831.1666666666666,41.25,1018.7166666666667
2023-11-21 02:00:00,22.433333333333334,29.083333333333332,776.1666666666666,38.416666666666664,1019.4166666666666
2023-11-21 03:00:00,22.166666666666668,29.0,759.6666666666666,37.833333333333336,1019.8333333333334
2023-11-21 04:00:00,21.87272727272727,29.0,751.7272727272727,37.36363636363637,1020.4272727272728
2023-11-21 05:00:00,21.641666666666666,29.0,757.9166666666666,37.416666666666664,1021.2083333333334
2023-11-21 06:00:00,21.516666666666666,29.0,745.5,37.583333333333336,1022.025
2023-11-21 07:00:00,21.34166666666667,29.0,725.75,37.666666666666664,1022.9666666666667
2023-11-21 08:00:00,21.183333333333334,29.0,741.0833333333334,38.25,1023.7083333333334
2023-11-21 09:00:00,21.675,31.166666666666668,732.1666666666666,39.083333333333336,1024.325
2023-11-21 10:00:00,22.958333333333332,34.666666666666664,769.25,40.333333333333336,1025.05
2023-11-21 11:00:00,23.391666666666666,32.75,759.1666666666666,40.583333333333336,1025.5666666666666
2023-11-21 12:00:00,23.59166666666667,31.666666666666668,761.0833333333334,42.583333333333336,1025.8416666666667
2023-11-21 13:00:00,24.145454545454548,31.0,787.5454545454545,41.63636363636363,1026.1454545454546
2023-11-21 14:00:00,24.21666666666667,30.333333333333332,714.25,38.166666666666664,1026.5083333333334
2023-11-21 15:00:00,24.075000000000003,29.666666666666668,595.75,38.583333333333336,1026.95
2023-11-21 16:00:00,23.974999999999998,29.0,564.8333333333334,38.083333333333336,1027.4416666666666
2023-11-21 17:00:00,23.858333333333334,29.0,555.0833333333334,40.25,1027.9333333333334
2023-11-21 18:00:00,23.75,29.0,545.9166666666666,41.0,1028.05
2023-11-21 19:00:00,23.84166666666667,29.0,628.25,40.083333333333336,1028.2833333333333
2023-11-21 20:00:00,24.11666666666667,32.5,792.25,42.833333333333336,1028.4416666666668
2023-11-21 21:00:00,24.366666666666664,32.916666666666664,885.1666666666666,40.916666666666664,1028.25
2023-11-21 22:00:00,24.75,31.583333333333332,850.0833333333334,39.583333333333336,1028.075
2023-11-21 23:00:00,24.745454545454546,30.818181818181817,810.4545454545455,40.81818181818182,1027.7
2023-11-22 00:00:00,23.78333333333333,30.0,823.0833333333334,37.333333333333336,1027.1416666666667
2023-11-22 01:00:00,23.516666666666666,30.0,783.4166666666666,39.333333333333336,1026.6583333333333
2023-11-22 02:00:00,22.933333333333334,29.166666666666668,803.0,37.5,1026.0916666666667
2023-11-22 03:00:00,22.599999999999998,29.0,794.4166666666666,37.333333333333336,1024.55
2023-11-22 04:00:00,22.46666666666667,29.0,757.1666666666666,37.25,1023.4666666666667
2023-11-22 05:00:00,22.358333333333334,29.25,719.4166666666666,37.25,1022.0916666666667
2023-11-22 06:00:00,22.3,30.0,721.8333333333334,37.5,1020.9833333333332
2023-11-22 07:00:00,22.3,30.083333333333332,714.75,38.083333333333336,1019.5583333333334
2023-11-22 08:00:00,22.424999999999997,31.0,802.8333333333334,38.25,1017.9166666666666
2023-11-22 09:00:00,22.55454545454546,31.0,820.0909090909091,38.45454545454545,1016.4272727272728
2023-11-22 10:00:00,22.733333333333334,31.916666666666668,822.5833333333334,39.416666666666664,1014.275
2023-11-22 11:00:00,23.65833333333333,33.0,825.75,39.75,1012.1333333333333
2023-11-22 12:00:00,24.366666666666664,33.0,884.0,40.833333333333336,1010.6
2023-11-22 13:00:00,24.71666666666667,33.0,882.0833333333334,42.0,1008.5
2023-11-22 14:00:00,24.608333333333334,33.0,747.4166666666666,42.5,1005.6416666666668
2023-11-22 15:00:00,24.991666666666664,33.0,769.5833333333334,44.583333333333336,1002.9833333333332
2023-11-22 16:00:00,25.275000000000002,33.666666666666664,813.5,44.25,1000.9
2023-11-22 17:00:00,25.458333333333332,34.0,882.0833333333334,40.916666666666664,1000.2583333333333
2023-11-22 18:00:00,25.3,34.0,844.0833333333334,38.583333333333336,999.5833333333334
2023-11-22 19:00:00,25.08181818181818,34.0,724.0,39.54545454545455,998.7727272727273
2023-11-22 20:00:00,25.141666666666666,34.0,773.0833333333334,40.833333333333336,998.3166666666666
2023-11-22 21:00:00,25.224999999999998,34.0,798.5,42.166666666666664,997.7583333333333
2023-11-22 22:00:00,25.483333333333334,33.333333333333336,877.4166666666666,40.916666666666664,996.6
2023-11-22 23:00:00,25.508333333333336,33.0,856.25,41.916666666666664,995.6166666666667
2023-11-23 00:00:00,25.308333333333334,33.0,841.25,43.5,994.4250000000001
2023-11-23 01:00:00,22.608333333333334,33.0,544.1666666666666,40.333333333333336,993.4333333333334
2023-11-23 02:00:00,20.616666666666667,34.75,493.4166666666667,38.166666666666664,992.0500000000001
2023-11-23 03:00:00,19.5,36.166666666666664,435.1666666666667,37.583333333333336,991.2166666666667
2023-11-23 04:00:00,18.8,37.27272727272727,441.1818181818182,37.81818181818182,990.1727272727272
2023-11-23 05:00:00,17.941666666666666,38.0,410.6666666666667,37.666666666666664,989.5749999999999
2023-11-23 06:00:00,17.391666666666666,38.083333333333336,413.8333333333333,37.583333333333336,988.5500000000001
2023-11-23 07:00:00,17.8,38.0,456.6666666666667,37.916666666666664,987.5500000000001
2023-11-23 08:00:00,19.466666666666665,36.75,525.0,37.75,987.2583333333333
2023-11-23 09:00:00,19.974999999999998,36.0,565.0,38.583333333333336,986.6
2023-11-23 10:00:00,20.925,35.416666666666664,553.0,37.416666666666664,986.3249999999999
2023-11-23 11:00:00,21.441666666666666,35.0,598.8333333333334,39.25,985.9083333333333
2023-11-23 12:00:00,21.883333333333336,34.0,556.6666666666666,37.916666666666664,985.225
2023-11-23 13:00:00,22.191666666666666,33.083333333333336,530.9166666666666,38.416666666666664,984.35
2023-11-23 14:00:00,22.345454545454547,32.09090909090909,515.9090909090909,38.27272727272727,984.2090909090908
2023-11-23 15:00:00,22.46666666666667,31.166666666666668,496.0833333333333,38.666666666666664,983.8583333333332
2023-11-23 16:00:00,22.575000000000003,30.666666666666668,488.4166666666667,37.666666666666664,983.8916666666668
2023-11-23 17:00:00,22.61666666666667,30.0,486.5833333333333,39.166666666666664,984.5666666666666
2023-11-23 18:00:00,22.7,29.333333333333332,489.6666666666667,40.333333333333336,985.3416666666667
2023-11-23 19:00:00,22.683333333333334,29.0,499.5,41.583333333333336,985.9666666666667
2023-11-23 20:00:00,23.5,28.833333333333332,643.3333333333334,39.416666666666664,986.5166666666668
2023-11-23 21:00:00,24.016666666666666,27.833333333333332,561.5,37.916666666666664,987.375
2023-11-23 22:00:00,24.100000000000005,27.0,527.3333333333334,37.916666666666664,988.1333333333333
2023-11-23 23:00:00,24.191666666666666,26.416666666666668,521.6666666666666,37.916666666666664,988.775
2023-11-24 00:00:00,24.2,26.0,518.4545454545455,37.63636363636363,989.5090909090909
2023-11-24 01:00:00,24.175,25.0,518.0,37.583333333333336,989.9250000000001
2023-11-24 02:00:00,24.100000000000005,24.5,517.1666666666666,37.25,989.9499999999999
2023-11-24 03:00:00,24.083333333333332,24.0,510.0833333333333,37.25,989.25
2023-11-24 04:00:00,24.0,24.0,513.5,37.416666666666664,988.5583333333334
2023-11-24 05:00:00,24.0,24.0,516.9166666666666,37.416666666666664,988.1833333333334
2023-11-24 06:00:00,23.916666666666668,24.0,514.5,37.333333333333336,987.9583333333334
2023-11-24 07:00:00,23.808333333333334,23.833333333333332,514.6666666666666,37.583333333333336,988.15
2023-11-24 08:00:00,23.8,23.416666666666668,521.1666666666666,37.583333333333336,988.6999999999999
2023-11-24 09:00:00,23.8,24.0,515.0,37.72727272727273,989.6727272727272
2023-11-24 10:00:00,23.8,24.0,518.3333333333334,38.083333333333336,990.8083333333334
2023-11-24 11:00:00,23.916666666666668,23.25,511.0833333333333,38.25,991.75
2023-11-24 12:00:00,24.099999999999998,23.0,509.6666666666667,38.083333333333336,992.9833333333332
2023-11-24 13:00:00,24.183333333333334,23.0,514.25,38.25,994.2916666666666
2023-11-24 14:00:00,24.191666666666666,23.0,509.1666666666667,38.416666666666664,995.4250000000001
2023-11-24 15:00:00,24.2,23.0,519.8333333333334,38.833333333333336,996.4916666666667
2023-11-24 16:00:00,24.208333333333332,23.0,521.1666666666666,38.0,997.3833333333333
2023-11-24 17:00:00,24.11666666666667,23.0,517.8333333333334,37.916666666666664,997.8583333333332
2023-11-24 18:00:00,24.066666666666666,23.0,513.9166666666666,38.75,997.9499999999999
2023-11-24 19:00:00,23.89090909090909,22.90909090909091,508.54545454545456,38.45454545454545,998.3090909090909
2023-11-24 20:00:00,23.8,22.0,501.4166666666667,38.083333333333336,998.2166666666667
2023-11-24 21:00:00,23.708333333333332,22.0,504.9166666666667,37.75,998.3583333333332
2023-11-24 22:00:00,23.7,22.25,508.3333333333333,37.583333333333336,998.0500000000001
2023-11-24 23:00:00,23.650000000000002,23.0,513.75,40.583333333333336,998.0749999999999
2023-11-25 00:00:00,23.600000000000005,23.0,513.0833333333334,38.166666666666664,998.4166666666666
2023-11-25 01:00:00,23.583333333333332,23.0,508.5,37.416666666666664,999.1083333333332
2023-11-25 02:00:00,23.53333333333333,23.0,507.0,37.666666666666664,1000.0833333333334
2023-11-25 03:00:00,23.600000000000005,23.0,500.5833333333333,37.666666666666664,1001.15
2023-11-25 04:00:00,23.59166666666667,23.0,498.75,37.333333333333336,1002.1666666666666
2023-11-25 05:00:00,23.55454545454546,23.0,497.3636363636364,37.27272727272727,1003.2636363636364
2023-11-25 06:00:00,23.5,23.0,495.1666666666667,37.25,1004.15
2023-11-25 07:00:00,23.5,23.0,494.75,37.583333333333336,1005.1083333333332
2023-11-25 08:00:00,23.474999999999998,23.0,491.4166666666667,37.25,1005.9499999999999
2023-11-25 09:00:00,23.5,23.0,496.0833333333333,37.5,1006.5416666666666
2023-11-25 10:00:00,23.474999999999998,22.833333333333332,490.3333333333333,37.416666666666664,1007.2333333333332
2023-11-25 11:00:00,23.575000000000003,22.0,499.25,37.916666666666664,1007.6750000000001
2023-11-25 12:00:00,23.625,22.0,502.9166666666667,37.916666666666664,1008.0083333333333
2023-11-25 13:00:00,23.625,21.166666666666668,496.5,37.583333333333336,1008.4583333333334
2023-11-25 14:00:00,23.6,21.0,496.6363636363636,37.45454545454545,1008.7545454545453
2023-11-25 15:00:00,23.508333333333336,20.666666666666668,493.25,37.75,1009.1333333333333
2023-11-25 16:00:00,23.5,20.0,495.9166666666667,37.666666666666664,1009.4666666666667
2023-11-25 17:00:00,23.433333333333334,20.0,496.9166666666667,37.916666666666664,1009.7333333333332
2023-11-25 18:00:00,23.358333333333334,20.0,494.25,37.5,1009.8583333333332
2023-11-25 19:00:00,23.224999999999998,20.0,493.0833333333333,38.583333333333336,1010.1583333333333
2023-11-25 20:00:00,23.175,20.0,490.75,38.0,1010.3000000000001
2023-11-25 21:00:00,23.100000000000005,20.166666666666668,502.4166666666667,38.833333333333336,1010.3666666666667
2023-11-25 22:00:00,23.008333333333336,21.0,602.5833333333334,38.0,1010.4583333333334
2023-11-25 23:00:00,23.058333333333334,21.0,653.1666666666666,43.0,1010.2583333333333
2023-11-26 00:00:00,22.981818181818184,21.636363636363637,689.0909090909091,41.63636363636363,1009.9363636363636
2023-11-26 01:00:00,21.283333333333335,21.166666666666668,666.0833333333334,38.75,1009.8833333333333
2023-11-26 02:00:00,20.358333333333334,21.166666666666668,593.5,38.916666666666664,1009.7333333333332
2023-11-26 03:00:00,19.316666666666666,21.083333333333332,567.25,37.75,1009.5500000000001
2023-11-26 04:00:00,18.625,21.5,533.5,37.833333333333336,1009.4166666666666
2023-11-26 05:00:00,18.15,22.0,505.0,37.666666666666664,1009.0583333333334
2023-11-26 06:00:00,17.641666666666666,22.0,501.5,38.0,1008.9916666666667
2023-11-26 07:00:00,17.208333333333332,22.0,494.9166666666667,38.083333333333336,1009.1
2023-11-26 08:00:00,16.991666666666667,22.75,488.25,37.666666666666664,1009.2833333333333
2023-11-26 09:00:00,16.754545454545454,23.0,468.6363636363636,37.81818181818182,1009.2181818181817
2023-11-26 10:00:00,17.141666666666666,23.916666666666668,512.5,39.5,1009.275
2023-11-26 11:00:00,17.416666666666668,24.5,518.6666666666666,41.916666666666664,1009.1916666666667
2023-11-26 12:00:00,18.125,26.75,573.0833333333334,42.166666666666664,1009.225
2023-11-26 13:00:00,19.925,27.416666666666668,643.9166666666666,39.083333333333336,1009.3666666666667
2023-11-26 14:00:00,20.583333333333332,25.75,505.25,38.166666666666664,1009.5166666666668
2023-11-26 15:00:00,21.075,25.0,583.6666666666666,40.0,1010.025
2023-11-26 16:00:00,21.308333333333334,24.416666666666668,507.0833333333333,38.5,1010.4416666666666
2023-11-26 17:00:00,22.083333333333332,24.916666666666668,654.8333333333334,45.25,1010.625
2023-11-26 18:00:00,22.641666666666666,25.0,690.0,42.75,1010.7583333333333
2023-11-26 19:00:00,22.027272727272727,23.818181818181817,571.7272727272727,42.0,1011.2454545454547
2023-11-26 20:00:00,22.775000000000002,24.0,694.6666666666666,43.25,1011.75
2023-11-26 21:00:00,23.516666666666666,24.5,772.8333333333334,41.833333333333336,1012.1166666666667
2023-11-26 22:00:00,23.600000000000005,24.0,747.3333333333334,41.416666666666664,1012.3416666666667
2023-11-26 23:00:00,23.65833333333333,24.0,753.8333333333334,40.75,1012.4166666666666
2023-11-27 00:00:00,23.333333333333332,23.916666666666668,828.1666666666666,39.583333333333336,1012.7416666666667
2023-11-27 01:00:00,16.05,23.083333333333332,442.0833333333333,38.333333333333336,1012.5583333333334
2023-11-27 02:00:00,10.450000000000001,24.666666666666668,365.75,38.25,1012.25
2023-11-27 03:00:00,10.883333333333333,26.0,374.75,37.416666666666664,1012.3166666666666
2023-11-27 04:00:00,12.841666666666667,26.0,414.9166666666667,37.333333333333336,1012.4250000000001
2023-11-27 05:00:00,13.97272727272727,25.181818181818183,552.6363636363636,37.18181818181818,1012.5181818181819
2023-11-27 06:00:00,14.475,25.0,531.9166666666666,37.166666666666664,1012.5083333333333
2023-11-27 07:00:00,14.783333333333333,25.0,506.0833333333333,37.416666666666664,1012.6333333333333
2023-11-27 08:00:00,14.966666666666667,25.083333333333332,515.5833333333334,37.416666666666664,1013.0500000000001
2023-11-27 09:00:00,15.216666666666667,26.0,538.6666666666666,37.416666666666664,1013.225
2023-11-27 10:00:00,15.658333333333333,26.0,551.6666666666666,37.833333333333336,1013.4583333333334
2023-11-27 11:00:00,16.708333333333332,27.0,562.25,37.833333333333336,1013.9333333333334
2023-11-27 12:00:00,16.8,27.0,476.6666666666667,37.666666666666664,1013.7583333333333
2023-11-27 13:00:00,16.9,26.083333333333332,461.0,37.416666666666664,1013.625
2023-11-27 14:00:00,17.163636363636364,26.0,518.4545454545455,40.27272727272727,1013.5363636363636
2023-11-27 15:00:00,17.216666666666665,25.25,504.9166666666667,37.916666666666664,1013.5833333333334
2023-11-27 16:00:00,17.208333333333332,25.0,474.3333333333333,37.333333333333336,1013.7166666666667
2023-11-27 17:00:00,17.266666666666666,25.0,465.9166666666667,37.583333333333336,1013.4666666666667
2023-11-27 18:00:00,17.216666666666665,24.5,467.25,37.25,1013.1999999999999
2023-11-27 19:00:00,17.3,24.0,468.6666666666667,37.416666666666664,1013.1416666666668
2023-11-27 20:00:00,17.25,24.0,468.8333333333333,38.916666666666664,1013.0083333333333
2023-11-27 21:00:00,17.208333333333332,23.25,468.5,37.416666666666664,1012.8916666666668
2023-11-27 22:00:00,17.150000000000002,23.0,469.0833333333333,37.333333333333336,1012.8666666666667
2023-11-27 23:00:00,17.083333333333332,23.0,467.1666666666667,37.166666666666664,1012.9083333333333
2023-11-28 00:00:00,16.936363636363634,22.636363636363637,463.6363636363636,37.27272727272727,1012.8727272727273
2023-11-28 01:00:00,16.8,22.0,460.25,37.083333333333336,1012.8166666666666
2023-11-28 02:00:00,16.6,22.0,459.8333333333333,37.083333333333336,1012.4499999999999
2023-11-28 03:00:00,16.466666666666665,21.916666666666668,458.4166666666667,36.583333333333336,1012.1916666666666
2023-11-28 04:00:00,16.266666666666666,21.0,456.4166666666667,36.583333333333336,1011.5833333333334
2023-11-28 05:00:00,16.25,21.0,456.75,37.0,1010.7416666666667
2023-11-28 06:00:00,16.291666666666668,21.0,455.25,36.833333333333336,1010.0749999999999
2023-11-28 07:00:00,16.175,21.0,457.3333333333333,37.0,1009.6
2023-11-28 08:00:00,16.116666666666667,21.0,448.75,37.166666666666664,1009.1583333333333
2023-11-28 09:00:00,16.0,21.0,447.5833333333333,37.166666666666664,1008.4250000000001
2023-11-28 10:00:00,16.099999999999998,21.0,450.1818181818182,37.27272727272727,1007.7454545454547
2023-11-28 11:00:00,16.366666666666664,21.0,453.5,37.083333333333336,1006.8833333333333
2023-11-28 12:00:00,16.458333333333332,21.0,453.9166666666667,37.166666666666664,1005.9499999999999
2023-11-28 13:00:00,16.633333333333336,21.0,458.0,37.583333333333336,1005.2333333333332
2023-11-28 14:00:00,16.833333333333332,21.0,456.4166666666667,37.666666666666664,1004.7083333333334
2023-11-28 15:00:00,16.95,21.0,462.0833333333333,37.333333333333336,1004.15
2023-11-28 16:00:00,17.158333333333335,21.0,461.9166666666667,37.416666666666664,1003.7666666666668
2023-11-28 17:00:00,17.283333333333335,21.333333333333332,463.0,37.416666666666664,1003.4250000000001
2023-11-28 18:00:00,17.349999999999998,22.0,468.8333333333333,37.416666666666664,1003.0833333333334
2023-11-28 19:00:00,17.4,22.0,468.90909090909093,37.27272727272727,1002.8181818181819
2023-11-28 20:00:00,17.266666666666666,22.0,464.75,37.25,1002.625
2023-11-28 21:00:00,17.083333333333332,22.583333333333332,460.9166666666667,37.25,1002.6083333333335
2023-11-28 22:00:00,16.883333333333333,23.0,459.75,38.416666666666664,1002.4916666666667
2023-11-28 23:00:00,16.716666666666665,23.0,458.5833333333333,37.5,1002.3833333333333
2023-11-29 00:00:00,16.7,23.0,458.5,37.666666666666664,1002.0833333333334
2023-11-29 01:00:00,16.733333333333334,23.0,462.1666666666667,37.083333333333336,1001.8833333333333
2023-11-29 02:00:00,16.8,23.0,460.0,37.166666666666664,1001.625
2023-11-29 03:00:00,16.849999999999998,23.666666666666668,461.6666666666667,36.916666666666664,1001.3833333333333
2023-11-29 04:00:00,16.883333333333333,24.0,461.6666666666667,36.416666666666664,1001.025
2023-11-29 05:00:00,16.918181818181818,24.0,461.8181818181818,36.63636363636363,1000.6454545454545
2023-11-29 06:00:00,17.033333333333335,24.0,460.25,37.25,1000.6416666666668
2023-11-29 07:00:00,17.216666666666665,24.0,465.5,37.25,1000.6833333333334
2023-11-29 08:00:00,17.408333333333335,24.25,463.25,37.25,1000.9083333333333
2023-11-29 09:00:00,17.658333333333335,25.0,476.4166666666667,37.5,1000.9333333333334
2023-11-29 10:00:00,17.916666666666668,25.0,477.9166666666667,37.166666666666664,1001.1916666666666
2023-11-29 11:00:00,18.125,25.0,485.5833333333333,37.333333333333336,1001.3083333333333
2023-11-29 12:00:00,18.333333333333332,25.0,497.0833333333333,38.083333333333336,1001.5583333333334
2023-11-29 13:00:00,19.191666666666666,25.916666666666668,541.9166666666666,39.25,1002.0166666666668
2023-11-29 14:00:00,18.966666666666665,25.916666666666668,651.3333333333334,39.416666666666664,1003.0833333333334
2023-11-29 15:00:00,18.4,25.0,700.0909090909091,39.0,1003.8181818181819
2023-11-29 16:00:00,18.775,25.5,742.4166666666666,41.25,1004.6666666666666
2023-11-29 17:00:00,20.641666666666666,26.0,803.5,43.583333333333336,1005.5166666666668
2023-11-29 18:00:00,21.333333333333332,25.583333333333332,751.0,40.75,1006.3249999999999
2023-11-29 19:00:00,21.458333333333332,25.0,627.6666666666666,40.5,1006.9333333333334
2023-11-29 20:00:00,21.441666666666666,24.25,597.25,42.0,1007.3249999999999
2023-11-29 21:00:00,21.399999999999995,24.0,588.25,44.75,1007.5416666666666
2023-11-29 22:00:00,21.5,24.0,585.3333333333334,44.416666666666664,1007.9083333333333
2023-11-29 23:00:00,21.558333333333334,24.0,585.5,43.666666666666664,1008.0333333333333
2023-11-30 00:00:00,21.763636363636365,25.0,692.0909090909091,38.90909090909091,1008.0454545454545
2023-11-30 01:00:00,22.25,25.166666666666668,792.9166666666666,39.833333333333336,1008.3000000000001
2023-11-30 02:00:00,21.55,25.0,836.6666666666666,37.666666666666664,1008.4083333333333
2023-11-30 03:00:00,20.216666666666665,25.0,839.25,37.583333333333336,1008.4666666666667
2023-11-30 04:00:00,19.791666666666668,25.0,795.0,37.25,1008.3916666666665
2023-11-30 05:00:00,19.724999999999998,25.0,773.5833333333334,37.25,1008.4250000000001
2023-11-30 06:00:00,19.608333333333334,25.416666666666668,757.25,37.5,1008.375
2023-11-30 07:00:00,19.441666666666666,26.0,754.9166666666666,37.333333333333336,1008.5166666666668
2023-11-30 08:00:00,19.458333333333332,26.0,774.4166666666666,37.5,1008.9250000000001
2023-11-30 09:00:00,19.5,26.0,759.6666666666666,37.75,1009.2083333333334
2023-11-30 10:00:00,19.527272727272727,26.818181818181817,779.1818181818181,37.54545454545455,1009.2727272727273
2023-11-30 11:00:00,19.925,27.0,792.5833333333334,38.083333333333336,1009.25
2023-11-30 12:00:00,21.033333333333335,27.0,850.0833333333334,38.666666666666664,1009.1
2023-11-30 13:00:00,21.875,26.75,824.8333333333334,40.333333333333336,1009.0916666666667
2023-11-30 14:00:00,22.066666666666666,26.583333333333332,886.1666666666666,42.833333333333336,1009.0749999999999
2023-11-30 15:00:00,22.59166666666667,27.416666666666668,898.25,43.166666666666664,1009.1333333333333
2023-11-30 16:00:00,22.866666666666664,29.25,960.4166666666666,39.416666666666664,1009.3083333333333
2023-11-30 17:00:00,23.191666666666666,29.666666666666668,1038.8333333333333,38.916666666666664,1009.3333333333334
2023-11-30 18:00:00,23.366666666666664,29.333333333333332,1066.1666666666667,40.416666666666664,1009.5083333333333
2023-11-30 19:00:00,23.208333333333332,29.0,961.6666666666666,41.666666666666664,1009.5333333333333
2023-11-30 20:00:00,23.19090909090909,29.09090909090909,919.0909090909091,41.72727272727273,1009.4909090909091
2023-11-30 21:00:00,23.34166666666667,29.166666666666668,934.0,47.166666666666664,1009.7416666666667
2023-11-30 22:00:00,23.266666666666666,29.75,915.8333333333334,47.166666666666664,1010.0
2023-11-30 23:00:00,23.099999999999998,28.0,841.5833333333334,45.083333333333336,1010.1833333333334
2023-12-01 00:00:00,20.075,26.916666666666668,743.5833333333334,40.166666666666664,1010.1666666666666
2023-12-01 01:00:00,12.191666666666668,27.0,481.4166666666667,39.166666666666664,1009.5166666666668
2023-12-01 02:00:00,9.791666666666666,27.833333333333332,428.6666666666667,38.333333333333336,1009.3916666666665
2023-12-01 03:00:00,9.6,28.666666666666668,466.9166666666667,39.166666666666664,1009.2583333333333
2023-12-01 04:00:00,13.116666666666667,27.666666666666668,534.75,37.75,1009.4916666666667
2023-12-01 05:00:00,13.883333333333333,26.916666666666668,525.6666666666666,37.916666666666664,1009.5583333333334
2023-12-01 06:00:00,13.963636363636363,26.0,524.2727272727273,37.54545454545455,1009.4545454545455
2023-12-01 07:00:00,13.975,26.0,524.5833333333334,37.833333333333336,1009.5416666666666
2023-12-01 08:00:00,13.891666666666667,25.666666666666668,545.3333333333334,37.916666666666664,1009.8499999999999
2023-12-01 09:00:00,13.758333333333333,25.0,499.1666666666667,38.25,1010.1583333333333
2023-12-01 10:00:00,14.200000000000001,25.5,578.1666666666666,38.333333333333336,1010.1333333333333
2023-12-01 11:00:00,17.525000000000002,28.833333333333332,726.3333333333334,39.416666666666664,1010.2583333333333
2023-12-01 12:00:00,19.599999999999998,34.25,952.3333333333334,41.083333333333336,1010.3416666666667
2023-12-01 13:00:00,20.325,31.333333333333332,739.5,38.5,1010.2416666666667
2023-12-01 14:00:00,20.441666666666666,29.083333333333332,623.25,38.416666666666664,1010.3833333333333
2023-12-01 15:00:00,20.5,27.454545454545453,585.3636363636364,38.36363636363637,1010.5272727272727
2023-12-01 16:00:00,20.541666666666668,26.5,571.5833333333334,38.0,1010.375
2023-12-01 17:00:00,20.608333333333334,25.583333333333332,568.75,39.333333333333336,1010.3666666666667
2023-12-01 18:00:00,20.7,25.0,574.5,38.5,1010.2666666666668
2023-12-01 19:00:00,20.7,24.916666666666668,573.6666666666666,38.333333333333336,1010.2916666666666
2023-12-01 20:00:00,20.7,24.0,570.0833333333334,38.75,1010.4416666666666
2023-12-01 21:00:00,20.758333333333333,24.0,578.0,38.333333333333336,1010.5083333333333
2023-12-01 22:00:00,20.791666666666668,24.0,576.5833333333334,38.416666666666664,1010.5500000000001
2023-12-01 23:00:00,20.708333333333332,24.0,580.8333333333334,38.75,1010.75
2023-12-02 00:00:00,20.741666666666667,23.333333333333332,581.4166666666666,38.416666666666664,1010.9833333333332
2023-12-02 01:00:00,20.7,23.0,581.0909090909091,38.63636363636363,1010.8636363636364
2023-12-02 02:00:00,20.675,23.0,574.3333333333334,38.5,1010.8916666666665
2023-12-02 03:00:00,20.6,22.083333333333332,571.5,38.5,1010.8000000000001
2023-12-02 04:00:00,20.533333333333335,22.0,564.9166666666666,38.083333333333336,1010.8333333333334
2023-12-02 05:00:00,20.5,21.666666666666668,560.9166666666666,38.166666666666664,1010.7916666666666
2023-12-02 06:00:00,20.4,21.0,559.1666666666666,38.166666666666664,1010.9499999999999
2023-12-02 07:00:00,20.35833333333333,21.0,563.1666666666666,38.0,1011.1083333333332
2023-12-02 08:00:00,20.3,21.0,558.0,38.166666666666664,1011.4916666666667
2023-12-02 09:00:00,20.308333333333334,21.0,556.6666666666666,38.333333333333336,1012.0166666666668
2023-12-02 10:00:00,20.325,20.166666666666668,559.0833333333334,38.583333333333336,1012.5
2023-12-02 11:00:00,20.4,20.272727272727273,564.4545454545455,38.18181818181818,1012.5727272727272
2023-12-02 12:00:00,20.433333333333334,21.0,560.5833333333334,38.416666666666664,1012.6833333333334
2023-12-02 13:00:00,20.525000000000002,21.0,565.25,38.833333333333336,1012.8083333333334
2023-12-02 14:00:00,20.675,21.0,562.5833333333334,38.5,1013.1
2023-12-02 15:00:00,20.75,21.0,565.5833333333334,38.416666666666664,1013.4250000000001
2023-12-02 16:00:00,20.8,21.0,569.75,38.75,1013.7333333333332
2023-12-02 17:00:00,20.8,21.0,572.0,38.833333333333336,1014.0749999999999
2023-12-02 18:00:00,20.791666666666668,21.0,569.3333333333334,39.0,1014.4916666666667
2023-12-02 19:00:00,20.741666666666667,21.0,573.0,38.833333333333336,1015.0083333333333
2023-12-02 20:00:00,20.663636363636364,21.363636363636363,571.4545454545455,39.72727272727273,1015.2636363636364
2023-12-02 21:00:00,20.675,21.416666666666668,575.3333333333334,39.916666666666664,1015.85
2023-12-02 22:00:00,20.59166666666667,21.0,572.5,38.416666666666664,1016.1583333333333
2023-12-02 23:00:00,20.5,21.0,572.1666666666666,38.416666666666664,1016.5500000000001
2023-12-03 00:00:00,20.508333333333333,21.0,572.3333333333334,38.583333333333336,1016.8333333333334
2023-12-03 01:00:00,20.483333333333334,21.0,573.3333333333334,38.416666666666664,1016.9250000000001
2023-12-03 02:00:00,20.45,21.0,570.5833333333334,38.083333333333336,1017.3333333333334
2023-12-03 03:00:00,20.308333333333334,21.0,564.5833333333334,38.166666666666664,1017.725
2023-12-03 04:00:00,20.258333333333333,20.166666666666668,560.9166666666666,38.0,1017.7333333333332
2023-12-03 05:00:00,20.2,20.0,555.5,38.0,1017.9166666666666
2023-12-03 06:00:00,20.1,20.0,555.3636363636364,37.81818181818182,1018.2363636363636
2023-12-03 07:00:00,20.066666666666666,20.0,553.75,37.75,1018.4666666666667
2023-12-03 08:00:00,20.025000000000002,19.083333333333332,554.6666666666666,38.083333333333336,1018.9
2023-12-03 09:00:00,20.008333333333333,19.0,552.25,38.0,1019.0166666666668
2023-12-03 10:00:00,20.066666666666666,19.0,558.0,38.583333333333336,1019.3666666666667
2023-12-03 11:00:00,20.150000000000002,19.0,554.5,37.916666666666664,1019.4
2023-12-03 12:00:00,20.208333333333332,19.0,554.3333333333334,38.583333333333336,1019.4
2023-12-03 13:00:00,20.3,19.916666666666668,562.3333333333334,38.333333333333336,1019.4416666666666
2023-12-03 14:00:00,20.4,20.0,557.0,38.0,1019.4083333333333
2023-12-03 15:00:00,20.436363636363634,20.0,565.0,38.18181818181818,1019.3909090909091
2023-12-03 16:00:00,20.491666666666667,20.0,567.0,38.333333333333336,1019.3583333333332
2023-12-03 17:00:00,20.5,20.0,567.8333333333334,38.166666666666664,1019.3416666666667
2023-12-03 18:00:00,20.533333333333335,20.0,575.5833333333334,38.916666666666664,1019.3166666666666
2023-12-03 19:00:00,20.5,20.0,570.75,38.416666666666664,1019.2166666666667
2023-12-03 20:00:00,20.508333333333333,20.083333333333332,565.3333333333334,38.5,1019.0749999999999
2023-12-03 21:00:00,20.575,21.0,575.0,38.666666666666664,1019.1166666666667
2023-12-03 22:00:00,20.6,21.0,574.8333333333334,38.916666666666664,1018.8916666666665
2023-12-03 23:00:00,20.691666666666666,21.0,576.8333333333334,38.833333333333336,1018.7833333333333
2023-12-04 00:00:00,20.7,21.0,574.6666666666666,38.333333333333336,1018.625
2023-12-04 01:00:00,20.7,21.0,577.7272727272727,38.36363636363637,1018.3818181818183
2023-12-04 02:00:00,20.716666666666665,21.0,575.3333333333334,38.083333333333336,1018.2000000000002
2023-12-04 03:00:00,20.7,20.25,570.0833333333334,38.083333333333336,1018.2416666666667
2023-12-04 04:00:00,20.7,20.0,566.5,38.083333333333336,1017.9833333333332
2023-12-04 05:00:00,20.7,20.0,559.75,38.0,1017.9083333333333
2023-12-04 06:00:00,20.7,20.0,560.0833333333334,39.0,1017.8000000000001
2023-12-04 07:00:00,20.7,20.0,566.5,38.166666666666664,1017.7333333333332
2023-12-04 08:00:00,20.7,20.0,565.1666666666666,38.083333333333336,1017.8333333333334
2023-12-04 09:00:00,20.7,20.0,567.9166666666666,38.0,1018.0166666666668
2023-12-04 10:00:00,20.7,19.083333333333332,570.4166666666666,38.583333333333336,1018.225
2023-12-04 11:00:00,20.7,19.0,569.1818181818181,38.63636363636363,1018.1909090909091
2023-12-04 12:00:00,20.758333333333333,19.0,568.3333333333334,38.833333333333336,1017.9833333333332
2023-12-04 13:00:00,20.733333333333334,19.0,572.6666666666666,38.75,1017.725
2023-12-04 14:00:00,20.7,19.0,571.6666666666666,38.75,1017.2666666666668
2023-12-04 15:00:00,20.733333333333334,19.666666666666668,571.0833333333334,38.833333333333336,1016.9916666666667
2023-12-04 16:00:00,20.766666666666666,20.0,574.3333333333334,38.5,1016.9166666666666
2023-12-04 17:00:00,20.625,20.0,578.1666666666666,38.833333333333336,1016.7833333333333
2023-12-04 18:00:00,19.991666666666667,20.0,648.1666666666666,39.166666666666664,1016.975
2023-12-04 19:00:00,19.558333333333334,20.0,557.25,37.583333333333336,1016.9833333333332
2023-12-04 20:00:00,19.316666666666666,20.0,537.0833333333334,37.583333333333336,1016.8499999999999
2023-12-04 21:00:00,19.172727272727272,20.0,530.6363636363636,37.72727272727273,1017.0
2023-12-04 22:00:00,19.05,20.0,526.4166666666666,37.916666666666664,1016.9499999999999
2023-12-04 23:00:00,18.933333333333334,20.0,520.1666666666666,38.083333333333336,1016.9166666666666
2023-12-05 00:00:00,18.791666666666668,20.0,519.1666666666666,37.416666666666664,1016.8583333333332
2023-12-05 01:00:00,18.666666666666668,20.0,517.4166666666666,37.5,1016.9166666666666
2023-12-05 02:00:00,18.6,20.0,512.5833333333334,37.666666666666664,1016.9083333333333
2023-12-05 03:00:00,18.6,20.0,509.6666666666667,37.416666666666664,1017.1999999999999
2023-12-05 04:00:00,18.533333333333335,20.0,511.9166666666667,37.583333333333336,1017.0749999999999
2023-12-05 05:00:00,18.40833333333333,20.0,505.75,37.5,1017.1666666666666
2023-12-05 06:00:00,18.38181818181818,20.0,505.27272727272725,37.45454545454545,1017.3181818181819
2023-12-05 07:00:00,18.233333333333334,20.0,504.4166666666667,37.666666666666664,1017.4666666666667
2023-12-05 08:00:00,18.2,20.25,503.0,37.5,1017.9166666666666
2023-12-05 09:00:00,18.2,21.0,503.1666666666667,37.5,1018.3000000000001
2023-12-05 10:00:00,18.2,21.0,502.9166666666667,37.583333333333336,1018.4833333333332
2023-12-05 11:00:00,18.2,21.0,502.4166666666667,37.5,1018.5416666666666
2023-12-05 12:00:00,18.133333333333336,21.083333333333332,499.25,37.916666666666664,1018.6416666666668
2023-12-05 13:00:00,18.2,22.0,498.5833333333333,37.666666666666664,1018.525
2023-12-05 14:00:00,18.2,22.0,503.0833333333333,37.75,1018.5333333333333
2023-12-05 15:00:00,18.2,22.0,501.5833333333333,37.916666666666664,1018.8583333333332
2023-12-05 16:00:00,18.2,22.0,502.90909090909093,38.09090909090909,1019.0727272727272
2023-12-05 17:00:00,18.2,22.0,504.75,38.083333333333336,1019.1999999999999
2023-12-05 18:00:00,18.166666666666668,22.0,504.25,37.833333333333336,1019.6
2023-12-05 19:00:00,18.09166666666667,22.0,505.0,38.25,1019.8166666666666
2023-12-05 20:00:00,18.0,22.0,504.8333333333333,38.0,1020.125
2023-12-05 21:00:00,18.0,22.0,503.75,38.083333333333336,1020.25
2023-12-05 22:00:00,18.0,22.0,506.0833333333333,40.666666666666664,1020.1750000000001
2023-12-05 23:00:00,18.083333333333332,22.0,503.5833333333333,37.583333333333336,1020.275
2023-12-06 00:00:00,18.09166666666667,22.0,502.1666666666667,38.166666666666664,1020.5833333333334
2023-12-06 01:00:00,18.0,22.0,495.0833333333333,37.666666666666664,1020.6500000000001
2023-12-06 02:00:00,18.0,22.0,497.45454545454544,37.54545454545455,1020.6909090909091
2023-12-06 03:00:00,18.0,22.0,495.25,37.75,1020.6999999999999
2023-12-06 04:00:00,17.974999999999998,22.0,500.4166666666667,37.666666666666664,1020.6833333333334
2023-12-06 05:00:00,17.991666666666667,22.0,492.25,37.666666666666664,1020.75
2023-12-06 06:00:00,17.983333333333334,22.0,499.0833333333333,37.666666666666664,1020.8083333333333
2023-12-06 07:00:00,17.875,23.0,491.0833333333333,38.416666666666664,1021.1333333333333
2023-12-06 08:00:00,17.741666666666667,23.0,492.9166666666667,37.833333333333336,1021.4083333333333
2023-12-06 09:00:00,17.75,23.0,495.25,37.5,1021.875
2023-12-06 10:00:00,17.566666666666666,23.0,491.0,37.833333333333336,1022.0
2023-12-06 11:00:00,17.772727272727273,23.0,490.0,38.09090909090909,1021.9090909090909
2023-12-06 12:00:00,17.991666666666667,23.333333333333332,497.6666666666667,37.75,1021.8833333333333
2023-12-06 13:00:00,18.09166666666667,24.0,500.3333333333333,38.083333333333336,1021.7916666666666
2023-12-06 14:00:00,18.233333333333334,24.0,501.5833333333333,38.333333333333336,1021.625
2023-12-06 15:00:00,18.25,24.0,505.75,38.25,1021.8333333333334
2023-12-06 16:00:00,18.1,24.75,497.5833333333333,38.166666666666664,1022.35
2023-12-06 17:00:00,18.316666666666666,25.0,505.5,37.833333333333336,1022.7166666666667
2023-12-06 18:00:00,18.391666666666666,25.0,501.8333333333333,38.666666666666664,1023.1666666666666
2023-12-06 19:00:00,18.4,25.0,510.0,40.0,1023.4416666666666
2023-12-06 20:00:00,18.4,25.0,507.0833333333333,40.5,1023.5833333333334
2023-12-06 21:00:00,18.4,25.0,511.54545454545456,37.90909090909091,1023.7272727272727
2023-12-06 22:00:00,18.275000000000002,24.916666666666668,504.0,37.916666666666664,1023.7166666666667
2023-12-06 23:00:00,18.400000000000002,25.0,562.5,39.916666666666664,1023.7083333333334
2023-12-07 00:00:00,18.741666666666667,25.0,803.5833333333334,38.916666666666664,1023.7333333333332
2023-12-07 01:00:00,18.55,25.666666666666668,798.75,38.583333333333336,1023.6166666666667
2023-12-07 02:00:00,18.766666666666666,26.0,807.5,38.166666666666664,1023.6750000000001
2023-12-07 03:00:00,18.9,26.0,809.9166666666666,38.166666666666664,1023.6750000000001
2023-12-07 04:00:00,19.391666666666666,25.833333333333332,800.1666666666666,38.166666666666664,1023.6
2023-12-07 05:00:00,19.666666666666668,25.333333333333332,759.8333333333334,38.25,1023.6999999999999
2023-12-07 06:00:00,19.7,25.0,729.6666666666666,38.5,1023.6
2023-12-07 07:00:00,19.7,25.0,727.4545454545455,38.18181818181818,1023.5636363636364
2023-12-07 08:00:00,19.758333333333333,25.0,732.1666666666666,38.833333333333336,1023.4083333333333
2023-12-07 09:00:00,19.841666666666665,25.0,737.1666666666666,38.916666666666664,1023.2833333333333
2023-12-07 10:00:00,20.308333333333334,25.0,675.25,37.916666666666664,1023.225
2023-12-07 11:00:00,20.658333333333335,25.0,615.5,39.083333333333336,1022.9499999999999
2023-12-07 12:00:00,20.216666666666665,24.666666666666668,619.25,39.333333333333336,1022.7833333333333
2023-12-07 13:00:00,20.108333333333334,25.0,628.4166666666666,39.25,1022.6916666666667
2023-12-07 14:00:00,20.516666666666666,25.25,960.25,39.75,1022.3666666666667
2023-12-07 15:00:00,21.181818181818183,26.0,935.9090909090909,43.90909090909091,1022.0727272727272
2023-12-07 16:00:00,21.96666666666667,26.0,883.0833333333334,45.083333333333336,1021.9083333333333
2023-12-07 17:00:00,22.425,26.0,876.8333333333334,43.0,1021.8583333333332
2023-12-07 18:00:00,22.883333333333336,26.5,913.3333333333334,46.25,1022.0166666666668
2023-12-07 19:00:00,23.683333333333334,27.25,1005.4166666666666,45.75,1022.3249999999999
2023-12-07 20:00:00,23.958333333333332,27.083333333333332,1026.0833333333333,43.916666666666664,1022.4166666666666
2023-12-07 21:00:00,24.09166666666667,30.666666666666668,1002.25,41.333333333333336,1021.9499999999999
2023-12-07 22:00:00,23.958333333333332,32.25,851.4166666666666,39.833333333333336,1021.8083333333334
2023-12-07 23:00:00,23.918181818181814,30.636363636363637,882.2727272727273,44.27272727272727,1021.2
2023-12-08 00:00:00,23.858333333333334,29.333333333333332,944.4166666666666,42.166666666666664,1021.0166666666668
2023-12-08 01:00:00,23.708333333333332,28.333333333333332,1031.25,40.5,1020.6666666666666
2023-12-08 02:00:00,23.28333333333333,28.0,1184.25,38.333333333333336,1020.8083333333334
2023-12-08 03:00:00,23.2,27.666666666666668,1163.5,37.833333333333336,1020.6
2023-12-08 04:00:00,23.2,27.0,1154.5833333333333,38.833333333333336,1019.9916666666667
2023-12-08 05:00:00,23.116666666666664,27.0,1144.6666666666667,41.583333333333336,1019.6083333333335
2023-12-08 06:00:00,22.990909090909092,27.0,1147.6363636363637,39.09090909090909,1019.5090909090909
2023-12-08 07:00:00,22.84166666666667,27.0,1116.5,38.75,1019.4250000000001
2023-12-08 08:00:00,22.858333333333334,27.0,1108.3333333333333,37.916666666666664,1019.1166666666667
2023-12-08 09:00:00,22.96666666666667,27.0,1078.6666666666667,39.0,1019.0500000000001
2023-12-08 10:00:00,23.766666666666666,30.916666666666668,1030.5833333333333,44.0,1019.3083333333333
2023-12-08 11:00:00,24.25,31.416666666666668,1189.0,44.25,1019.2166666666667
2023-12-08 12:00:00,24.425,30.0,1120.4166666666667,40.416666666666664,1018.7166666666667
2023-12-08 13:00:00,24.741666666666664,30.0,1140.0,41.916666666666664,1018.3249999999999
2023-12-08 14:00:00,24.80909090909091,31.181818181818183,1150.2727272727273,40.81818181818182,1018.0727272727272
2023-12-08 15:00:00,24.7,32.0,936.3333333333334,38.083333333333336,1017.8166666666666
2023-12-08 16:00:00,24.516666666666666,32.0,775.0833333333334,38.833333333333336,1017.275
2023-12-08 17:00:00,24.5,31.083333333333332,722.75,38.25,1016.8583333333332
2023-12-08 18:00:00,24.45,31.0,696.0,38.0,1016.775
2023-12-08 19:00:00,24.399999999999995,31.0,688.3333333333334,38.25,1016.4499999999999
2023-12-08 20:00:00,24.399999999999995,30.25,687.5833333333334,39.833333333333336,1016.3166666666666
2023-12-08 21:00:00,24.399999999999995,30.0,683.4166666666666,39.25,1015.8083333333334
2023-12-08 22:00:00,24.4,30.0,678.5454545454545,38.81818181818182,1015.2636363636364
2023-12-08 23:00:00,24.391666666666666,30.0,685.5833333333334,38.083333333333336,1015.1333333333333
2023-12-09 00:00:00,24.399999999999995,30.0,683.9166666666666,38.083333333333336,1014.8916666666668
2023-12-09 01:00:00,24.399999999999995,29.75,691.3333333333334,38.416666666666664,1014.3583333333332
2023-12-09 02:00:00,24.399999999999995,29.0,694.5,37.916666666666664,1013.9333333333334
2023-12-09 03:00:00,24.399999999999995,29.0,693.75,38.083333333333336,1013.6416666666668
2023-12-09 04:00:00,24.399999999999995,29.0,687.9166666666666,37.833333333333336,1013.1
2023-12-09 05:00:00,24.399999999999995,29.0,686.3333333333334,37.583333333333336,1012.6833333333334
2023-12-09 06:00:00,24.4,28.636363636363637,684.4545454545455,37.72727272727273,1012.3818181818183
2023-12-09 07:00:00,24.399999999999995,28.0,682.1666666666666,37.833333333333336,1012.0916666666667
2023-12-09 08:00:00,24.399999999999995,28.0,672.9166666666666,38.083333333333336,1011.7083333333334
2023-12-09 09:00:00,24.483333333333334,28.0,680.4166666666666,38.166666666666664,1011.2833333333333
2023-12-09 10:00:00,24.5,28.0,678.25,37.5,1011.1083333333335
2023-12-09 11:00:00,24.600000000000005,27.5,677.4166666666666,37.75,1010.6999999999999
2023-12-09 12:00:00,24.608333333333334,27.0,678.6666666666666,38.5,1009.9333333333334
2023-12-09 13:00:00,24.7,27.0,688.3333333333334,38.583333333333336,1009.2083333333334
2023-12-09 14:00:00,24.7,27.0,679.2727272727273,38.27272727272727,1008.6727272727272
2023-12-09 15:00:00,24.758333333333336,27.0,681.4166666666666,37.833333333333336,1008.0416666666666
2023-12-09 16:00:00,24.791666666666668,27.0,683.4166666666666,37.833333333333336,1007.4583333333334
2023-12-09 17:00:00,24.775000000000002,27.0,679.6666666666666,38.333333333333336,1006.9
2023-12-09 18:00:00,24.741666666666664,27.0,681.0,39.083333333333336,1006.35
2023-12-09 19:00:00,24.7,27.0,682.0833333333334,38.166666666666664,1005.8333333333334
2023-12-09 20:00:00,24.7,27.0,687.25,37.75,1005.6
2023-12-09 21:00:00,24.7,27.0,685.75,37.916666666666664,1005.4666666666667
2023-12-09 22:00:00,24.7,27.0,686.2727272727273,38.09090909090909,1005.5363636363636
2023-12-09 23:00:00,24.7,27.0,691.0,38.083333333333336,1005.6916666666667
2023-12-10 00:00:00,24.7,27.0,690.5833333333334,38.333333333333336,1005.6166666666667
2023-12-10 01:00:00,24.7,27.0,684.4166666666666,38.25,1005.6083333333335
2023-12-10 02:00:00,24.7,27.0,684.9166666666666,37.916666666666664,1005.9166666666666
2023-12-10 03:00:00,24.65833333333333,27.0,679.8333333333334,38.166666666666664,1006.3000000000001
2023-12-10 04:00:00,24.691666666666666,27.0,676.75,38.083333333333336,1006.4250000000001
2023-12-10 05:00:00,24.7,27.0,675.1818181818181,38.0,1006.4181818181819
2023-12-10 06:00:00,24.7,26.416666666666668,677.25,38.25,1006.625
2023-12-10 07:00:00,24.7,26.0,683.6666666666666,38.0,1007.2833333333333
2023-12-10 08:00:00,24.7,26.0,671.5,37.75,1007.8166666666666
2023-12-10 09:00:00,24.75,26.0,680.5833333333334,37.916666666666664,1008.2083333333334
2023-12-10 10:00:00,24.8,26.0,684.5833333333334,38.333333333333336,1008.5166666666668
2023-12-10 11:00:00,24.833333333333332,26.0,682.0833333333334,38.166666666666664,1008.9833333333332
2023-12-10 12:00:00,24.899999999999995,26.0,689.6666666666666,38.083333333333336,1008.9166666666666
2023-12-10 13:00:00,24.9,26.0,685.0909090909091,38.27272727272727,1008.3
2023-12-10 14:00:00,24.899999999999995,26.0,686.1666666666666,38.916666666666664,1008.1583333333333
2023-12-10 15:00:00,24.899999999999995,26.0,687.9166666666666,38.583333333333336,1007.9
2023-12-10 16:00:00,24.90833333333333,26.0,689.75,38.333333333333336,1007.8083333333334
2023-12-10 17:00:00,24.991666666666664,26.0,690.0,38.833333333333336,1007.3166666666666
2023-12-10 18:00:00,25.0,26.0,692.75,38.333333333333336,1006.9333333333334
2023-12-10 19:00:00,25.0,26.0,710.5833333333334,38.416666666666664,1006.2583333333333
2023-12-10 20:00:00,25.09166666666667,26.0,878.5,42.583333333333336,1005.6083333333332
2023-12-10 21:00:00,23.60909090909091,26.09090909090909,887.8181818181819,39.27272727272727,1004.9090909090909
2023-12-10 22:00:00,19.316666666666666,27.333333333333332,637.5,38.416666666666664,1004.0749999999999
2023-12-10 23:00:00,21.224999999999998,27.083333333333332,765.5833333333334,37.916666666666664,1003.6666666666666
2023-12-11 00:00:00,21.5,27.0,760.5833333333334,37.75,1003.225
2023-12-11 01:00:00,21.424999999999997,27.0,762.75,37.916666666666664,1002.775
2023-12-11 02:00:00,21.2,27.0,744.9166666666666,37.666666666666664,1002.4666666666667
2023-12-11 03:00:00,21.066666666666666,27.0,738.9166666666666,37.666666666666664,1002.3499999999999
2023-12-11 04:00:00,20.95,27.333333333333332,734.75,38.25,1002.225
2023-12-11 05:00:00,20.80909090909091,28.0,723.0,37.81818181818182,1002.0636363636364
2023-12-11 06:00:00,20.724999999999998,27.75,726.4166666666666,38.333333333333336,1001.8666666666667
2023-12-11 07:00:00,20.583333333333332,27.833333333333332,719.1666666666666,38.25,1002.0083333333333
2023-12-11 08:00:00,20.55,28.0,734.25,38.083333333333336,1002.1583333333333
2023-12-11 09:00:00,20.433333333333334,28.0,737.8333333333334,38.25,1002.375
2023-12-11 10:00:00,21.041666666666668,29.916666666666668,825.5,43.0,1002.625
2023-12-11 11:00:00,22.833333333333332,31.666666666666668,837.1666666666666,39.083333333333336,1003.0749999999999
2023-12-11 12:00:00,23.400000000000002,29.5,709.3333333333334,38.583333333333336,1003.3333333333334
2023-12-11 13:00:00,23.581818181818186,28.272727272727273,668.3636363636364,38.54545454545455,1003.8
2023-12-11 14:00:00,23.7,27.666666666666668,655.4166666666666,38.666666666666664,1004.3416666666667
2023-12-11 15:00:00,23.733333333333334,27.0,659.8333333333334,38.333333333333336,1004.75
2023-12-11 16:00:00,23.808333333333334,27.0,680.3333333333334,41.25,1005.4833333333332
2023-12-11 17:00:00,23.7,27.0,850.0833333333334,40.083333333333336,1006.0166666666668
2023-12-11 18:00:00,22.308333333333334,27.166666666666668,847.8333333333334,40.0,1006.5500000000001
2023-12-11 19:00:00,21.733333333333334,28.0,829.75,44.083333333333336,1007.0666666666666
2023-12-11 20:00:00,21.7,28.0,869.0,41.0,1007.6083333333332
2023-12-11 21:00:00,22.554545454545455,28.0,935.2727272727273,42.45454545454545,1008.1545454545455
2023-12-11 22:00:00,22.875,28.0,910.1666666666666,39.0,1008.9083333333333
2023-12-11 23:00:00,22.974999999999998,28.0,904.8333333333334,39.583333333333336,1009.5833333333334
2023-12-12 00:00:00,23.0,28.0,939.5833333333334,41.083333333333336,1009.7916666666666
2023-12-12 01:00:00,23.0,28.0,909.9166666666666,42.333333333333336,1010.0166666666668
2023-12-12 02:00:00,23.0,27.416666666666668,925.25,41.416666666666664,1010.4333333333334
2023-12-12 03:00:00,22.925,27.0,904.9166666666666,42.0,1010.75
2023-12-12 04:00:00,22.254545454545454,27.363636363636363,851.9090909090909,37.72727272727273,1010.6090909090909
2023-12-12 05:00:00,21.849999999999998,28.0,801.75,37.666666666666664,1010.7416666666667
2023-12-12 06:00:00,21.65833333333333,28.0,774.0833333333334,37.75,1011.0583333333334
2023-12-12 07:00:00,21.516666666666666,28.0,773.8333333333334,38.166666666666664,1011.3499999999999
2023-12-12 08:00:00,21.224999999999998,27.5,764.0833333333334,38.25,1011.5833333333334
2023-12-12 09:00:00,21.166666666666668,27.25,787.5833333333334,40.583333333333336,1011.7333333333332
2023-12-12 10:00:00,22.075,27.333333333333332,714.1666666666666,39.416666666666664,1011.9250000000001
2023-12-12 11:00:00,21.833333333333332,26.916666666666668,715.4166666666666,46.25,1012.0166666666668
2023-12-12 12:00:00,22.245454545454546,26.363636363636363,756.0,42.18181818181818,1012.0181818181819
2023-12-12 13:00:00,23.208333333333332,27.5,904.8333333333334,41.916666666666664,1011.8416666666667
2023-12-12 14:00:00,23.741666666666664,28.583333333333332,850.5833333333334,42.25,1011.875
2023-12-12 15:00:00,23.150000000000002,27.75,774.0,39.666666666666664,1011.875
2023-12-12 16:00:00,21.008333333333333,25.666666666666668,554.8333333333334,38.0,1011.6999999999999
2023-12-12 17:00:00,20.108333333333334,25.0,520.5833333333334,38.333333333333336,1011.3833333333333
2023-12-12 18:00:00,19.591666666666665,25.0,508.6666666666667,38.833333333333336,1011.3000000000001
2023-12-12 19:00:00,19.191666666666666,25.0,499.0833333333333,38.25,1011.25
2023-12-12 20:00:00,18.845454545454544,25.0,489.72727272727275,38.09090909090909,1011.1181818181819
2023-12-12 21:00:00,18.558333333333334,24.666666666666668,483.4166666666667,37.916666666666664,1011.4
2023-12-12 22:00:00,18.316666666666666,24.25,478.1666666666667,37.666666666666664,1011.3666666666667
2023-12-12 23:00:00,18.033333333333335,24.083333333333332,479.6666666666667,37.5,1011.3249999999999
2023-12-13 00:00:00,17.783333333333335,24.0,467.1666666666667,37.5,1011.2916666666666
2023-12-13 01:00:00,17.433333333333334,24.0,460.75,37.5,1011.1333333333333
2023-12-13 02:00:00,17.108333333333334,24.0,458.3333333333333,37.25,1011.1333333333333
2023-12-13 03:00:00,16.849999999999998,24.75,454.25,37.5,1011.25
2023-12-13 04:00:00,16.681818181818183,25.0,447.6363636363636,37.18181818181818,1011.2818181818183
2023-12-13 05:00:00,16.566666666666666,25.0,443.6666666666667,37.666666666666664,1011.225
2023-12-13 06:00:00,16.416666666666668,25.0,443.0,37.583333333333336,1011.2833333333333
2023-12-13 07:00:00,16.283333333333335,25.0,438.5,37.5,1011.4250000000001
2023-12-13 08:00:00,16.375,25.0,441.8333333333333,38.0,1011.9
2023-12-13 09:00:00,16.441666666666666,25.0,441.5833333333333,37.75,1012.1750000000001
2023-12-13 10:00:00,16.5,25.0,445.1666666666667,38.083333333333336,1012.6083333333335
2023-12-13 11:00:00,16.441666666666666,25.0,444.4166666666667,37.75,1012.8000000000001
2023-12-13 12:00:00,16.4,25.0,442.6363636363636,37.72727272727273,1012.9818181818181
2023-12-13 13:00:00,16.325,25.0,437.6666666666667,37.916666666666664,1013.225
2023-12-13 14:00:00,16.258333333333333,25.0,436.3333333333333,37.583333333333336,1013.4333333333334
2023-12-13 15:00:00,16.183333333333334,25.0,435.6666666666667,38.0,1013.6916666666667
2023-12-13 16:00:00,16.2,25.0,437.4166666666667,37.75,1014.1166666666667
2023-12-13 17:00:00,16.14166666666667,25.0,437.6666666666667,37.916666666666664,1014.3499999999999
2023-12-13 18:00:00,16.2,25.0,439.9166666666667,38.166666666666664,1014.6166666666667
2023-12-13 19:00:00,16.141666666666666,25.0,437.8333333333333,37.416666666666664,1014.9499999999999
2023-12-13 20:00:00,15.936363636363637,25.0,437.54545454545456,37.63636363636363,1015.4454545454545
2023-12-13 21:00:00,15.766666666666666,25.0,437.1666666666667,37.333333333333336,1015.4833333333332
2023-12-13 22:00:00,15.725,25.0,431.1666666666667,37.5,1015.5500000000001
2023-12-13 23:00:00,15.691666666666665,25.0,432.1666666666667,37.75,1015.5500000000001
2023-12-14 00:00:00,15.641666666666666,25.0,432.0,39.833333333333336,1015.65
2023-12-14 01:00:00,15.350000000000001,25.0,427.25,37.416666666666664,1015.8916666666665
2023-12-14 02:00:00,15.174999999999999,24.0,424.8333333333333,37.25,1016.2583333333333
2023-12-14 03:00:00,15.018181818181818,24.0,419.27272727272725,37.36363636363637,1015.9454545454545
2023-12-14 04:00:00,14.9,24.0,421.75,37.583333333333336,1015.775
2023-12-14 05:00:00,14.766666666666666,24.0,417.75,37.333333333333336,1015.8666666666667
2023-12-14 06:00:00,14.608333333333333,24.0,413.0833333333333,37.416666666666664,1015.9833333333332
2023-12-14 07:00:00,14.5,24.0,407.5,37.5,1016.3166666666666
2023-12-14 08:00:00,14.441666666666668,24.0,413.3333333333333,37.333333333333336,1016.4583333333334
2023-12-14 09:00:00,14.4,24.0,409.5833333333333,37.666666666666664,1016.6833333333334
2023-12-14 10:00:00,14.4,24.0,414.1666666666667,37.5,1016.7916666666666
2023-12-14 11:00:00,14.372727272727273,24.09090909090909,412.72727272727275,37.45454545454545,1017.0909090909091
2023-12-14 12:00:00,14.358333333333334,25.0,413.8333333333333,37.75,1017.2083333333334
2023-12-14 13:00:00,14.516666666666666,25.0,413.0,37.75,1017.2416666666667
2023-12-14 14:00:00,14.6,25.0,416.5,37.916666666666664,1017.475
2023-12-14 15:00:00,14.525,25.0,414.0,37.583333333333336,1017.1999999999999
2023-12-14 16:00:00,14.466666666666667,25.0,415.75,38.333333333333336,1017.1750000000001
2023-12-14 17:00:00,14.433333333333332,25.0,411.0833333333333,38.166666666666664,1017.1666666666666
2023-12-14 18:00:00,14.450000000000001,25.0,411.1666666666667,37.583333333333336,1017.4666666666667
2023-12-14 19:00:00,14.536363636363637,25.0,416.09090909090907,38.0,1017.6
2023-12-14 20:00:00,14.6,26.0,414.0,39.75,1017.5333333333333
2023-12-14 21:00:00,14.683333333333332,26.0,415.1666666666667,37.75,1017.525
2023-12-14 22:00:00,14.841666666666667,26.0,416.25,37.916666666666664,1017.7166666666667
2023-12-14 23:00:00,14.975,26.083333333333332,415.0,37.833333333333336,1017.4499999999999
2023-12-15 00:00:00,15.016666666666666,27.0,418.0833333333333,37.583333333333336,1017.3000000000001
2023-12-15 01:00:00,15.116666666666667,27.833333333333332,418.75,37.5,1017.1916666666666
2023-12-15 02:00:00,15.225,28.5,420.25,37.333333333333336,1017.3000000000001
2023-12-15 03:00:00,15.3,29.272727272727273,421.09090909090907,37.54545454545455,1017.3909090909091
2023-12-15 04:00:00,15.516666666666666,30.5,419.75,37.5,1016.8666666666667
2023-12-15 05:00:00,15.691666666666665,31.333333333333332,421.5833333333333,37.583333333333336,1016.7583333333333
2023-12-15 06:00:00,15.808333333333335,32.166666666666664,428.3333333333333,37.833333333333336,1016.6333333333333
2023-12-15 07:00:00,15.950000000000001,33.0,427.25,37.416666666666664,1016.7666666666668
2023-12-15 08:00:00,16.083333333333332,33.833333333333336,425.0,37.666666666666664,1017.4916666666667
2023-12-15 09:00:00,16.133333333333336,34.0,430.0833333333333,37.583333333333336,1017.8666666666667
2023-12-15 10:00:00,16.325,34.0,431.9166666666667,38.333333333333336,1018.4333333333334
2023-12-15 11:00:00,16.463636363636365,34.0,433.54545454545456,38.54545454545455,1018.4363636363636
2023-12-15 12:00:00,16.5,34.0,437.3333333333333,38.0,1018.3833333333333
2023-12-15 13:00:00,16.533333333333335,33.5,436.3333333333333,38.0,1018.6916666666666
2023-12-15 14:00:00,16.5,33.0,435.4166666666667,37.833333333333336,1019.1833333333334
2023-12-15 15:00:00,16.5,33.75,443.0833333333333,37.833333333333336,1019.125
2023-12-15 16:00:00,16.5,34.0,432.5,37.75,1019.6416666666668
2023-12-15 17:00:00,16.5,33.75,436.5,37.75,1019.8000000000001
2023-12-15 18:00:00,16.425,33.666666666666664,438.8333333333333,38.083333333333336,1019.875
2023-12-15 19:00:00,16.4,34.0,443.3636363636364,38.36363636363637,1020.3
2023-12-15 20:00:00,16.425,34.0,443.0833333333333,37.666666666666664,1020.4416666666666
2023-12-15 21:00:00,16.55,34.75,435.9166666666667,37.5,1020.3083333333334
2023-12-15 22:00:00,16.6,35.0,432.5833333333333,37.5,1020.475
2023-12-15 23:00:00,16.6,35.0,429.75,37.333333333333336,1020.5333333333333
2023-12-16 00:00:00,16.683333333333334,35.0,429.5,37.5,1020.3249999999999
2023-12-16 01:00:00,16.849999999999998,35.916666666666664,427.5,37.666666666666664,1020.1
2023-12-16 02:00:00,17.025000000000002,36.25,427.0,37.666666666666664,1019.7666666666668
2023-12-16 03:00:00,17.227272727272727,37.0,436.09090909090907,37.36363636363637,1019.0636363636364
2023-12-16 04:00:00,17.525000000000002,37.916666666666664,437.5,37.416666666666664,1018.4
2023-12-16 05:00:00,17.866666666666667,38.166666666666664,448.3333333333333,37.5,1017.775
2023-12-16 06:00:00,18.05,39.0,454.1666666666667,37.25,1017.4333333333334
2023-12-16 07:00:00,18.166666666666668,39.0,457.0,37.333333333333336,1017.3000000000001
2023-12-16 08:00:00,18.208333333333332,39.0,457.75,37.583333333333336,1017.025
2023-12-16 09:00:00,18.291666666666668,39.916666666666664,458.6666666666667,37.583333333333336,1016.4416666666666
2023-12-16 10:00:00,18.4,40.0,460.90909090909093,37.45454545454545,1016.1727272727272
2023-12-16 11:00:00,18.55,40.0,463.75,37.583333333333336,1015.6750000000001
2023-12-16 12:00:00,18.766666666666666,40.0,468.75,37.916666666666664,1014.4
2023-12-16 13:00:00,19.033333333333335,40.0,478.75,38.25,1013.5166666666668
2023-12-16 14:00:00,19.133333333333336,40.0,476.0,38.0,1012.7916666666666
2023-12-16 15:00:00,19.308333333333334,40.0,481.0,38.666666666666664,1011.7666666666665
2023-12-16 16:00:00,19.433333333333334,40.0,485.0,38.25,1010.7333333333332
2023-12-16 17:00:00,19.5,40.0,485.8333333333333,38.75,1009.9083333333333
2023-12-16 18:00:00,19.463636363636365,40.0,489.45454545454544,39.45454545454545,1009.3818181818183
2023-12-16 19:00:00,19.64166666666667,40.0,488.75,40.083333333333336,1009.625
2023-12-16 20:00:00,19.508333333333333,40.0,489.6666666666667,39.583333333333336,1010.275
2023-12-16 21:00:00,19.4,39.75,487.3333333333333,37.666666666666664,1011.0666666666666
2023-12-16 22:00:00,19.4,39.0,480.8333333333333,38.166666666666664,1011.7833333333333
2023-12-16 23:00:00,19.6,38.5,489.0,37.833333333333336,1012.9333333333334
2023-12-17 00:00:00,19.558333333333334,37.583333333333336,494.0,37.666666666666664,1014.2833333333333
2023-12-17 01:00:00,19.283333333333335,36.5,495.6666666666667,37.916666666666664,1015.225
2023-12-17 02:00:00,18.990909090909092,35.72727272727273,492.6363636363636,38.27272727272727,1015.3545454545455
2023-12-17 03:00:00,18.8,35.0,488.25,38.166666666666664,1015.6083333333332
2023-12-17 04:00:00,18.64166666666667,35.0,486.4166666666667,38.083333333333336,1015.7916666666666
2023-12-17 05:00:00,18.474999999999998,35.0,484.25,38.083333333333336,1015.3583333333332
2023-12-17 06:00:00,18.416666666666668,35.666666666666664,478.5833333333333,37.583333333333336,1014.5333333333333
2023-12-17 07:00:00,18.558333333333334,37.083333333333336,476.25,37.333333333333336,1013.6916666666666
2023-12-17 08:00:00,18.825,38.333333333333336,473.25,37.583333333333336,1012.9833333333332
2023-12-17 09:00:00,18.991666666666667,39.333333333333336,480.8333333333333,37.666666666666664,1012.1
2023-12-17 10:00:00,19.12727272727273,40.0,479.8181818181818,37.54545454545455,1011.5
2023-12-17 11:00:00,19.258333333333333,40.0,480.75,37.666666666666664,1011.1
2023-12-17 12:00:00,19.408333333333335,41.0,488.25,37.833333333333336,1010.6166666666667
2023-12-17 13:00:00,19.516666666666666,40.083333333333336,491.5,38.25,1009.4666666666667
2023-12-17 14:00:00,19.683333333333334,40.0,491.3333333333333,38.5,1008.8916666666668
2023-12-17 15:00:00,19.8,40.0,495.75,37.833333333333336,1008.5333333333333
2023-12-17 16:00:00,19.558333333333334,40.0,492.0,37.666666666666664,1008.625
2023-12-17 17:00:00,19.4,40.0,494.5,38.0,1008.7333333333332
2023-12-17 18:00:00,19.336363636363636,40.0,488.0,37.81818181818182,1008.9818181818181
2023-12-17 19:00:00,19.616666666666667,40.0,494.9166666666667,37.916666666666664,1009.3666666666667
2023-12-17 20:00:00,19.59166666666667,40.0,493.4166666666667,38.083333333333336,1009.4499999999999
2023-12-17 21:00:00,19.5,40.0,492.8333333333333,37.75,1009.625
2023-12-17 22:00:00,19.683333333333334,40.0,495.75,38.166666666666664,1009.7166666666667
2023-12-17 23:00:00,19.7,40.0,496.1666666666667,37.666666666666664,1009.5833333333334
2023-12-18 00:00:00,19.758333333333333,40.0,496.3333333333333,37.583333333333336,1009.725
2023-12-18 01:00:00,19.8,40.0,498.09090909090907,37.63636363636363,1009.8909090909091
2023-12-18 02:00:00,19.816666666666666,40.0,503.9166666666667,37.666666666666664,1009.9
2023-12-18 03:00:00,19.650000000000002,40.0,501.25,37.916666666666664,1010.0083333333333
2023-12-18 04:00:00,19.474999999999998,40.0,491.4166666666667,37.583333333333336,1010.0166666666668
2023-12-18 05:00:00,19.4,40.0,493.1666666666667,37.5,1010.1666666666666
2023-12-18 06:00:00,19.5,40.0,494.8333333333333,37.583333333333336,1010.8083333333334
2023-12-18 07:00:00,19.441666666666666,40.0,492.8333333333333,37.75,1011.0583333333334
2023-12-18 08:00:00,19.3,40.0,494.1666666666667,38.25,1011.6583333333333
2023-12-18 09:00:00,19.163636363636364,40.0,490.09090909090907,38.36363636363637,1011.6090909090909
2023-12-18 10:00:00,19.125,40.0,487.9166666666667,38.083333333333336,1011.5749999999999
2023-12-18 11:00:00,19.375,40.0,493.8333333333333,38.333333333333336,1011.4833333333332
2023-12-18 12:00:00,19.5,40.0,498.5833333333333,38.083333333333336,1010.9833333333332
2023-12-18 13:00:00,19.941666666666666,40.25,621.9166666666666,40.583333333333336,1010.475
2023-12-18 14:00:00,21.483333333333334,40.0,1019.0,42.25,1010.0916666666667
2023-12-18 15:00:00,22.675,39.333333333333336,991.25,39.083333333333336,1009.5583333333334
2023-12-18 16:00:00,23.175,37.666666666666664,750.4166666666666,38.583333333333336,1008.6916666666666
2023-12-18 17:00:00,23.39090909090909,36.90909090909091,664.9090909090909,38.72727272727273,1007.5818181818181
2023-12-18 18:00:00,23.5,36.0,622.6666666666666,38.583333333333336,1006.2583333333333
2023-12-18 19:00:00,23.59166666666667,36.0,618.3333333333334,38.416666666666664,1004.8333333333334
2023-12-18 20:00:00,23.7,36.0,603.9166666666666,38.416666666666664,1002.9333333333334
2023-12-18 21:00:00,23.78333333333333,36.0,604.8333333333334,38.583333333333336,1000.775
2023-12-18 22:00:00,23.88333333333333,36.0,613.8333333333334,38.666666666666664,999.525
2023-12-18 23:00:00,24.016666666666666,36.0,616.9166666666666,38.166666666666664,998.5666666666666
2023-12-19 00:00:00,24.100000000000005,36.0,616.9166666666666,37.75,997.975
2023-12-19 01:00:00,24.20909090909091,36.0,621.0909090909091,38.18181818181818,998.3454545454545
2023-12-19 02:00:00,24.3,35.166666666666664,620.0,37.833333333333336,998.9250000000001
2023-12-19 03:00:00,24.375,34.5,618.8333333333334,37.666666666666664,999.6750000000001
2023-12-19 04:00:00,24.399999999999995,33.416666666666664,624.8333333333334,37.5,999.975
2023-12-19 05:00:00,24.458333333333332,32.333333333333336,625.6666666666666,37.666666666666664,1000.625
2023-12-19 06:00:00,24.5,31.166666666666668,622.8333333333334,37.916666666666664,1001.2416666666667
2023-12-19 07:00:00,24.55,30.416666666666668,623.8333333333334,37.583333333333336,1001.375
2023-12-19 08:00:00,24.625,30.0,620.4166666666666,38.25,1001.5666666666666
2023-12-19 09:00:00,24.70909090909091,30.0,631.8181818181819,38.27272727272727,1001.7
2023-12-19 10:00:00,24.8,29.5,631.3333333333334,38.583333333333336,1001.4583333333334
2023-12-19 11:00:00,24.875,29.0,632.0833333333334,38.25,1000.9916666666667
2023-12-19 12:00:00,24.916666666666668,29.0,627.5,38.416666666666664,1000.6
2023-12-19 13:00:00,25.0,29.0,634.3333333333334,38.833333333333336,1000.0333333333333
2023-12-19 14:00:00,25.083333333333332,29.0,641.5,38.666666666666664,999.4
2023-12-19 15:00:00,25.108333333333334,29.0,635.75,38.333333333333336,998.6166666666667
2023-12-19 16:00:00,25.2,29.0,637.25,38.166666666666664,998.4833333333332
2023-12-19 17:00:00,25.254545454545454,29.0,638.4545454545455,38.27272727272727,998.4090909090909
2023-12-19 18:00:00,25.3,29.0,642.1666666666666,41.333333333333336,998.025
2023-12-19 19:00:00,25.3,29.0,640.75,38.583333333333336,997.875
2023-12-19 20:00:00,25.3,28.416666666666668,639.4166666666666,40.833333333333336,997.5583333333334
2023-12-19 21:00:00,25.3,28.0,640.5,39.166666666666664,997.1999999999999
2023-12-19 22:00:00,25.333333333333332,28.0,637.25,38.5,996.4499999999999
2023-12-19 23:00:00,25.391666666666666,28.0,642.5833333333334,38.333333333333336,995.4583333333334
2023-12-20 00:00:00,25.399999999999995,28.0,644.75,38.166666666666664,994.4333333333334
2023-12-20 01:00:00,25.4,28.0,645.7272727272727,38.09090909090909,993.5636363636364
2023-12-20 02:00:00,25.40833333333333,28.0,644.5,38.166666666666664,992.5416666666666
2023-12-20 03:00:00,25.441666666666666,28.0,649.3333333333334,38.083333333333336,991.2916666666666
2023-12-20 04:00:00,25.491666666666664,28.0,643.5,37.666666666666664,990.2916666666666
2023-12-20 05:00:00,25.5,28.0,646.4166666666666,37.916666666666664,989.3916666666668
2023-12-20 06:00:00,25.525000000000002,28.0,646.0833333333334,37.583333333333336,988.6583333333333
2023-12-20 07:00:00,25.600000000000005,28.0,646.9166666666666,37.833333333333336,988.3249999999999
2023-12-20 08:00:00,25.600000000000005,28.0,651.0,38.166666666666664,988.4416666666666
2023-12-20 09:00:00,25.69090909090909,27.363636363636363,650.0,37.72727272727273,988.4636363636364
2023-12-20 10:00:00,25.7,27.0,658.9166666666666,37.75,988.3916666666665
2023-12-20 11:00:00,25.766666666666666,27.0,650.5,38.5,988.3166666666666
2023-12-20 12:00:00,25.8,27.0,658.25,38.0,988.2916666666666
2023-12-20 13:00:00,25.891666666666666,27.0,656.4166666666666,37.916666666666664,988.4833333333332
2023-12-20 14:00:00,25.899999999999995,26.166666666666668,661.5833333333334,38.333333333333336,988.8000000000001
2023-12-20 15:00:00,25.899999999999995,26.0,658.5833333333334,38.5,989.0416666666666
2023-12-20 16:00:00,25.9,26.0,662.1818181818181,38.54545454545455,989.4727272727273
2023-12-20 17:00:00,25.899999999999995,25.5,665.25,38.666666666666664,989.4916666666667
2023-12-20 18:00:00,25.866666666666664,25.0,664.0833333333334,38.416666666666664,989.625
2023-12-20 19:00:00,25.8,25.0,667.5833333333334,38.5,989.9
2023-12-20 20:00:00,25.724999999999998,25.0,672.0833333333334,39.0,989.7666666666668
2023-12-20 21:00:00,25.7,24.833333333333332,676.0833333333334,38.833333333333336,989.6166666666667
2023-12-20 22:00:00,25.650000000000002,24.0,674.0,38.333333333333336,988.8416666666667
2023-12-20 23:00:00,25.61666666666667,24.0,674.25,38.083333333333336,988.3666666666667
2023-12-21 00:00:00,25.6,24.0,668.2727272727273,37.81818181818182,987.8
2023-12-21 01:00:00,25.600000000000005,24.0,664.6666666666666,37.916666666666664,986.525
2023-12-21 02:00:00,25.516666666666666,23.333333333333332,662.4166666666666,38.083333333333336,985.775
2023-12-21 03:00:00,25.5,23.0,655.0,38.0,984.2166666666667
2023-12-21 04:00:00,25.433333333333334,23.0,656.3333333333334,37.666666666666664,982.275
2023-12-21 05:00:00,25.399999999999995,23.0,657.5,38.083333333333336,979.9
2023-12-21 06:00:00,25.399999999999995,23.0,651.5833333333334,38.083333333333336,977.0916666666667
2023-12-21 07:00:00,25.399999999999995,23.0,649.5,37.916666666666664,974.0666666666666
2023-12-21 08:00:00,25.463636363636365,23.0,649.6363636363636,38.27272727272727,971.4272727272728
2023-12-21 09:00:00,25.566666666666666,23.666666666666668,647.8333333333334,38.5,968.3583333333332
2023-12-21 10:00:00,25.600000000000005,24.0,649.3333333333334,38.5,965.2833333333333
2023-12-21 11:00:00,25.61666666666667,24.0,650.1666666666666,38.25,962.5416666666666
2023-12-21 12:00:00,25.7,24.083333333333332,655.4166666666666,39.0,960.5
2023-12-21 13:00:00,25.7,25.0,659.6666666666666,39.583333333333336,959.1333333333333
2023-12-21 14:00:00,25.775000000000002,25.0,655.5833333333334,39.75,958.6666666666666
2023-12-21 15:00:00,25.8,25.0,659.25,39.416666666666664,958.8666666666667
2023-12-21 16:00:00,25.8,25.0,661.4545454545455,38.54545454545455,959.3363636363637
2023-12-21 17:00:00,25.808333333333334,25.0,660.9166666666666,38.583333333333336,960.2666666666668
2023-12-21 18:00:00,25.808333333333334,25.0,662.1666666666666,38.416666666666664,961.6833333333334
2023-12-21 19:00:00,25.75,24.0,661.25,38.416666666666664,963.1916666666666
2023-12-21 20:00:00,25.7,24.0,657.5,38.75,964.5
2023-12-21 21:00:00,25.7,24.0,654.5,38.416666666666664,965.9916666666667
2023-12-21 22:00:00,25.625,24.0,650.25,38.333333333333336,967.2583333333333
2023-12-21 23:00:00,25.600000000000005,24.0,651.5,38.583333333333336,968.5500000000001
2023-12-22 00:00:00,25.6,24.0,649.7272727272727,38.63636363636363,969.3
2023-12-22 01:00:00,25.600000000000005,24.0,651.75,38.333333333333336,970.0749999999999
2023-12-22 02:00:00,25.608333333333334,24.0,653.5833333333334,38.333333333333336,971.1583333333333
2023-12-22 03:00:00,26.075,24.0,677.25,38.583333333333336,972.3833333333333
2023-12-22 04:00:00,26.349999999999998,24.0,701.3333333333334,37.833333333333336,973.6166666666667
2023-12-22 05:00:00,26.399999999999995,24.0,728.6666666666666,38.0,974.8833333333333
2023-12-22 06:00:00,26.5,24.0,767.8333333333334,37.666666666666664,975.9833333333332
2023-12-22 07:00:00,26.518181818181816,25.0,784.2727272727273,37.54545454545455,977.1363636363636
2023-12-22 08:00:00,26.583333333333332,25.0,782.9166666666666,37.583333333333336,978.2083333333334
2023-12-22 09:00:00,26.633333333333336,25.0,800.6666666666666,37.75,979.6166666666667
2023-12-22 10:00:00,26.7,25.333333333333332,929.0833333333334,37.916666666666664,980.3333333333334
2023-12-22 11:00:00,26.78333333333333,26.0,1032.25,37.666666666666664,980.6916666666666
2023-12-22 12:00:00,26.875,26.083333333333332,1098.4166666666667,38.583333333333336,981.0500000000001
2023-12-22 13:00:00,26.916666666666668,27.0,1169.0,38.25,981.4333333333334
2023-12-22 14:00:00,27.0,27.0,1218.6666666666667,37.916666666666664,981.9
2023-12-22 15:00:00,27.1,28.0,1268.1818181818182,38.0,982.5272727272727
2023-12-22 16:00:00,27.150000000000002,28.583333333333332,1311.5833333333333,37.583333333333336,983.3166666666666
2023-12-22 17:00:00,27.2,29.0,1319.9166666666667,37.583333333333336,983.9499999999999
2023-12-22 18:00:00,27.28333333333333,29.0,1336.3333333333333,37.666666666666664,984.4499999999999
2023-12-22 19:00:00,27.3,28.833333333333332,1260.1666666666667,38.083333333333336,984.6916666666666
2023-12-22 20:00:00,27.28333333333333,28.0,1185.4166666666667,38.666666666666664,985.1999999999999
2023-12-22 21:00:00,27.208333333333332,28.333333333333332,1153.75,37.666666666666664,985.7916666666666
2023-12-22 22:00:00,27.2,28.0,1085.8333333333333,37.583333333333336,986.4833333333332
2023-12-22 23:00:00,27.2,28.0,1031.090909090909,37.63636363636363,986.9909090909091
2023-12-23 00:00:00,27.2,27.75,994.1666666666666,38.25,987.4083333333333
2023-12-23 01:00:00,27.175,27.833333333333332,988.4166666666666,37.416666666666664,987.8333333333334
2023-12-23 02:00:00,27.133333333333336,27.916666666666668,982.8333333333334,37.583333333333336,988.225
2023-12-23 03:00:00,27.100000000000005,27.75,978.6666666666666,37.5,988.6416666666668
2023-12-23 04:00:00,27.09166666666667,28.0,996.6666666666666,37.666666666666664,989.2916666666666
2023-12-23 05:00:00,27.025000000000002,28.0,1014.0,37.5,989.7083333333334
2023-12-23 06:00:00,27.0,28.0,1027.8333333333333,37.416666666666664,989.8916666666665
2023-12-23 07:00:00,27.0,28.0,1022.4545454545455,37.63636363636363,990.2090909090908
2023-12-23 08:00:00,27.0,28.0,1027.8333333333333,37.666666666666664,990.725
2023-12-23 09:00:00,27.0,28.0,1023.25,37.75,991.1333333333333
2023-12-23 10:00:00,27.0,28.0,1022.75,37.666666666666664,991.6666666666666
2023-12-23 11:00:00,27.0,28.0,1017.8333333333334,37.416666666666664,991.9499999999999
2023-12-23 12:00:00,27.0,28.0,1019.25,37.5,992.0749999999999
2023-12-23 13:00:00,27.0,28.583333333333332,1113.0833333333333,38.5,992.2833333333333
2023-12-23 14:00:00,27.0,29.0,1129.5833333333333,38.25,992.8000000000001
2023-12-23 15:00:00,27.0,29.0,1106.2727272727273,37.27272727272727,993.4818181818181
2023-12-23 16:00:00,26.916666666666668,29.0,1079.5,37.333333333333336,994.125
2023-12-23 17:00:00,26.899999999999995,29.0,1056.0833333333333,37.333333333333336,994.5666666666666
2023-12-23 18:00:00,26.858333333333334,29.0,1025.25,37.25,994.75
2023-12-23 19:00:00,26.8,29.0,1018.75,37.583333333333336,995.3833333333333
2023-12-23 20:00:00,26.758333333333336,29.0,1032.4166666666667,37.333333333333336,995.5916666666667
2023-12-23 21:00:00,26.7,29.0,1039.0833333333333,37.333333333333336,995.975
2023-12-23 22:00:00,26.633333333333336,28.25,1018.9166666666666,37.166666666666664,996.0583333333334
2023-12-23 23:00:00,26.59090909090909,28.0,1023.7272727272727,37.18181818181818,996.3
2023-12-24 00:00:00,26.5,28.0,1062.4166666666667,37.083333333333336,996.1500000000001
2023-12-24 01:00:00,26.5,28.0,1072.3333333333333,37.083333333333336,995.9499999999999
2023-12-24 02:00:00,26.40833333333333,28.0,1094.6666666666667,36.916666666666664,995.7333333333332
2023-12-24 03:00:00,26.399999999999995,28.0,1116.75,37.25,995.3000000000001
2023-12-24 04:00:00,26.325,28.0,1131.5833333333333,36.75,994.8833333333333
2023-12-24 05:00:00,26.3,28.0,1150.4166666666667,37.25,994.75
2023-12-24 06:00:00,26.3,28.583333333333332,1163.0833333333333,37.166666666666664,994.0500000000001
2023-12-24 07:00:00,26.227272727272727,29.0,1190.0,37.36363636363637,993.2
2023-12-24 08:00:00,26.2,29.0,1195.8333333333333,37.333333333333336,992.4666666666667
2023-12-24 09:00:00,26.2,29.0,1206.75,37.083333333333336,991.6333333333333
2023-12-24 10:00:00,26.2,29.0,1172.8333333333333,37.333333333333336,990.3166666666666
2023-12-24 11:00:00,26.2,29.0,1154.1666666666667,37.5,988.7916666666666
2023-12-24 12:00:00,26.2,29.0,1148.6666666666667,37.416666666666664,986.875
2023-12-24 13:00:00,26.2,29.0,1115.5833333333333,37.333333333333336,984.4583333333334
2023-12-24 14:00:00,26.2,29.0,1087.4545454545455,37.54545454545455,982.4181818181819
2023-12-24 15:00:00,26.2,29.0,1056.0833333333333,37.5,980.3833333333333
2023-12-24 16:00:00,26.2,28.916666666666668,1013.5,37.333333333333336,978.3916666666668
2023-12-24 17:00:00,26.2,28.0,962.1666666666666,37.25,977.125
2023-12-24 18:00:00,26.2,28.0,939.6666666666666,37.583333333333336,976.7083333333334
2023-12-24 19:00:00,26.2,28.0,917.5833333333334,37.333333333333336,977.4166666666666
2023-12-24 20:00:00,26.125,28.0,903.1666666666666,37.333333333333336,977.5833333333334
2023-12-24 21:00:00,26.100000000000005,28.0,895.5833333333334,37.083333333333336,977.8249999999999
2023-12-24 22:00:00,26.1,28.0,887.1818181818181,37.63636363636363,977.9909090909091
2023-12-24 23:00:00,26.100000000000005,28.0,876.4166666666666,37.333333333333336,978.025
2023-12-25 00:00:00,26.05,28.0,869.25,37.0,977.25
2023-12-25 01:00:00,26.0,28.0,862.0,37.25,976.1083333333332
2023-12-25 02:00:00,26.0,28.0,854.8333333333334,37.583333333333336,974.8583333333332
2023-12-25 03:00:00,26.0,28.0,839.0,37.166666666666664,973.9666666666667
2023-12-25 04:00:00,26.0,28.0,847.75,37.416666666666664,973.6750000000001
2023-12-25 05:00:00,26.0,28.0,846.3333333333334,37.5,973.9583333333334
2023-12-25 06:00:00,26.0,28.0,875.7272727272727,37.45454545454545,974.4272727272727
2023-12-25 07:00:00,26.0,28.0,901.0833333333334,37.333333333333336,975.1166666666667
2023-12-25 08:00:00,26.0,28.0,925.8333333333334,37.25,976.25
2023-12-25 09:00:00,26.0,28.0,951.0,37.333333333333336,977.7666666666668
2023-12-25 10:00:00,26.0,28.0,977.9166666666666,37.5,979.5833333333334
2023-12-25 11:00:00,26.03333333333333,28.0,933.5,37.166666666666664,981.3000000000001
2023-12-25 12:00:00,26.100000000000005,28.0,892.8333333333334,37.5,983.025
2023-12-25 13:00:00,26.100000000000005,28.0,865.8333333333334,37.416666666666664,985.1833333333334
2023-12-25 14:00:00,26.1,28.0,845.3636363636364,37.09090909090909,986.8636363636364
2023-12-25 15:00:00,26.100000000000005,28.0,834.8333333333334,37.25,988.4333333333334
2023-12-25 16:00:00,26.058333333333334,28.0,827.9166666666666,37.416666666666664,989.3666666666667
2023-12-25 17:00:00,26.0,28.0,815.1666666666666,37.25,990.1999999999999
2023-12-25 18:00:00,25.983333333333334,28.0,799.1666666666666,37.333333333333336,990.875
2023-12-25 19:00:00,25.899999999999995,28.0,792.75,37.333333333333336,991.1916666666667
2023-12-25 20:00:00,25.825,28.0,782.0833333333334,37.333333333333336,991.275
2023-12-25 21:00:00,25.8,28.0,786.4166666666666,37.25,991.3916666666665
2023-12-25 22:00:00,25.718181818181815,28.0,778.3636363636364,37.36363636363637,991.4272727272728
2023-12-25 23:00:00,25.7,28.0,776.25,37.416666666666664,991.1416666666668
2023-12-26 00:00:00,25.683333333333334,28.0,773.6666666666666,37.5,991.0333333333333
2023-12-26 01:00:00,25.600000000000005,28.0,773.8333333333334,37.0,990.475
2023-12-26 02:00:00,25.600000000000005,28.0,766.8333333333334,37.25,990.0666666666666
2023-12-26 03:00:00,25.516666666666666,28.0,766.9166666666666,37.083333333333336,989.9583333333334
2023-12-26 04:00:00,25.5,28.0,761.8333333333334,37.333333333333336,989.7333333333332
2023-12-26 05:00:00,25.45,28.0,748.0833333333334,37.25,989.6083333333335
2023-12-26 06:00:00,25.4,28.0,747.8181818181819,37.09090909090909,989.7818181818183
2023-12-26 07:00:00,25.375,28.0,746.75,37.083333333333336,990.2083333333334
2023-12-26 08:00:00,25.3,28.0,739.3333333333334,37.333333333333336,990.7916666666666
2023-12-26 09:00:00,25.3,27.0,744.0,37.083333333333336,991.8249999999999
2023-12-26 10:00:00,25.3,27.0,740.6666666666666,37.083333333333336,992.6666666666666
2023-12-26 11:00:00,25.3,27.0,731.8333333333334,37.166666666666664,993.3083333333334
2023-12-26 12:00:00,25.3,27.0,736.1666666666666,37.25,993.8833333333333
2023-12-26 13:00:00,25.3,27.0,732.6363636363636,37.45454545454545,994.3272727272728
2023-12-26 14:00:00,25.3,27.0,735.0,37.083333333333336,994.8249999999999
2023-12-26 15:00:00,25.275000000000002,27.0,733.25,37.25,995.6750000000001
2023-12-26 16:00:00,25.2,27.0,752.25,37.25,996.6
2023-12-26 17:00:00,25.2,27.833333333333332,835.8333333333334,37.416666666666664,997.5500000000001
2023-12-26 18:00:00,25.2,28.0,916.3333333333334,37.333333333333336,998.525
2023-12-26 19:00:00,25.11666666666667,28.0,988.6666666666666,37.083333333333336,999.5500000000001
2023-12-26 20:00:00,25.100000000000005,28.0,1043.0,37.0,1000.625
2023-12-26 21:00:00,25.081818181818186,28.181818181818183,1122.8181818181818,37.63636363636363,1001.7181818181817
2023-12-26 22:00:00,25.016666666666666,29.0,1195.4166666666667,37.333333333333336,1003.125
2023-12-26 23:00:00,25.0,29.0,1294.5833333333333,37.25,1004.4666666666667
2023-12-27 00:00:00,25.0,29.25,1397.4166666666667,37.083333333333336,1005.7416666666667
2023-12-27 01:00:00,25.0,29.833333333333332,1466.25,36.916666666666664,1006.9166666666666
2023-12-27 02:00:00,24.90833333333333,29.0,1426.5,37.333333333333336,1008.125
2023-12-27 03:00:00,24.899999999999995,29.0,1347.6666666666667,36.583333333333336,1009.4166666666666
2023-12-27 04:00:00,24.88333333333333,28.583333333333332,1201.8333333333333,37.583333333333336,1010.6166666666667
2023-12-27 05:00:00,24.818181818181817,28.0,1074.2727272727273,37.27272727272727,1011.4545454545455
2023-12-27 06:00:00,24.8,28.0,1055.9166666666667,37.166666666666664,1012.8166666666666
2023-12-27 07:00:00,24.8,28.0,1095.1666666666667,37.166666666666664,1014.1750000000001
2023-12-27 08:00:00,24.84166666666667,28.0,1154.8333333333333,37.0,1015.4250000000001
2023-12-27 09:00:00,24.899999999999995,28.0,1190.75,37.416666666666664,1016.2833333333333
2023-12-27 10:00:00,24.899999999999995,28.0,1215.8333333333333,37.25,1017.1916666666666
2023-12-27 11:00:00,24.899999999999995,28.0,1244.25,37.083333333333336,1017.3249999999999
2023-12-27 12:00:00,24.841666666666665,28.0,1193.4166666666667,37.416666666666664,1017.4250000000001
2023-12-27 13:00:00,24.936363636363637,28.0,1101.8181818181818,37.18181818181818,1017.7363636363636
2023-12-27 14:00:00,24.875,28.0,1049.9166666666667,37.5,1017.7166666666667
2023-12-27 15:00:00,24.425,27.083333333333332,829.8333333333334,37.333333333333336,1017.5166666666668
2023-12-27 16:00:00,24.083333333333332,25.75,676.9166666666666,37.5,1016.6999999999999
2023-12-27 17:00:00,23.933333333333334,24.916666666666668,609.3333333333334,37.5,1016.275
2023-12-27 18:00:00,23.775000000000002,24.0,585.8333333333334,37.5,1015.7833333333333
2023-12-27 19:00:00,23.65833333333333,23.416666666666668,556.8333333333334,37.416666666666664,1014.5583333333334
2023-12-27 20:00:00,23.600000000000005,23.0,548.4166666666666,37.416666666666664,1013.6916666666666
2023-12-27 21:00:00,23.5,23.0,535.6363636363636,37.45454545454545,1012.8090909090909
2023-12-27 22:00:00,23.5,23.0,530.5833333333334,37.333333333333336,1011.4416666666667
2023-12-27 23:00:00,23.441666666666666,23.0,526.5,37.333333333333336,1009.475
2023-12-28 00:00:00,23.399999999999995,23.0,521.1666666666666,37.416666666666664,1007.6416666666668
2023-12-28 01:00:00,23.399999999999995,23.0,516.3333333333334,37.25,1005.875
2023-12-28 02:00:00,23.316666666666666,23.0,515.1666666666666,37.333333333333336,1004.1833333333334
2023-12-28 03:00:00,23.3,23.0,511.3333333333333,37.25,1001.2916666666666
2023-12-28 04:00:00,23.3,23.0,507.9166666666667,37.333333333333336,998.4416666666666
2023-12-28 05:00:00,23.245454545454546,23.0,508.1818181818182,37.90909090909091,996.0181818181819
2023-12-28 06:00:00,23.2,23.666666666666668,510.5833333333333,37.666666666666664,994.0833333333334
2023-12-28 07:00:00,23.224999999999998,24.0,512.6666666666666,37.416666666666664,992.6916666666666
2023-12-28 08:00:00,23.275000000000002,24.0,509.3333333333333,37.333333333333336,991.3833333333333
2023-12-28 09:00:00,23.358333333333334,24.0,511.9166666666667,37.5,990.6750000000001
2023-12-28 10:00:00,23.399999999999995,24.833333333333332,519.0,37.916666666666664,989.9250000000001
2023-12-28 11:00:00,23.483333333333334,25.0,517.1666666666666,37.666666666666664,989.4250000000001
2023-12-28 12:00:00,23.5,25.0,519.8181818181819,37.63636363636363,989.8272727272728
2023-12-28 13:00:00,23.458333333333332,25.0,522.0,37.666666666666664,991.15
2023-12-28 14:00:00,23.399999999999995,25.0,513.3333333333334,37.583333333333336,992.25
2023-12-28 15:00:00,23.316666666666666,25.0,514.5,37.75,993.4666666666667
2023-12-28 16:00:00,23.233333333333334,24.916666666666668,507.6666666666667,37.833333333333336,994.4
2023-12-28 17:00:00,23.2,24.0,509.6666666666667,37.833333333333336,994.4333333333334
2023-12-28 18:00:00,23.133333333333336,24.0,504.25,37.5,994.3833333333333
2023-12-28 19:00:00,23.100000000000005,24.0,503.6666666666667,37.5,994.1583333333333
2023-12-28 20:00:00,23.027272727272727,24.0,502.1818181818182,38.72727272727273,993.7909090909092
2023-12-28 21:00:00,23.0,24.0,505.0833333333333,37.75,992.7333333333332
2023-12-28 22:00:00,23.0,24.75,502.9166666666667,37.75,991.4583333333334
2023-12-28 23:00:00,23.0,25.0,501.0833333333333,37.916666666666664,990.0083333333333
2023-12-29 00:00:00,23.0,25.0,505.25,38.0,988.525
2023-12-29 01:00:00,23.0,25.5,504.3333333333333,37.833333333333336,987.2666666666668
2023-12-29 02:00:00,23.0,26.0,497.75,37.833333333333336,985.6916666666666
2023-12-29 03:00:00,23.0,26.333333333333332,502.3333333333333,37.5,985.5083333333333
2023-12-29 04:00:00,23.0,27.0,503.27272727272725,37.45454545454545,985.9181818181819
2023-12-29 05:00:00,23.0,27.0,502.75,37.583333333333336,986.3333333333334
2023-12-29 06:00:00,22.983333333333334,26.583333333333332,498.3333333333333,37.583333333333336,986.125
2023-12-29 07:00:00,22.899999999999995,26.0,506.0,37.583333333333336,985.8249999999999
2023-12-29 08:00:00,22.933333333333334,26.0,501.8333333333333,37.583333333333336,985.6666666666666
2023-12-29 09:00:00,23.0,26.0,505.5,37.5,985.3249999999999
2023-12-29 10:00:00,23.0,26.083333333333332,500.0833333333333,37.5,984.9250000000001
2023-12-29 11:00:00,23.0,27.0,511.75,37.666666666666664,984.9499999999999
2023-12-29 12:00:00,23.1,27.0,508.27272727272725,37.63636363636363,985.4545454545455
2023-12-29 13:00:00,23.100000000000005,27.0,509.5833333333333,37.833333333333336,985.9166666666666
2023-12-29 14:00:00,23.100000000000005,26.416666666666668,511.6666666666667,37.583333333333336,986.3833333333333
2023-12-29 15:00:00,23.100000000000005,26.0,507.8333333333333,37.5,986.9
2023-12-29 16:00:00,23.100000000000005,26.0,506.8333333333333,37.5,987.2583333333333
2023-12-29 17:00:00,23.100000000000005,26.0,507.1666666666667,37.75,987.625
2023-12-29 18:00:00,23.016666666666666,26.0,508.3333333333333,37.75,988.25
2023-12-29 19:00:00,23.0,25.083333333333332,501.3333333333333,37.583333333333336,988.8000000000001
2023-12-29 20:00:00,22.954545454545453,25.0,501.1818181818182,37.63636363636363,989.5454545454545
2023-12-29 21:00:00,22.899999999999995,25.0,506.3333333333333,37.5,990.2916666666666
2023-12-29 22:00:00,22.899999999999995,25.0,500.1666666666667,37.416666666666664,991.0500000000001
2023-12-29 23:00:00,22.899999999999995,24.916666666666668,500.8333333333333,38.0,991.7583333333333
2023-12-30 00:00:00,22.808333333333334,24.0,507.0833333333333,37.916666666666664,992.125
2023-12-30 01:00:00,22.8,24.0,505.1666666666667,37.5,992.5916666666667
2023-12-30 02:00:00,22.791666666666668,24.0,501.9166666666667,37.666666666666664,993.1
2023-12-30 03:00:00,22.7,24.0,504.0833333333333,37.5,993.625
2023-12-30 04:00:00,22.7,23.818181818181817,504.45454545454544,37.63636363636363,994.2
2023-12-30 05:00:00,22.61666666666667,23.0,503.3333333333333,37.583333333333336,994.75
2023-12-30 06:00:00,22.59166666666667,23.0,502.6666666666667,37.75,995.475
2023-12-30 07:00:00,22.5,23.0,507.6666666666667,37.75,996.125
2023-12-30 08:00:00,22.483333333333334,22.5,499.5,37.5,997.125
2023-12-30 09:00:00,22.46666666666667,22.0,502.9166666666667,37.5,998.0500000000001
2023-12-30 10:00:00,22.5,22.0,498.4166666666667,37.5,999.1083333333332
2023-12-30 11:00:00,22.433333333333334,22.0,503.8333333333333,37.75,999.975
2023-12-30 12:00:00,22.4,22.0,505.6363636363636,38.54545454545455,1000.4727272727273
2023-12-30 13:00:00,22.483333333333334,22.0,500.0833333333333,38.5,1001.1
2023-12-30 14:00:00,22.5,22.5,504.25,38.0,1001.9583333333334
2023-12-30 15:00:00,22.5,23.0,505.5,37.75,1002.525
2023-12-30 16:00:00,22.5,23.0,498.8333333333333,37.833333333333336,1003.5583333333334
2023-12-30 17:00:00,22.5,23.0,495.5833333333333,37.75,1004.8000000000001
2023-12-30 18:00:00,22.525000000000002,23.0,502.0833333333333,38.083333333333336,1005.6166666666667
2023-12-30 19:00:00,22.516666666666666,23.0,494.75,37.916666666666664,1006.125
2023-12-30 20:00:00,22.600000000000005,23.0,496.9166666666667,37.833333333333336,1006.8249999999999
2023-12-30 21:00:00,22.581818181818182,23.0,492.8181818181818,37.54545454545455,1007.4545454545455
2023-12-30 22:00:00,22.55,23.833333333333332,497.3333333333333,37.5,1008.6999999999999
2023-12-30 23:00:00,22.541666666666668,24.0,489.0,37.75,1009.7166666666667
2023-12-31 00:00:00,,,,,
2023-12-31 01:00:00,,,,,
2023-12-31 02:00:00,,,,,
2023-12-31 03:00:00,,,,,
2023-12-31 04:00:00,,,,,
2023-12-31 05:00:00,,,,,
2023-12-31 06:00:00,,,,,
2023-12-31 07:00:00,,,,,
2023-12-31 08:00:00,,,,,
2023-12-31 09:00:00,,,,,
2023-12-31 10:00:00,,,,,
2023-12-31 11:00:00,,,,,
2023-12-31 12:00:00,,,,,
2023-12-31 13:00:00,,,,,
2023-12-31 14:00:00,,,,,
2023-12-31 15:00:00,,,,,
2023-12-31 16:00:00,,,,,
2023-12-31 17:00:00,,,,,
2023-12-31 18:00:00,,,,,
2023-12-31 19:00:00,,,,,
2023-12-31 20:00:00,,,,,
2023-12-31 21:00:00,,,,,
2023-12-31 22:00:00,,,,,
2023-12-31 23:00:00,,,,,
2024-01-01 00:00:00,22.5,24.0,487.25,41.083333333333336,1006.8583333333332
2024-01-01 01:00:00,22.45,23.5,489.5,38.583333333333336,1006.6833333333334
2024-01-01 02:00:00,22.4,23.0,487.8181818181818,38.18181818181818,1006.4181818181819
2024-01-01 03:00:00,22.399999999999995,23.0,484.75,38.416666666666664,1006.275
2024-01-01 04:00:00,22.358333333333334,23.0,484.9166666666667,38.083333333333336,1006.0916666666667
2024-01-01 05:00:00,22.3,23.0,487.6666666666667,38.916666666666664,1006.1333333333333
2024-01-01 06:00:00,22.3,23.0,484.0833333333333,38.5,1006.3666666666667
2024-01-01 07:00:00,22.28333333333333,23.0,481.25,38.833333333333336,1006.3833333333333
2024-01-01 08:00:00,22.2,23.0,484.0,38.666666666666664,1006.6583333333333
2024-01-01 09:00:00,22.2,23.0,483.4166666666667,38.333333333333336,1006.9583333333334
2024-01-01 10:00:00,22.2,23.0,485.9166666666667,38.416666666666664,1007.1750000000001
2024-01-01 11:00:00,22.2,23.0,483.0833333333333,38.416666666666664,1007.4083333333333
2024-01-01 12:00:00,22.2,23.0,482.45454545454544,38.63636363636363,1007.4
2024-01-01 13:00:00,22.2,23.0,483.4166666666667,38.75,1007.6416666666668
2024-01-01 14:00:00,22.2,23.0,486.75,38.333333333333336,1007.8166666666666
2024-01-01 15:00:00,22.233333333333334,23.0,488.8333333333333,38.583333333333336,1008.2333333333332
2024-01-01 16:00:00,22.34166666666667,23.0,489.1666666666667,38.083333333333336,1008.7333333333332
2024-01-01 17:00:00,22.691666666666666,23.0,511.4166666666667,38.333333333333336,1009.0666666666666
2024-01-01 18:00:00,22.84166666666667,23.5,547.6666666666666,38.25,1009.6750000000001
2024-01-01 19:00:00,22.916666666666668,24.0,612.4166666666666,38.25,1010.1333333333333
2024-01-01 20:00:00,23.0,24.0,669.0833333333334,37.833333333333336,1010.5916666666667
2024-01-01 21:00:00,23.108333333333334,25.25,804.4166666666666,40.25,1011.0333333333333
2024-01-01 22:00:00,23.727272727272727,26.636363636363637,1135.090909090909,43.18181818181818,1011.5181818181819
2024-01-01 23:00:00,24.008333333333336,27.333333333333332,1475.8333333333333,39.583333333333336,1011.9
2024-01-02 00:00:00,24.008333333333336,28.333333333333332,1708.0833333333333,42.25,1011.8333333333334
2024-01-02 01:00:00,24.100000000000005,29.0,1815.0833333333333,40.0,1011.9583333333334
2024-01-02 02:00:00,22.083333333333332,27.166666666666668,1037.75,38.666666666666664,1011.6666666666666
2024-01-02 03:00:00,18.441666666666666,25.0,483.4166666666667,38.666666666666664,1011.1583333333333
2024-01-02 04:00:00,16.583333333333332,25.0,433.3333333333333,38.833333333333336,1011.0583333333334
2024-01-02 05:00:00,15.558333333333332,25.0,411.0833333333333,38.5,1010.6583333333333
2024-01-02 06:00:00,15.225,25.0,408.5,38.25,1010.5
2024-01-02 07:00:00,14.890909090909092,25.0,405.0,38.09090909090909,1010.6181818181817
2024-01-02 08:00:00,14.866666666666667,25.0,411.1666666666667,38.166666666666664,1010.875
2024-01-02 09:00:00,14.491666666666667,25.0,415.8333333333333,38.25,1010.8666666666667
2024-01-02 10:00:00,13.891666666666666,25.0,409.1666666666667,38.75,1011.0749999999999
2024-01-02 11:00:00,14.416666666666666,25.75,525.3333333333334,39.583333333333336,1010.9583333333334
2024-01-02 12:00:00,18.675,27.0,789.4166666666666,37.083333333333336,1010.7666666666668
2024-01-02 13:00:00,20.016666666666666,27.0,855.5,37.333333333333336,1010.3083333333334
2024-01-02 14:00:00,20.650000000000002,27.0,808.25,37.666666666666664,1009.9416666666666
2024-01-02 15:00:00,21.291666666666668,27.166666666666668,975.0,41.833333333333336,1009.6666666666666
2024-01-02 16:00:00,22.491666666666664,28.583333333333332,1283.6666666666667,43.0,1009.25
2024-01-02 17:00:00,23.318181818181817,30.0,1556.909090909091,40.27272727272727,1009.0636363636364
2024-01-02 18:00:00,23.741666666666664,30.416666666666668,1767.1666666666667,38.083333333333336,1008.85
2024-01-02 19:00:00,23.974999999999998,31.5,1906.5,38.583333333333336,1008.3083333333334
2024-01-02 20:00:00,24.183333333333334,32.0,1919.0,46.416666666666664,1007.6333333333333
2024-01-02 21:00:00,24.46666666666667,32.0,2007.3333333333333,44.166666666666664,1007.1833333333334
2024-01-02 22:00:00,24.741666666666664,32.0,2129.5833333333335,44.333333333333336,1006.75
2024-01-02 23:00:00,24.925,33.833333333333336,2296.8333333333335,41.416666666666664,1006.0749999999999
2024-01-03 00:00:00,25.46666666666667,36.666666666666664,2438.8333333333335,43.833333333333336,1005.6166666666667
2024-01-03 01:00:00,25.7,36.333333333333336,2502.0,40.166666666666664,1005.4833333333332
2024-01-03 02:00:00,25.718181818181815,36.0,2625.0,42.09090909090909,1005.3272727272728
2024-01-03 03:00:00,25.474999999999998,36.666666666666664,2746.9166666666665,41.166666666666664,1004.9250000000001
2024-01-03 04:00:00,25.224999999999998,37.0,2752.6666666666665,38.25,1004.6333333333333
2024-01-03 05:00:00,25.083333333333332,37.0,2729.4166666666665,37.666666666666664,1004.475
2024-01-03 06:00:00,24.983333333333334,37.0,2706.1666666666665,38.25,1004.275
2024-01-03 07:00:00,24.899999999999995,37.0,2636.25,37.833333333333336,1004.3416666666667
2024-01-03 08:00:00,24.825,36.666666666666664,2584.1666666666665,38.25,1004.4083333333333
2024-01-03 09:00:00,24.8,36.0,2562.9166666666665,37.833333333333336,1004.6166666666667
2024-01-03 10:00:00,24.84166666666667,37.25,2600.5,40.416666666666664,1004.6999999999999
2024-01-03 11:00:00,24.925,41.25,2391.5833333333335,43.416666666666664,1004.5749999999999
2024-01-03 12:00:00,24.80909090909091,39.18181818181818,1585.3636363636363,46.18181818181818,1004.3636363636364
2024-01-03 13:00:00,25.208333333333332,36.166666666666664,1234.75,41.75,1004.1416666666668
2024-01-03 14:00:00,24.45,32.083333333333336,945.4166666666666,45.416666666666664,1004.1750000000001
2024-01-03 15:00:00,19.974999999999998,28.5,587.1666666666666,47.333333333333336,1003.6833333333334
2024-01-03 16:00:00,22.308333333333334,28.0,670.3333333333334,41.833333333333336,1003.9666666666667
2024-01-03 17:00:00,23.224999999999998,27.166666666666668,674.4166666666666,42.5,1004.1416666666668
2024-01-03 18:00:00,23.05,26.166666666666668,658.8333333333334,42.833333333333336,1004.0749999999999
2024-01-03 19:00:00,23.133333333333336,27.416666666666668,707.0833333333334,40.833333333333336,1004.3083333333333
2024-01-03 20:00:00,23.266666666666666,27.916666666666668,695.9166666666666,38.583333333333336,1004.525
2024-01-03 21:00:00,23.150000000000002,27.0,675.9166666666666,39.5,1004.8416666666667
2024-01-03 22:00:00,22.972727272727273,27.0,657.7272727272727,40.27272727272727,1005.1090909090909
2024-01-03 23:00:00,22.708333333333332,26.166666666666668,649.1666666666666,40.5,1005.3166666666666
2024-01-04 00:00:00,22.55,26.0,658.5,40.333333333333336,1005.6
2024-01-04 01:00:00,22.741666666666664,26.0,684.1666666666666,40.0,1005.8833333333333
2024-01-04 02:00:00,23.041666666666668,25.75,675.4166666666666,40.916666666666664,1006.2333333333332
2024-01-04 03:00:00,23.224999999999998,26.0,792.8333333333334,40.25,1006.5083333333333
2024-01-04 04:00:00,22.941666666666666,26.0,901.0,37.5,1006.7416666666667
2024-01-04 05:00:00,22.53333333333333,25.833333333333332,924.1666666666666,38.0,1007.275
2024-01-04 06:00:00,22.308333333333334,25.0,926.75,37.583333333333336,1007.9250000000001
2024-01-04 07:00:00,22.154545454545453,25.0,918.8181818181819,37.63636363636363,1008.6090909090909
2024-01-04 08:00:00,22.03333333333333,25.0,905.4166666666666,38.25,1009.3166666666666
2024-01-04 09:00:00,22.03333333333333,25.0,900.25,38.666666666666664,1009.8249999999999
2024-01-04 10:00:00,22.275000000000002,25.0,771.5833333333334,42.75,1010.4250000000001
2024-01-04 11:00:00,22.875,25.083333333333332,781.1666666666666,46.333333333333336,1010.6999999999999
2024-01-04 12:00:00,23.458333333333332,27.5,859.0,44.416666666666664,1010.8666666666667
2024-01-04 13:00:00,23.40833333333333,26.583333333333332,1111.5,39.583333333333336,1011.0916666666667
2024-01-04 14:00:00,22.866666666666664,26.0,1107.5833333333333,42.166666666666664,1011.275
2024-01-04 15:00:00,23.291666666666668,25.416666666666668,790.1666666666666,44.75,1011.475
2024-01-04 16:00:00,23.55,25.0,767.6666666666666,41.583333333333336,1011.625
2024-01-04 17:00:00,23.55454545454546,24.545454545454547,656.7272727272727,37.36363636363637,1011.8
2024-01-04 18:00:00,23.383333333333336,24.0,612.0,39.083333333333336,1012.3083333333334
2024-01-04 19:00:00,23.491666666666664,24.75,800.3333333333334,39.916666666666664,1012.7583333333333
2024-01-04 20:00:00,23.525000000000002,24.0,849.5,40.166666666666664,1013.1416666666668
2024-01-04 21:00:00,23.625,24.833333333333332,909.3333333333334,46.5,1013.5833333333334
2024-01-04 22:00:00,23.7,25.333333333333332,951.3333333333334,41.25,1013.8666666666667
2024-01-04 23:00:00,23.433333333333334,26.666666666666668,914.5833333333334,44.416666666666664,1013.8583333333332
2024-01-05 00:00:00,23.275000000000002,27.5,896.5833333333334,40.75,1013.8166666666666
2024-01-05 01:00:00,23.233333333333334,28.083333333333332,878.0,38.083333333333336,1013.7833333333333
2024-01-05 02:00:00,23.2,28.666666666666668,906.0,40.5,1013.75
2024-01-05 03:00:00,23.12727272727273,27.181818181818183,1122.1818181818182,40.72727272727273,1013.6
2024-01-05 04:00:00,22.808333333333334,26.0,1168.0,39.0,1013.4666666666667
2024-01-05 05:00:00,22.441666666666666,25.833333333333332,1078.9166666666667,37.75,1013.3499999999999
2024-01-05 06:00:00,22.25,25.0,1032.75,37.75,1013.8583333333332
2024-01-05 07:00:00,22.008333333333336,24.916666666666668,1000.75,37.666666666666664,1013.9833333333332
2024-01-05 08:00:00,21.808333333333334,24.0,959.9166666666666,37.833333333333336,1014.2166666666667
2024-01-05 09:00:00,21.666666666666668,24.0,964.6666666666666,37.75,1014.3499999999999
2024-01-05 10:00:00,21.575,23.583333333333332,910.4166666666666,39.0,1014.5416666666666
2024-01-05 11:00:00,21.8,24.0,780.0833333333334,37.916666666666664,1014.5583333333334
2024-01-05 12:00:00,22.09090909090909,26.09090909090909,792.3636363636364,41.90909090909091,1014.6818181818181
2024-01-05 13:00:00,22.691666666666666,31.0,958.0833333333334,44.666666666666664,1014.7916666666666
2024-01-05 14:00:00,22.96666666666667,30.0,977.75,43.5,1014.9333333333334
2024-01-05 15:00:00,23.05,30.0,950.1666666666666,44.333333333333336,1015.0833333333334
2024-01-05 16:00:00,23.683333333333334,30.0,977.25,52.5,1015.2916666666666
2024-01-05 17:00:00,23.666666666666668,29.833333333333332,954.5,52.0,1015.5416666666666
2024-01-05 18:00:00,23.441666666666666,29.25,942.6666666666666,45.25,1015.9499999999999
2024-01-05 19:00:00,23.441666666666666,28.833333333333332,901.5833333333334,41.75,1016.1833333333334
2024-01-05 20:00:00,23.349999999999998,28.0,876.3333333333334,40.166666666666664,1016.5166666666668
2024-01-05 21:00:00,23.25,28.0,862.75,38.25,1017.0416666666666
2024-01-05 22:00:00,23.09090909090909,28.0,865.2727272727273,40.36363636363637,1017.1818181818181
2024-01-05 23:00:00,22.650000000000002,27.666666666666668,884.3333333333334,39.25,1017.3583333333332
2024-01-06 00:00:00,22.316666666666666,27.0,832.0833333333334,38.833333333333336,1017.6583333333333
2024-01-06 01:00:00,22.21666666666667,26.25,868.6666666666666,38.666666666666664,1017.9083333333333
2024-01-06 02:00:00,22.016666666666666,25.75,854.8333333333334,38.75,1018.2833333333333
2024-01-06 03:00:00,21.816666666666666,25.0,863.25,39.5,1018.6166666666667
2024-01-06 04:00:00,21.758333333333336,24.5,873.4166666666666,38.333333333333336,1018.9333333333334
2024-01-06 05:00:00,21.600000000000005,24.0,822.8333333333334,38.75,1019.2416666666667
2024-01-06 06:00:00,21.525000000000002,24.0,803.3333333333334,39.666666666666664,1019.5583333333334
2024-01-06 07:00:00,21.463636363636365,23.454545454545453,748.0909090909091,38.63636363636363,1020.2636363636364
2024-01-06 08:00:00,21.316666666666666,23.333333333333332,711.4166666666666,38.416666666666664,1021.0333333333333
2024-01-06 09:00:00,20.808333333333334,23.0,578.0833333333334,37.75,1021.5333333333333
2024-01-06 10:00:00,20.5,22.083333333333332,516.3333333333334,37.75,1022.225
2024-01-06 11:00:00,20.308333333333334,21.75,486.3333333333333,37.666666666666664,1022.8000000000001
2024-01-06 12:00:00,20.166666666666668,21.0,473.8333333333333,37.833333333333336,1023.0333333333333
2024-01-06 13:00:00,20.066666666666666,21.0,467.5,38.0,1023.1
2024-01-06 14:00:00,19.966666666666665,21.0,466.75,38.0,1023.6083333333332
2024-01-06 15:00:00,19.866666666666664,20.5,460.25,37.75,1024.0916666666667
2024-01-06 16:00:00,19.75,20.0,459.4166666666667,37.666666666666664,1024.5
2024-01-06 17:00:00,19.663636363636364,20.0,458.6363636363636,37.81818181818182,1025.0181818181818
2024-01-06 18:00:00,19.55,20.0,457.1666666666667,37.916666666666664,1025.7916666666667
2024-01-06 19:00:00,19.391666666666666,20.0,456.5833333333333,37.916666666666664,1026.3833333333334
2024-01-06 20:00:00,19.291666666666668,20.0,447.3333333333333,37.666666666666664,1026.7583333333334
2024-01-06 21:00:00,19.191666666666666,20.0,450.6666666666667,37.666666666666664,1027.1499999999999
2024-01-06 22:00:00,19.083333333333332,20.0,447.0,37.75,1027.6666666666667
2024-01-06 23:00:00,18.983333333333334,20.0,445.0833333333333,37.666666666666664,1027.9583333333333
2024-01-07 00:00:00,18.883333333333333,20.0,442.4166666666667,37.916666666666664,1028.6000000000001
2024-01-07 01:00:00,18.8,20.0,437.9166666666667,37.75,1028.8166666666666
2024-01-07 02:00:00,18.7,19.416666666666668,438.1666666666667,37.75,1029.3333333333333
2024-01-07 03:00:00,18.69090909090909,19.0,431.0,38.18181818181818,1029.8636363636363
2024-01-07 04:00:00,18.6,19.0,430.75,37.5,1030.1416666666667
2024-01-07 05:00:00,18.516666666666666,19.0,431.25,37.666666666666664,1030.4083333333333
2024-01-07 06:00:00,18.483333333333334,19.0,424.9166666666667,37.5,1030.95
2024-01-07 07:00:00,18.4,19.0,423.1666666666667,37.333333333333336,1031.45
2024-01-07 08:00:00,18.4,19.0,428.0,37.583333333333336,1032.0416666666667
2024-01-07 09:00:00,18.4,19.0,424.5,37.75,1032.7333333333333
2024-01-07 10:00:00,18.4,19.0,425.9166666666667,37.75,1033.3999999999999
2024-01-07 11:00:00,18.4,19.0,422.5,37.75,1034.0
2024-01-07 12:00:00,18.454545454545453,19.0,427.6363636363636,37.72727272727273,1034.2
2024-01-07 13:00:00,18.5,19.0,424.75,37.833333333333336,1034.3583333333333
2024-01-07 14:00:00,18.541666666666668,19.0,426.9166666666667,38.0,1034.4916666666666
2024-01-07 15:00:00,18.6,19.0,430.25,37.666666666666664,1034.875
2024-01-07 16:00:00,18.583333333333332,19.0,430.75,37.583333333333336,1035.4583333333333
2024-01-07 17:00:00,18.525000000000002,19.0,428.9166666666667,37.833333333333336,1036.0416666666667
2024-01-07 18:00:00,19.05,20.25,628.5,45.416666666666664,1036.7916666666667
2024-01-07 19:00:00,20.183333333333334,21.916666666666668,805.1666666666666,49.833333333333336,1036.9166666666667
2024-01-07 20:00:00,20.375,22.0,877.4166666666666,44.416666666666664,1037.875
2024-01-07 21:00:00,20.025000000000002,22.0,974.9166666666666,38.5,1038.55
2024-01-07 22:00:00,19.663636363636364,22.0,958.2727272727273,37.72727272727273,1038.7545454545455
2024-01-07 23:00:00,19.5,22.0,925.5,38.75,1038.4583333333333
2024-01-08 00:00:00,19.40833333333333,23.0,966.6666666666666,38.166666666666664,1038.9666666666667
2024-01-08 01:00:00,19.533333333333335,23.833333333333332,945.3333333333334,38.583333333333336,1039.4833333333333
2024-01-08 02:00:00,19.841666666666665,25.833333333333332,845.0,38.75,1039.3583333333333
2024-01-08 03:00:00,19.575,25.083333333333332,919.6666666666666,38.583333333333336,1039.6416666666667
2024-01-08 04:00:00,19.875,26.0,838.8333333333334,38.0,1039.9333333333334
2024-01-08 05:00:00,19.9,26.0,799.5833333333334,37.583333333333336,1039.7333333333333
2024-01-08 06:00:00,19.866666666666664,26.416666666666668,759.6666666666666,37.666666666666664,1039.5166666666667
2024-01-08 07:00:00,19.9,26.0,725.4545454545455,37.63636363636363,1039.5636363636365
2024-01-08 08:00:00,19.9,26.0,720.8333333333334,37.75,1039.7250000000001
2024-01-08 09:00:00,20.016666666666666,26.333333333333332,758.5,37.583333333333336,1040.05
2024-01-08 10:00:00,20.3,28.0,928.5,38.75,1040.3666666666666
2024-01-08 11:00:00,21.091666666666665,39.916666666666664,1260.0833333333333,50.416666666666664,1040.2833333333333
2024-01-08 12:00:00,21.983333333333334,43.416666666666664,1627.8333333333333,50.0,1039.9750000000001
2024-01-08 13:00:00,22.425,44.0,1992.5833333333333,43.25,1039.675
2024-01-08 14:00:00,22.883333333333336,43.916666666666664,2226.1666666666665,43.666666666666664,1039.4666666666667
2024-01-08 15:00:00,23.224999999999998,43.25,2276.75,43.916666666666664,1039.6833333333334
2024-01-08 16:00:00,23.608333333333334,43.333333333333336,2383.5,50.166666666666664,1039.7416666666666
2024-01-08 17:00:00,24.072727272727274,44.0,2616.3636363636365,45.18181818181818,1039.6363636363637
2024-01-08 18:00:00,24.241666666666664,43.75,2789.1666666666665,44.0,1039.675
2024-01-08 19:00:00,24.041666666666668,43.083333333333336,2835.3333333333335,41.333333333333336,1039.6166666666666
2024-01-08 20:00:00,24.433333333333334,43.75,2979.6666666666665,39.75,1039.5666666666666
2024-01-08 21:00:00,24.71666666666667,43.0,3052.25,42.916666666666664,1039.5333333333333
2024-01-08 22:00:00,24.900000000000002,43.0,3045.1666666666665,39.166666666666664,1039.3
2024-01-08 23:00:00,25.141666666666666,43.416666666666664,3063.5,40.25,1039.0666666666666
2024-01-09 00:00:00,25.53333333333333,44.0,3159.5833333333335,39.333333333333336,1038.8416666666667
2024-01-09 01:00:00,25.53333333333333,43.083333333333336,3131.25,38.916666666666664,1038.5
2024-01-09 02:00:00,25.325,42.833333333333336,3089.0,39.916666666666664,1038.1166666666666
2024-01-09 03:00:00,20.2,36.54545454545455,1103.909090909091,39.09090909090909,1037.7272727272727
2024-01-09 04:00:00,22.183333333333334,38.666666666666664,1818.6666666666667,37.333333333333336,1037.65
2024-01-09 05:00:00,22.71666666666667,39.0,1881.6666666666667,37.5,1037.1000000000001
2024-01-09 06:00:00,22.849999999999998,39.0,1817.1666666666667,37.5,1036.7583333333334
2024-01-09 07:00:00,22.899999999999995,39.0,1770.9166666666667,37.5,1036.8416666666667
2024-01-09 08:00:00,22.899999999999995,39.0,1760.75,37.416666666666664,1037.0166666666667
2024-01-09 09:00:00,22.974999999999998,39.0,1780.8333333333333,38.75,1036.7749999999999
2024-01-09 10:00:00,23.325,38.0,1737.6666666666667,37.5,1036.8583333333333
2024-01-09 11:00:00,23.458333333333332,38.0,1715.6666666666667,38.166666666666664,1036.6083333333333
2024-01-09 12:00:00,23.581818181818186,37.27272727272727,1582.4545454545455,37.54545454545455,1036.1363636363637
2024-01-09 13:00:00,23.641666666666666,36.166666666666664,1355.25,37.166666666666664,1035.8833333333334
2024-01-09 14:00:00,23.608333333333334,35.75,1258.0833333333333,37.25,1035.8416666666667
2024-01-09 15:00:00,23.575,35.75,1191.0,37.666666666666664,1035.7166666666667
2024-01-09 16:00:00,23.016666666666666,33.25,769.0833333333334,38.083333333333336,1035.6916666666666
2024-01-09 17:00:00,22.71818181818182,31.363636363636363,625.3636363636364,37.90909090909091,1035.8454545454545
2024-01-09 18:00:00,22.474999999999998,29.75,582.3333333333334,37.416666666666664,1035.7916666666667
2024-01-09 19:00:00,22.558333333333334,29.75,658.4166666666666,37.166666666666664,1035.6833333333334
2024-01-09 20:00:00,22.758333333333336,31.083333333333332,793.8333333333334,37.25,1035.5
2024-01-09 21:00:00,22.849999999999998,32.0,880.75,37.25,1035.3166666666668
2024-01-09 22:00:00,22.87272727272727,32.0,934.9090909090909,37.18181818181818,1035.3
2024-01-09 23:00:00,22.95,32.833333333333336,1016.6666666666666,38.0,1035.3333333333333
2024-01-10 00:00:00,23.075000000000003,32.333333333333336,1037.25,37.75,1035.2416666666666
2024-01-10 01:00:00,23.11666666666667,32.0,1043.4166666666667,37.916666666666664,1034.8333333333333
2024-01-10 02:00:00,23.2,31.0,1085.8333333333333,37.166666666666664,1034.5249999999999
2024-01-10 03:00:00,23.2,30.5,1096.0833333333333,37.333333333333336,1034.5333333333333
2024-01-10 04:00:00,23.125,30.666666666666668,1114.8333333333333,37.166666666666664,1034.25
2024-01-10 05:00:00,23.066666666666666,31.0,1149.0833333333333,37.416666666666664,1033.875
2024-01-10 06:00:00,23.0,31.0,1166.8333333333333,37.416666666666664,1033.4083333333333
2024-01-10 07:00:00,22.990909090909092,31.0,1188.7272727272727,37.45454545454545,1033.2818181818182
2024-01-10 08:00:00,22.78333333333333,30.75,1113.3333333333333,37.583333333333336,1033.1916666666668
2024-01-10 09:00:00,22.808333333333334,30.416666666666668,1046.6666666666667,37.166666666666664,1033.2333333333333
2024-01-10 10:00:00,22.899999999999995,31.0,1137.5833333333333,37.25,1033.0416666666667
2024-01-10 11:00:00,23.066666666666666,31.0,1259.9166666666667,37.25,1032.5833333333333
2024-01-10 12:00:00,23.241666666666664,31.0,1316.25,37.666666666666664,1032.2916666666667
2024-01-10 13:00:00,22.958333333333332,30.583333333333332,1081.9166666666667,37.916666666666664,1031.525
2024-01-10 14:00:00,22.599999999999998,29.25,722.25,38.25,1031.2749999999999
2024-01-10 15:00:00,22.400000000000002,28.0,649.75,40.5,1031.1583333333333
2024-01-10 16:00:00,22.666666666666668,27.75,804.3333333333334,42.416666666666664,1030.9583333333333
2024-01-10 17:00:00,22.6,27.0,779.3636363636364,38.09090909090909,1030.9545454545455
2024-01-10 18:00:00,22.458333333333332,26.416666666666668,760.0833333333334,39.833333333333336,1030.8666666666666
2024-01-10 19:00:00,22.233333333333334,26.0,729.75,39.333333333333336,1030.7749999999999
2024-01-10 20:00:00,22.158333333333335,27.5,743.1666666666666,40.5,1030.7833333333333
2024-01-10 21:00:00,22.258333333333336,30.833333333333332,801.8333333333334,40.083333333333336,1030.7666666666667
2024-01-10 22:00:00,22.100000000000005,29.333333333333332,816.0,41.0,1030.3166666666666
2024-01-10 23:00:00,22.016666666666666,28.0,830.25,39.75,1030.1166666666666
2024-01-11 00:00:00,21.733333333333334,27.0,774.75,37.333333333333336,1030.075
2024-01-11 01:00:00,21.625,27.0,745.0833333333334,37.333333333333336,1029.8083333333334
2024-01-11 02:00:00,21.575000000000003,27.0,720.0833333333334,37.5,1029.3166666666666
2024-01-11 03:00:00,21.518181818181816,26.818181818181817,726.5454545454545,37.54545454545455,1028.9363636363635
2024-01-11 04:00:00,21.40833333333333,26.333333333333332,708.25,37.416666666666664,1028.8583333333333
2024-01-11 05:00:00,21.366666666666664,26.0,680.0833333333334,37.416666666666664,1028.825
2024-01-11 06:00:00,21.208333333333332,26.0,665.9166666666666,37.416666666666664,1028.7
2024-01-11 07:00:00,21.05,26.0,649.0,37.5,1029.0083333333334
2024-01-11 08:00:00,21.166666666666668,26.0,666.25,38.5,1029.375
2024-01-11 09:00:00,21.3,25.833333333333332,588.1666666666666,37.333333333333336,1029.75
2024-01-11 10:00:00,21.3,25.0,529.6666666666666,37.25,1030.0083333333334
2024-01-11 11:00:00,21.266666666666666,25.0,519.5,39.0,1030.3083333333334
2024-01-11 12:00:00,21.336363636363636,25.818181818181817,663.4545454545455,43.09090909090909,1030.5272727272727
2024-01-11 13:00:00,21.71666666666667,26.75,753.6666666666666,43.166666666666664,1030.5083333333334
2024-01-11 14:00:00,22.233333333333334,28.75,793.25,40.083333333333336,1030.45
2024-01-11 15:00:00,22.291666666666668,29.083333333333332,656.25,39.583333333333336,1030.4166666666667
2024-01-11 16:00:00,22.53333333333333,30.0,760.4166666666666,39.5,1030.6916666666666
2024-01-11 17:00:00,22.666666666666668,30.0,942.8333333333334,40.5,1031.0166666666667
2024-01-11 18:00:00,22.40833333333333,30.0,954.25,38.25,1030.9333333333334
2024-01-11 19:00:00,22.308333333333334,30.0,923.8333333333334,37.75,1030.4083333333333
2024-01-11 20:00:00,22.21666666666667,30.0,900.4166666666666,38.25,1030.125
2024-01-11 21:00:00,22.400000000000002,30.583333333333332,885.0833333333334,39.416666666666664,1030.1666666666667
2024-01-11 22:00:00,22.4,31.0,833.8181818181819,38.36363636363637,1029.909090909091
2024-01-11 23:00:00,22.55,30.25,914.0,38.583333333333336,1029.3916666666667
2024-01-12 00:00:00,22.516666666666666,29.833333333333332,886.0833333333334,38.166666666666664,1028.9833333333333
2024-01-12 01:00:00,22.616666666666664,29.0,855.25,39.25,1028.3666666666666
2024-01-12 02:00:00,22.71666666666667,29.0,901.75,38.333333333333336,1027.5666666666666
2024-01-12 03:00:00,22.38333333333333,28.333333333333332,851.5,38.416666666666664,1026.8583333333333
2024-01-12 04:00:00,22.399999999999995,28.083333333333332,833.75,38.416666666666664,1026.1416666666667
2024-01-12 05:00:00,22.416666666666668,27.916666666666668,802.0833333333334,38.333333333333336,1025.4166666666667
2024-01-12 06:00:00,22.316666666666666,27.0,784.3333333333334,37.666666666666664,1024.75
2024-01-12 07:00:00,22.39090909090909,27.0,764.9090909090909,38.54545454545455,1024.3454545454545
2024-01-12 08:00:00,22.316666666666666,26.333333333333332,774.3333333333334,37.583333333333336,1024.0
2024-01-12 09:00:00,22.433333333333334,26.083333333333332,812.5833333333334,38.75,1023.7916666666666
2024-01-12 10:00:00,22.941666666666666,31.25,828.6666666666666,40.833333333333336,1023.5583333333334
2024-01-12 11:00:00,23.233333333333334,31.416666666666668,933.3333333333334,43.083333333333336,1023.2916666666666
2024-01-12 12:00:00,23.425,31.833333333333332,932.5833333333334,39.25,1022.8833333333333
2024-01-12 13:00:00,23.625,32.666666666666664,955.8333333333334,39.25,1022.2166666666667
2024-01-12 14:00:00,23.558333333333334,33.0,899.25,38.5,1021.3333333333334
2024-01-12 15:00:00,23.399999999999995,33.0,712.9166666666666,39.833333333333336,1020.9250000000001
2024-01-12 16:00:00,23.349999999999998,33.5,680.6666666666666,37.833333333333336,1020.6416666666668
2024-01-12 17:00:00,23.263636363636365,33.0,620.1818181818181,37.45454545454545,1020.3090909090909
2024-01-12 18:00:00,23.21666666666667,32.666666666666664,589.5833333333334,38.0,1019.2666666666668
2024-01-12 19:00:00,23.2,32.0,578.5833333333334,37.666666666666664,1018.4250000000001
2024-01-12 20:00:00,23.2,31.75,573.75,37.75,1017.6333333333333
2024-01-12 21:00:00,23.15833333333333,31.0,563.0833333333334,37.416666666666664,1016.6333333333333
2024-01-12 22:00:00,23.100000000000005,30.666666666666668,545.25,37.916666666666664,1015.1833333333334
2024-01-12 23:00:00,23.100000000000005,29.916666666666668,538.0,37.5,1013.6666666666666
2024-01-13 00:00:00,23.066666666666666,29.0,533.5,38.083333333333336,1012.4
2024-01-13 01:00:00,23.100000000000005,28.666666666666668,525.5,38.5,1010.5583333333334
2024-01-13 02:00:00,23.1,28.0,525.1818181818181,37.45454545454545,1009.0181818181819
2024-01-13 03:00:00,23.09166666666667,27.416666666666668,519.0,38.0,1007.25
2024-01-13 04:00:00,23.100000000000005,27.0,522.4166666666666,37.5,1005.6916666666666
2024-01-13 05:00:00,23.133333333333336,27.0,521.9166666666666,38.0,1003.8249999999999
2024-01-13 06:00:00,23.2,27.0,519.25,37.333333333333336,1002.4916666666667
2024-01-13 07:00:00,23.208333333333332,27.0,517.4166666666666,38.0,1000.8249999999999
2024-01-13 08:00:00,23.3,27.0,524.8333333333334,37.5,999.2083333333334
2024-01-13 09:00:00,23.349999999999998,27.0,523.3333333333334,38.0,998.225
2024-01-13 10:00:00,23.433333333333334,27.0,533.6666666666666,37.416666666666664,997.725
2024-01-13 11:00:00,23.525000000000002,27.0,532.5833333333334,38.166666666666664,997.3166666666666
2024-01-13 12:00:00,23.6,27.0,539.9090909090909,37.54545454545455,996.9636363636364
2024-01-13 13:00:00,23.625,27.0,537.3333333333334,38.166666666666664,996.7333333333332
2024-01-13 14:00:00,23.7,26.416666666666668,542.75,37.583333333333336,996.75
2024-01-13 15:00:00,23.724999999999998,26.0,546.6666666666666,38.083333333333336,996.8249999999999
2024-01-13 16:00:00,23.8,26.0,546.3333333333334,37.416666666666664,996.8499999999999
2024-01-13 17:00:00,23.833333333333332,26.0,550.0833333333334,38.25,996.975
2024-01-13 18:00:00,23.899999999999995,26.0,555.5,38.0,996.8583333333332
2024-01-13 19:00:00,23.899999999999995,26.0,553.5,38.166666666666664,996.75
2024-01-13 20:00:00,23.899999999999995,26.0,567.3333333333334,37.666666666666664,996.6333333333333
2024-01-13 21:00:00,23.941666666666666,26.0,553.0,39.0,996.7916666666666
2024-01-13 22:00:00,24.0,26.0,559.1818181818181,37.54545454545455,996.7272727272727
2024-01-13 23:00:00,23.941666666666666,25.166666666666668,563.0833333333334,37.75,996.5083333333333
2024-01-14 00:00:00,23.95,25.0,557.1666666666666,37.583333333333336,996.2666666666668
2024-01-14 01:00:00,23.899999999999995,25.0,557.8333333333334,37.5,996.3083333333334
2024-01-14 02:00:00,23.88333333333333,24.583333333333332,553.8333333333334,37.75,996.2416666666667
2024-01-14 03:00:00,23.8,24.0,553.5,37.583333333333336,995.7833333333333
2024-01-14 04:00:00,23.8,24.0,547.1666666666666,37.666666666666664,995.4916666666667
2024-01-14 05:00:00,23.8,23.333333333333332,547.8333333333334,37.583333333333336,994.975
2024-01-14 06:00:00,23.8,23.0,544.0833333333334,37.583333333333336,994.4499999999999
2024-01-14 07:00:00,23.8,23.0,540.0909090909091,37.54545454545455,993.7363636363636
2024-01-14 08:00:00,23.849999999999998,23.0,549.8333333333334,37.583333333333336,993.2333333333332
2024-01-14 09:00:00,23.899999999999995,23.0,554.9166666666666,37.416666666666664,992.4
2024-01-14 10:00:00,23.974999999999998,23.0,552.0,37.666666666666664,991.5333333333333
2024-01-14 11:00:00,24.0,23.0,556.0833333333334,37.416666666666664,990.4166666666666
2024-01-14 12:00:00,24.008333333333336,23.0,548.5,37.833333333333336,989.1583333333333
2024-01-14 13:00:00,24.083333333333332,23.0,546.8333333333334,37.833333333333336,987.7833333333333
2024-01-14 14:00:00,24.100000000000005,23.0,546.75,38.25,986.4583333333334
2024-01-14 15:00:00,24.166666666666668,23.0,543.9166666666666,38.0,985.3083333333334
2024-01-14 16:00:00,24.2,23.0,547.5,38.166666666666664,984.2166666666667
2024-01-14 17:00:00,24.254545454545454,23.0,548.4545454545455,38.0,983.2363636363636
2024-01-14 18:00:00,24.28333333333333,23.666666666666668,558.0,38.0,982.4083333333333
2024-01-14 19:00:00,24.2,24.0,569.25,37.916666666666664,981.6416666666668
2024-01-14 20:00:00,24.208333333333332,24.0,560.8333333333334,39.083333333333336,980.9499999999999
2024-01-14 21:00:00,24.3,24.0,559.6666666666666,37.833333333333336,980.75
2024-01-14 22:00:00,24.3,24.0,557.75,38.5,980.9916666666667
2024-01-14 23:00:00,24.3,24.0,553.3333333333334,38.0,982.0500000000001
2024-01-15 00:00:00,24.366666666666664,24.0,551.25,38.25,983.5333333333333
2024-01-15 01:00:00,24.775000000000002,24.75,622.0833333333334,37.75,984.6916666666666
2024-01-15 02:00:00,25.016666666666666,25.333333333333332,794.0,38.0,985.5583333333334
2024-01-15 03:00:00,25.063636363636363,26.0,877.8181818181819,37.81818181818182,986.4727272727273
2024-01-15 04:00:00,25.100000000000005,26.0,914.0833333333334,37.833333333333336,987.4916666666667
2024-01-15 05:00:00,25.066666666666666,26.0,906.25,37.833333333333336,988.4499999999999
2024-01-15 06:00:00,25.075000000000003,26.0,892.4166666666666,37.75,989.2083333333334
2024-01-15 07:00:00,25.016666666666666,26.0,892.6666666666666,37.833333333333336,990.0666666666666
2024-01-15 08:00:00,25.083333333333332,26.0,906.5833333333334,37.833333333333336,990.8916666666668
2024-01-15 09:00:00,25.11666666666667,26.0,923.4166666666666,38.0,991.8666666666667
2024-01-15 10:00:00,25.2,26.0,995.75,38.0,992.5333333333333
2024-01-15 11:00:00,25.3,26.083333333333332,1048.1666666666667,37.916666666666664,993.1833333333334
2024-01-15 12:00:00,25.39090909090909,27.0,1097.4545454545455,37.81818181818182,993.5636363636364
2024-01-15 13:00:00,25.45,27.0,1111.0833333333333,38.166666666666664,993.8916666666668
2024-01-15 14:00:00,25.55,27.0,1181.6666666666667,39.166666666666664,994.2166666666667
2024-01-15 15:00:00,25.600000000000005,27.0,1229.75,37.916666666666664,994.9499999999999
2024-01-15 16:00:00,25.600000000000005,27.0,1205.25,37.916666666666664,995.7916666666666
2024-01-15 17:00:00,25.600000000000005,27.0,1225.5,37.833333333333336,996.3833333333333
2024-01-15 18:00:00,25.641666666666666,28.083333333333332,1404.3333333333333,41.583333333333336,996.9583333333334
2024-01-15 19:00:00,25.88333333333333,32.583333333333336,1794.75,38.0,997.65
2024-01-15 20:00:00,25.875,33.0,1767.9166666666667,37.5,998.1999999999999
2024-01-15 21:00:00,25.775000000000002,33.0,1774.0,37.833333333333336,998.8166666666666
2024-01-15 22:00:00,25.7,33.0,1742.0,38.18181818181818,999.4545454545455
2024-01-15 23:00:00,25.691666666666666,32.583333333333336,1697.8333333333333,37.333333333333336,999.9333333333334
2024-01-16 00:00:00,25.600000000000005,32.0,1687.1666666666667,37.583333333333336,1000.3249999999999
2024-01-16 01:00:00,25.600000000000005,33.0,1722.6666666666667,37.416666666666664,1000.5083333333333
2024-01-16 02:00:00,25.600000000000005,32.583333333333336,1727.9166666666667,37.5,1000.7666666666668
2024-01-16 03:00:00,25.55,32.0,1720.0833333333333,37.666666666666664,1001.1333333333333
2024-01-16 04:00:00,25.5,32.0,1737.5,37.666666666666664,1001.4
2024-01-16 05:00:00,25.5,32.0,1740.4166666666667,37.583333333333336,1001.3499999999999
2024-01-16 06:00:00,25.46666666666667,32.0,1731.9166666666667,37.583333333333336,1001.2666666666668
2024-01-16 07:00:00,25.433333333333334,32.0,1729.5833333333333,37.75,1001.2083333333334
2024-01-16 08:00:00,25.40909090909091,32.0,1698.1818181818182,37.54545454545455,1001.3181818181819
2024-01-16 09:00:00,25.491666666666664,32.0,1666.0833333333333,37.333333333333336,1001.0916666666667
2024-01-16 10:00:00,25.5,32.0,1629.1666666666667,37.916666666666664,1000.6999999999999
2024-01-16 11:00:00,25.5,32.0,1621.6666666666667,37.75,1000.35
2024-01-16 12:00:00,25.5,31.833333333333332,1606.6666666666667,37.5,999.6750000000001
2024-01-16 13:00:00,25.5,31.583333333333332,1596.6666666666667,37.833333333333336,998.7666666666668
2024-01-16 14:00:00,25.28333333333333,31.5,1401.9166666666667,38.083333333333336,998.1166666666667
2024-01-16 15:00:00,24.825,30.333333333333332,893.4166666666666,37.916666666666664,997.2166666666667
2024-01-16 16:00:00,24.7,29.166666666666668,700.6666666666666,38.666666666666664,996.8000000000001
2024-01-16 17:00:00,24.62727272727273,28.272727272727273,629.7272727272727,38.09090909090909,995.9181818181819
2024-01-16 18:00:00,24.600000000000005,27.75,596.5,38.416666666666664,994.5083333333333
2024-01-16 19:00:00,24.508333333333336,27.0,582.6666666666666,37.916666666666664,993.0833333333334
2024-01-16 20:00:00,24.5,27.0,570.5,37.666666666666664,991.6916666666666
2024-01-16 21:00:00,24.458333333333332,27.0,565.5,38.25,990.35
2024-01-16 22:00:00,24.399999999999995,26.5,555.9166666666666,37.75,989.6416666666668
2024-01-16 23:00:00,24.399999999999995,27.0,551.5,37.666666666666664,989.1
2024-01-17 00:00:00,24.399999999999995,27.0,559.5833333333334,38.0,988.4499999999999
2024-01-17 01:00:00,24.399999999999995,27.0,549.9166666666666,37.75,987.525
2024-01-17 02:00:00,24.399999999999995,27.0,553.0,37.75,986.5666666666666
2024-01-17 03:00:00,24.4,27.0,552.7272727272727,37.81818181818182,985.3363636363637
2024-01-17 04:00:00,24.399999999999995,27.0,550.8333333333334,37.833333333333336,983.4666666666667
2024-01-17 05:00:00,24.416666666666668,27.0,547.4166666666666,37.5,981.4499999999999
2024-01-17 06:00:00,24.433333333333334,27.0,549.4166666666666,38.416666666666664,979.0666666666666
2024-01-17 07:00:00,24.40833333333333,27.0,554.3333333333334,37.75,975.75
2024-01-17 08:00:00,24.525000000000002,27.416666666666668,784.75,39.083333333333336,973.5666666666666
2024-01-17 09:00:00,24.516666666666666,28.75,984.9166666666666,40.0,971.35
2024-01-17 10:00:00,24.683333333333334,29.75,974.8333333333334,41.25,969.8333333333334
2024-01-17 11:00:00,24.666666666666668,34.083333333333336,933.9166666666666,41.833333333333336,968.0916666666667
2024-01-17 12:00:00,24.7,35.0,769.8181818181819,40.27272727272727,970.4454545454545
2024-01-17 13:00:00,24.791666666666668,33.833333333333336,677.5,40.333333333333336,973.1416666666668
2024-01-17 14:00:00,24.008333333333336,31.0,756.8333333333334,43.583333333333336,975.0416666666666
2024-01-17 15:00:00,24.575000000000003,31.916666666666668,928.75,43.0,976.275
2024-01-17 16:00:00,24.916666666666668,32.0,1022.3333333333334,43.916666666666664,977.0333333333333
2024-01-17 17:00:00,25.3,32.583333333333336,1101.3333333333333,44.416666666666664,977.775
2024-01-17 18:00:00,25.358333333333334,35.916666666666664,1196.6666666666667,47.666666666666664,978.5416666666666
2024-01-17 19:00:00,25.108333333333334,36.25,1182.0,44.416666666666664,979.2666666666668
2024-01-17 20:00:00,25.34166666666667,35.75,1153.25,42.833333333333336,979.9416666666666
2024-01-17 21:00:00,25.5,36.916666666666664,1135.0833333333333,43.083333333333336,980.6083333333332
2024-01-17 22:00:00,25.44545454545454,36.0,1075.0,42.18181818181818,981.4363636363636
2024-01-17 23:00:00,25.483333333333334,36.0,1054.9166666666667,43.833333333333336,981.9833333333332
2024-01-18 00:00:00,25.325,35.833333333333336,1077.5833333333333,40.333333333333336,982.4583333333334
2024-01-18 01:00:00,25.183333333333334,35.0,1081.25,38.416666666666664,983.0083333333333
2024-01-18 02:00:00,24.900000000000002,34.583333333333336,1030.5,39.75,983.725
2024-01-18 03:00:00,24.433333333333334,33.416666666666664,989.0833333333334,39.416666666666664,984.3916666666668
2024-01-18 04:00:00,24.066666666666666,32.583333333333336,961.9166666666666,39.416666666666664,984.8916666666668
2024-01-18 05:00:00,23.974999999999998,32.0,975.0833333333334,38.0,985.5583333333334
2024-01-18 06:00:00,24.075000000000003,32.0,969.5833333333334,38.25,985.9166666666666
2024-01-18 07:00:00,24.09166666666667,31.75,960.1666666666666,38.083333333333336,986.275
2024-01-18 08:00:00,24.00909090909091,31.0,971.4545454545455,37.90909090909091,986.5818181818181
2024-01-18 09:00:00,24.125,31.916666666666668,935.8333333333334,39.416666666666664,987.1166666666667
2024-01-18 10:00:00,24.316666666666666,36.0,985.0833333333334,41.0,987.5666666666666
2024-01-18 11:00:00,24.275000000000002,35.25,1004.25,39.0,987.8083333333334
2024-01-18 12:00:00,24.0,33.416666666666664,857.6666666666666,38.833333333333336,988.0916666666667
2024-01-18 13:00:00,23.625,31.833333333333332,722.1666666666666,39.416666666666664,988.525
2024-01-18 14:00:00,23.40833333333333,30.666666666666668,645.6666666666666,39.5,988.8166666666666
2024-01-18 15:00:00,23.34166666666667,30.0,604.75,38.416666666666664,989.1416666666668
2024-01-18 16:00:00,23.508333333333336,29.083333333333332,568.5833333333334,38.0,989.25
2024-01-18 17:00:00,23.6,29.0,535.2727272727273,38.81818181818182,989.4727272727273
2024-01-18 18:00:00,23.61666666666667,28.833333333333332,525.6666666666666,38.75,989.75
2024-01-18 19:00:00,23.583333333333332,28.0,518.1666666666666,38.083333333333336,989.8833333333333
2024-01-18 20:00:00,23.575000000000003,28.0,515.25,37.75,990.0333333333333
2024-01-18 21:00:00,23.583333333333332,28.0,511.9166666666667,37.833333333333336,990.5
2024-01-18 22:00:00,23.53333333333333,28.0,513.75,38.25,990.8499999999999
2024-01-18 23:00:00,23.600000000000005,28.0,516.1666666666666,37.75,991.3416666666667
2024-01-19 00:00:00,23.600000000000005,27.166666666666668,509.8333333333333,37.833333333333336,991.6416666666668
2024-01-19 01:00:00,23.600000000000005,27.0,506.75,37.916666666666664,992.025
2024-01-19 02:00:00,23.600000000000005,27.0,507.9166666666667,37.75,992.5083333333333
2024-01-19 03:00:00,23.59090909090909,27.0,504.6363636363636,37.81818181818182,993.0727272727272
2024-01-19 04:00:00,23.575000000000003,27.0,510.4166666666667,37.75,993.2583333333333
2024-01-19 05:00:00,23.541666666666668,26.75,503.9166666666667,37.75,993.9916666666667
2024-01-19 06:00:00,23.508333333333336,26.0,506.8333333333333,38.0,994.5500000000001
2024-01-19 07:00:00,23.5,26.0,504.9166666666667,37.833333333333336,995.0916666666667
2024-01-19 08:00:00,23.516666666666666,26.0,509.9166666666667,37.75,995.5583333333334
2024-01-19 09:00:00,23.600000000000005,25.666666666666668,518.8333333333334,37.666666666666664,996.0749999999999
2024-01-19 10:00:00,23.641666666666666,25.0,518.5833333333334,37.666666666666664,996.7333333333332
2024-01-19 11:00:00,23.675,25.0,525.75,37.583333333333336,997.275
2024-01-19 12:00:00,23.7,25.0,520.2727272727273,37.63636363636363,997.6
2024-01-19 13:00:00,23.7,25.0,515.9166666666666,37.833333333333336,997.8333333333334
2024-01-19 14:00:00,23.766666666666666,25.5,512.25,37.833333333333336,998.1833333333334
2024-01-19 15:00:00,23.8,26.0,501.25,39.333333333333336,998.725
2024-01-19 16:00:00,23.833333333333332,26.0,494.6666666666667,37.916666666666664,999.125
2024-01-19 17:00:00,23.849999999999998,26.0,491.3333333333333,37.75,999.5
2024-01-19 18:00:00,23.833333333333332,26.0,487.6666666666667,38.083333333333336,999.9
2024-01-19 19:00:00,23.791666666666668,26.0,487.75,37.916666666666664,1000.35
2024-01-19 20:00:00,23.8,26.0,494.9166666666667,37.916666666666664,1001.2166666666667
2024-01-19 21:00:00,23.8,26.0,491.5833333333333,38.5,1001.8166666666666
2024-01-19 22:00:00,23.61818181818182,25.363636363636363,488.72727272727275,39.18181818181818,1002.2272727272727
2024-01-19 23:00:00,23.34166666666667,25.0,480.4166666666667,39.0,1002.6750000000001
2024-01-20 00:00:00,23.175,25.0,470.25,38.916666666666664,1002.9666666666667
2024-01-20 01:00:00,23.191666666666666,25.0,474.4166666666667,38.25,1003.6
2024-01-20 02:00:00,23.375,25.0,481.9166666666667,38.0,1004.6583333333333
2024-01-20 03:00:00,23.424999999999997,24.583333333333332,477.25,38.083333333333336,1005.775
2024-01-20 04:00:00,23.424999999999997,24.0,483.1666666666667,38.25,1007.2166666666667
2024-01-20 05:00:00,23.399999999999995,24.0,483.1666666666667,38.25,1008.8083333333334
2024-01-20 06:00:00,23.399999999999995,24.0,478.5833333333333,38.166666666666664,1010.225
2024-01-20 07:00:00,23.375,24.0,478.75,37.833333333333336,1011.4499999999999
2024-01-20 08:00:00,23.363636363636363,23.272727272727273,477.1818181818182,37.72727272727273,1012.5
2024-01-20 09:00:00,23.399999999999995,23.0,482.75,37.916666666666664,1013.5749999999999
2024-01-20 10:00:00,23.441666666666666,23.0,479.5,37.916666666666664,1014.9166666666666
2024-01-20 11:00:00,23.5,23.0,479.1666666666667,38.166666666666664,1015.6750000000001
2024-01-20 12:00:00,23.55,23.0,476.4166666666667,38.333333333333336,1016.0083333333333
2024-01-20 13:00:00,23.583333333333332,23.0,480.0,38.416666666666664,1016.3833333333333
2024-01-20 14:00:00,23.600000000000005,23.0,478.8333333333333,38.583333333333336,1016.6083333333332
2024-01-20 15:00:00,23.7,23.0,486.8333333333333,40.75,1016.6999999999999
2024-01-20 16:00:00,23.724999999999998,23.0,487.5,38.666666666666664,1016.9416666666666
2024-01-20 17:00:00,23.70909090909091,23.0,488.90909090909093,38.36363636363637,1016.7909090909089
2024-01-20 18:00:00,23.71666666666667,23.0,493.75,38.5,1016.6833333333334
2024-01-20 19:00:00,23.7,23.0,487.75,38.333333333333336,1016.4333333333334
2024-01-20 20:00:00,23.7,23.0,489.75,38.25,1015.7416666666667
2024-01-20 21:00:00,23.7,23.666666666666668,491.5833333333333,38.25,1014.5333333333333
2024-01-20 22:00:00,23.791666666666668,24.0,488.5,38.333333333333336,1013.5749999999999
2024-01-20 23:00:00,24.09166666666667,24.666666666666668,616.6666666666666,45.75,1012.9
2024-01-21 00:00:00,24.866666666666664,26.0,838.4166666666666,38.916666666666664,1012.6
2024-01-21 01:00:00,24.958333333333332,26.416666666666668,901.4166666666666,38.0,1012.2416666666667
2024-01-21 02:00:00,24.333333333333332,26.666666666666668,683.5,37.5,1011.9083333333333
2024-01-21 03:00:00,23.781818181818185,27.09090909090909,611.1818181818181,37.36363636363637,1011.3727272727273
2024-01-21 04:00:00,23.599999999999998,28.083333333333332,614.75,37.416666666666664,1010.7916666666666
2024-01-21 05:00:00,23.433333333333334,29.0,600.1666666666666,37.75,1010.2333333333332
2024-01-21 06:00:00,23.3,29.5,599.3333333333334,38.166666666666664,1009.5500000000001
2024-01-21 07:00:00,23.125,30.0,591.8333333333334,38.25,1008.9416666666666
2024-01-21 08:00:00,23.03333333333333,30.0,649.8333333333334,38.5,1008.6750000000001
2024-01-21 09:00:00,23.066666666666666,30.0,660.0,38.833333333333336,1007.9
2024-01-21 10:00:00,23.016666666666666,30.916666666666668,664.5,40.0,1007.2916666666666
2024-01-21 11:00:00,23.391666666666666,33.75,711.5833333333334,41.916666666666664,1006.2583333333333
2024-01-21 12:00:00,23.900000000000002,33.0,774.0833333333334,43.833333333333336,1005.1166666666667
2024-01-21 13:00:00,24.44545454545454,33.0,857.2727272727273,42.0,1004.1
2024-01-21 14:00:00,24.583333333333332,32.083333333333336,870.0833333333334,41.5,1003.1416666666668
2024-01-21 15:00:00,24.600000000000005,32.0,865.75,45.583333333333336,1002.5749999999999
2024-01-21 16:00:00,24.641666666666666,32.0,855.5833333333334,44.666666666666664,1002.1833333333334
2024-01-21 17:00:00,24.75,31.833333333333332,833.0,43.5,1001.6583333333333
2024-01-21 18:00:00,24.8,32.166666666666664,869.0833333333334,45.0,1001.275
2024-01-21 19:00:00,24.858333333333334,33.0,891.1666666666666,44.25,1001.0416666666666
2024-01-21 20:00:00,25.108333333333334,32.75,902.75,41.333333333333336,1000.5416666666666
2024-01-21 21:00:00,25.133333333333336,32.0,810.3333333333334,41.833333333333336,999.9166666666666
2024-01-21 22:00:00,25.29090909090909,32.63636363636363,1024.2727272727273,45.18181818181818,998.6181818181817
2024-01-21 23:00:00,25.474999999999998,36.583333333333336,1083.75,41.25,996.3666666666667
2024-01-22 00:00:00,25.775000000000002,36.25,1016.5,43.083333333333336,993.8666666666667
2024-01-22 01:00:00,25.608333333333334,35.333333333333336,928.4166666666666,40.75,991.1999999999999
2024-01-22 02:00:00,25.424999999999997,34.583333333333336,892.0,41.666666666666664,988.6833333333334
2024-01-22 03:00:00,25.28333333333333,34.0,891.5,41.5,986.15
2024-01-22 04:00:00,25.025000000000002,33.416666666666664,865.6666666666666,42.666666666666664,983.5333333333333
2024-01-22 05:00:00,24.96666666666667,33.0,895.3333333333334,42.25,980.6750000000001
2024-01-22 06:00:00,24.683333333333334,33.0,767.9166666666666,42.0,978.4333333333334
2024-01-22 07:00:00,24.741666666666664,33.0,805.4166666666666,41.666666666666664,976.9583333333334
2024-01-22 08:00:00,24.9,33.36363636363637,890.2727272727273,41.90909090909091,976.1454545454545
2024-01-22 09:00:00,24.983333333333334,34.666666666666664,926.8333333333334,43.583333333333336,974.9916666666667
2024-01-22 10:00:00,25.016666666666666,35.0,890.8333333333334,44.416666666666664,974.3083333333334
2024-01-22 11:00:00,25.125,35.0,874.1666666666666,45.333333333333336,974.5833333333334
2024-01-22 12:00:00,25.099999999999998,35.0,779.25,44.5,975.1083333333332
2024-01-22 13:00:00,25.291666666666668,35.0,812.5,41.416666666666664,975.625
2024-01-22 14:00:00,25.424999999999997,35.0,847.1666666666666,42.833333333333336,976.5416666666666
2024-01-22 15:00:00,24.558333333333334,33.916666666666664,665.8333333333334,43.5,977.4916666666667
2024-01-22 16:00:00,24.0,33.0,585.9166666666666,41.166666666666664,978.4083333333333
2024-01-22 17:00:00,24.88181818181818,34.0,747.1818181818181,43.36363636363637,979.3
2024-01-22 18:00:00,25.325,35.0,910.75,43.583333333333336,980.7416666666667
2024-01-22 19:00:00,25.45,35.5,1154.1666666666667,40.833333333333336,981.775
2024-01-22 20:00:00,25.474999999999998,36.0,1098.75,40.416666666666664,982.7833333333333
2024-01-22 21:00:00,25.391666666666666,36.0,1021.75,40.333333333333336,983.5833333333334
2024-01-22 22:00:00,25.399999999999995,36.0,987.0,40.75,983.6916666666666
2024-01-22 23:00:00,25.433333333333334,35.666666666666664,999.25,40.583333333333336,984.1833333333334
2024-01-23 00:00:00,25.366666666666664,35.0,969.4166666666666,40.583333333333336,984.6
2024-01-23 01:00:00,25.38333333333333,35.0,929.5833333333334,40.333333333333336,985.0500000000001
2024-01-23 02:00:00,25.416666666666668,35.0,928.5,40.25,985.8000000000001
2024-01-23 03:00:00,25.463636363636365,34.72727272727273,911.1818181818181,40.18181818181818,986.5909090909091
2024-01-23 04:00:00,25.391666666666666,34.0,900.6666666666666,40.666666666666664,986.6999999999999
2024-01-23 05:00:00,25.308333333333334,34.0,907.4166666666666,41.583333333333336,987.4916666666667
2024-01-23 06:00:00,25.233333333333334,34.0,888.9166666666666,42.416666666666664,988.1833333333334
2024-01-23 07:00:00,25.241666666666664,35.0,928.5833333333334,44.583333333333336,989.3166666666666
2024-01-23 08:00:00,25.258333333333336,34.583333333333336,862.8333333333334,42.916666666666664,991.3333333333334
2024-01-23 09:00:00,25.599999999999998,35.833333333333336,887.5833333333334,42.666666666666664,993.4666666666667
2024-01-23 10:00:00,25.875,37.666666666666664,980.75,43.333333333333336,996.0083333333333
2024-01-23 11:00:00,26.075,38.0,1008.4166666666666,43.333333333333336,998.0500000000001
2024-01-23 12:00:00,25.71666666666667,36.083333333333336,832.5833333333334,44.666666666666664,999.7166666666667
2024-01-23 13:00:00,24.754545454545454,34.36363636363637,651.0,46.45454545454545,1001.0363636363636
2024-01-23 14:00:00,25.433333333333334,39.0,709.75,44.916666666666664,1001.9666666666667
2024-01-23 15:00:00,25.424999999999997,38.166666666666664,644.0,42.166666666666664,1002.875
2024-01-23 16:00:00,25.325,37.333333333333336,669.3333333333334,41.333333333333336,1003.6583333333333
2024-01-23 17:00:00,25.3,36.25,598.6666666666666,41.333333333333336,1004.1416666666668
2024-01-23 18:00:00,25.25,35.583333333333336,570.0833333333334,41.333333333333336,1004.0666666666666
2024-01-23 19:00:00,25.175,35.0,548.4166666666666,41.083333333333336,1003.4916666666667
2024-01-23 20:00:00,25.100000000000005,34.166666666666664,533.75,41.166666666666664,1002.1
2024-01-23 21:00:00,25.233333333333334,34.666666666666664,733.75,39.916666666666664,1000.3833333333333
2024-01-23 22:00:00,25.845454545454547,34.81818181818182,953.9090909090909,41.54545454545455,999.4545454545455
2024-01-23 23:00:00,26.133333333333336,35.083333333333336,981.75,40.833333333333336,996.8833333333333
2024-01-24 00:00:00,26.175,36.0,976.0,41.75,994.1333333333333
2024-01-24 01:00:00,26.191666666666666,34.666666666666664,946.0833333333334,40.083333333333336,991.8166666666666
2024-01-24 02:00:00,24.90833333333333,31.916666666666668,639.0,39.166666666666664,988.7583333333333
2024-01-24 03:00:00,23.958333333333332,31.0,593.4166666666666,38.5,985.8333333333334
2024-01-24 04:00:00,23.625,31.0,552.9166666666666,38.083333333333336,983.5833333333334
2024-01-24 05:00:00,23.291666666666668,31.0,546.0,38.25,982.2166666666667
2024-01-24 06:00:00,22.974999999999998,31.0,534.5,38.083333333333336,981.375
2024-01-24 07:00:00,22.650000000000002,31.916666666666668,529.6666666666666,38.083333333333336,981.4250000000001
2024-01-24 08:00:00,22.40909090909091,32.90909090909091,543.0909090909091,38.36363636363637,981.5636363636364
2024-01-24 09:00:00,22.208333333333332,33.0,532.5,38.25,981.9583333333334
2024-01-24 10:00:00,22.016666666666666,33.833333333333336,537.6666666666666,38.5,982.2916666666666
2024-01-24 11:00:00,22.166666666666668,37.833333333333336,660.1666666666666,38.833333333333336,982.9166666666666
2024-01-24 12:00:00,22.866666666666664,42.5,794.9166666666666,39.916666666666664,983.3833333333333
2024-01-24 13:00:00,23.133333333333336,40.75,719.0,39.916666666666664,984.3916666666668
2024-01-24 14:00:00,23.71666666666667,40.0,797.8333333333334,39.666666666666664,985.7166666666667
2024-01-24 15:00:00,23.933333333333334,39.083333333333336,832.0,39.0,987.225
2024-01-24 16:00:00,24.058333333333334,38.166666666666664,906.0833333333334,39.0,988.5166666666668
2024-01-24 17:00:00,24.183333333333334,38.0,906.5833333333334,39.25,990.1
2024-01-24 18:00:00,23.972727272727273,37.09090909090909,764.9090909090909,37.81818181818182,991.3636363636364
2024-01-24 19:00:00,23.8,36.0,618.4166666666666,38.166666666666664,992.5500000000001
2024-01-24 20:00:00,23.7,35.5,558.0,37.916666666666664,993.8249999999999
2024-01-24 21:00:00,23.7,35.0,520.9166666666666,38.25,995.1333333333333
2024-01-24 22:00:00,23.7,34.5,513.4166666666666,37.583333333333336,997.0500000000001
2024-01-24 23:00:00,23.65833333333333,34.0,507.0833333333333,39.5,998.6083333333332
2024-01-25 00:00:00,23.883333333333336,34.0,677.5,38.75,1000.4916666666667
2024-01-25 01:00:00,24.083333333333332,34.0,843.8333333333334,40.916666666666664,1002.5583333333334
2024-01-25 02:00:00,24.1,33.54545454545455,882.0,38.27272727272727,1004.2909090909092
2024-01-25 03:00:00,24.241666666666664,33.166666666666664,867.25,38.25,1006.1416666666668
2024-01-25 04:00:00,24.333333333333332,33.0,871.8333333333334,38.333333333333336,1007.9250000000001
2024-01-25 05:00:00,24.399999999999995,33.0,858.6666666666666,38.25,1009.625
2024-01-25 06:00:00,24.358333333333334,33.0,862.3333333333334,38.333333333333336,1011.0333333333333
2024-01-25 07:00:00,24.25,33.0,875.5,38.416666666666664,1012.5916666666667
2024-01-25 08:00:00,24.266666666666666,33.0,876.5,38.583333333333336,1014.1083333333332
2024-01-25 09:00:00,24.349999999999998,33.0,867.5833333333334,39.333333333333336,1014.9833333333335
2024-01-25 10:00:00,24.472727272727273,33.45454545454545,875.7272727272727,46.90909090909091,1015.7181818181817
2024-01-25 11:00:00,24.65833333333333,34.0,899.9166666666666,38.833333333333336,1016.4
2024-01-25 12:00:00,24.90833333333333,34.0,926.0,42.583333333333336,1016.775
2024-01-25 13:00:00,24.71666666666667,33.75,806.1666666666666,39.0,1017.5166666666668
2024-01-25 14:00:00,24.61666666666667,33.0,652.0,38.5,1017.775
2024-01-25 15:00:00,24.53333333333333,32.0,577.8333333333334,38.333333333333336,1018.1333333333333
2024-01-25 16:00:00,24.5,32.0,544.5,38.583333333333336,1018.8249999999999
2024-01-25 17:00:00,24.5,32.0,532.25,38.083333333333336,1019.1999999999999
2024-01-25 18:00:00,24.436363636363637,31.09090909090909,526.3636363636364,38.45454545454545,1019.4818181818181
2024-01-25 19:00:00,24.3,30.833333333333332,521.0833333333334,39.166666666666664,1019.5083333333333
2024-01-25 20:00:00,24.083333333333332,30.0,519.8333333333334,38.583333333333336,1019.4250000000001
2024-01-25 21:00:00,23.916666666666668,29.416666666666668,516.4166666666666,38.666666666666664,1019.2333333333332
2024-01-25 22:00:00,23.941666666666666,29.166666666666668,528.0833333333334,39.25,1018.8916666666668
2024-01-25 23:00:00,24.84166666666667,30.0,745.4166666666666,44.166666666666664,1018.3583333333332
2024-01-26 00:00:00,25.25,30.25,877.3333333333334,40.666666666666664,1017.9416666666666
2024-01-26 01:00:00,25.363636363636363,31.0,974.9090909090909,40.45454545454545,1017.5181818181819
2024-01-26 02:00:00,25.125,31.0,976.4166666666666,39.333333333333336,1016.5500000000001
2024-01-26 03:00:00,24.991666666666664,31.583333333333332,929.5833333333334,38.25,1015.3583333333332
2024-01-26 04:00:00,25.0,32.0,910.0833333333334,37.916666666666664,1014.2166666666667
2024-01-26 05:00:00,24.90833333333333,31.666666666666668,890.25,38.166666666666664,1013.3249999999999
2024-01-26 06:00:00,24.71666666666667,32.0,944.5833333333334,38.083333333333336,1011.6583333333333
2024-01-26 07:00:00,24.666666666666668,32.0,908.8333333333334,38.166666666666664,1010.1750000000001
2024-01-26 08:00:00,24.625,32.0,859.5,38.333333333333336,1007.775
2024-01-26 09:00:00,24.55454545454546,32.0,856.3636363636364,39.0,1005.6363636363636
2024-01-26 10:00:00,24.416666666666668,32.0,793.1666666666666,37.75,1003.6
2024-01-26 11:00:00,24.53333333333333,36.916666666666664,783.4166666666666,39.416666666666664,1002.125
2024-01-26 12:00:00,24.183333333333334,36.916666666666664,648.4166666666666,38.916666666666664,1000.1
2024-01-26 13:00:00,24.150000000000002,35.333333333333336,587.4166666666666,39.166666666666664,998.5083333333333
2024-01-26 14:00:00,24.041666666666668,34.083333333333336,671.5,42.25,997.125
2024-01-26 15:00:00,24.008333333333336,33.583333333333336,685.25,38.416666666666664,996.6999999999999
2024-01-26 16:00:00,24.224999999999998,33.0,662.5833333333334,46.583333333333336,997.4083333333333
2024-01-26 17:00:00,24.208333333333332,32.25,553.0833333333334,46.666666666666664,999.3583333333332
2024-01-26 18:00:00,24.181818181818183,31.545454545454547,518.4545454545455,39.36363636363637,1001.9363636363636
2024-01-26 19:00:00,23.833333333333332,31.0,479.9166666666667,38.833333333333336,1004.0166666666668
2024-01-26 20:00:00,23.416666666666668,31.0,463.25,38.75,1006.2166666666667
2024-01-26 21:00:00,23.025000000000002,31.0,455.8333333333333,38.333333333333336,1008.4499999999999
2024-01-26 22:00:00,22.816666666666666,30.416666666666668,446.25,37.666666666666664,1010.6
2024-01-26 23:00:00,22.666666666666668,30.0,442.75,38.083333333333336,1012.2833333333333
2024-01-27 00:00:00,22.650000000000002,30.0,443.5,37.666666666666664,1013.9833333333332
2024-01-27 01:00:00,22.525000000000002,29.75,441.0833333333333,38.083333333333336,1015.3083333333334
2024-01-27 02:00:00,22.224999999999998,29.0,432.6666666666667,38.416666666666664,1016.4583333333334
2024-01-27 03:00:00,22.018181818181816,29.0,426.54545454545456,37.90909090909091,1017.1636363636363
2024-01-27 04:00:00,21.833333333333332,29.0,418.0,37.583333333333336,1017.4166666666666
2024-01-27 05:00:00,21.88333333333333,28.166666666666668,422.1666666666667,38.0,1017.9
2024-01-27 06:00:00,21.95,28.0,417.5,38.25,1018.0916666666667
2024-01-27 07:00:00,21.916666666666668,28.0,417.5833333333333,38.166666666666664,1018.3249999999999
2024-01-27 08:00:00,21.891666666666666,28.0,412.25,38.083333333333336,1018.6416666666668
2024-01-27 09:00:00,21.95,28.25,415.1666666666667,37.75,1018.6999999999999
2024-01-27 10:00:00,21.95,29.0,412.0,37.5,1019.1333333333333
2024-01-27 11:00:00,22.041666666666668,29.416666666666668,410.25,37.666666666666664,1019.1833333333334
2024-01-27 12:00:00,22.141666666666666,30.333333333333332,412.3333333333333,38.166666666666664,1019.3916666666668
2024-01-27 13:00:00,22.145454545454545,31.0,411.27272727272725,38.36363636363637,1019.8272727272728
2024-01-27 14:00:00,22.2,31.333333333333332,414.4166666666667,38.166666666666664,1019.6999999999999
2024-01-27 15:00:00,22.233333333333334,32.0,415.5833333333333,38.333333333333336,1019.6083333333332
2024-01-27 16:00:00,22.233333333333334,32.0,415.4166666666667,38.416666666666664,1019.5166666666668
2024-01-27 17:00:00,22.233333333333334,32.0,416.3333333333333,38.5,1019.7416666666667
2024-01-27 18:00:00,22.2,32.833333333333336,413.5,38.5,1019.6666666666666
2024-01-27 19:00:00,22.2,33.0,421.9166666666667,38.583333333333336,1020.025
2024-01-27 20:00:00,22.2,33.0,427.0,38.333333333333336,1020.4416666666666
2024-01-27 21:00:00,22.2,33.0,417.5,38.25,1020.7416666666667
2024-01-27 22:00:00,22.2,33.0,422.3636363636364,38.90909090909091,1021.1
2024-01-27 23:00:00,22.2,33.0,428.5,38.583333333333336,1021.3249999999999
2024-01-28 00:00:00,22.2,33.0,422.4166666666667,38.25,1021.8333333333334
2024-01-28 01:00:00,22.2,33.0,418.5833333333333,38.166666666666664,1021.9583333333334
2024-01-28 02:00:00,22.2,33.0,417.8333333333333,38.25,1022.375
2024-01-28 03:00:00,22.2,33.0,422.5,38.166666666666664,1022.65
2024-01-28 04:00:00,22.2,33.0,419.0,38.25,1022.8333333333334
2024-01-28 05:00:00,22.2,33.0,416.9166666666667,38.166666666666664,1023.0500000000001
2024-01-28 06:00:00,22.2,33.0,418.8333333333333,38.333333333333336,1023.1833333333334
2024-01-28 07:00:00,22.2,33.25,418.5833333333333,38.333333333333336,1023.2666666666668
2024-01-28 08:00:00,22.2,34.0,420.3636363636364,38.36363636363637,1023.4
2024-01-28 09:00:00,22.224999999999998,34.0,421.75,38.416666666666664,1023.6666666666666
2024-01-28 10:00:00,22.3,34.0,425.0,38.333333333333336,1023.8249999999999
2024-01-28 11:00:00,22.3,34.0,420.5833333333333,38.333333333333336,1023.875
2024-01-28 12:00:00,22.3,33.583333333333336,420.75,38.833333333333336,1023.4583333333334
2024-01-28 13:00:00,22.224999999999998,33.0,418.5833333333333,38.75,1023.0166666666668
2024-01-28 14:00:00,22.100000000000005,33.0,420.9166666666667,38.083333333333336,1022.3833333333333
2024-01-28 15:00:00,22.008333333333336,32.666666666666664,416.8333333333333,38.5,1021.7083333333334
2024-01-28 16:00:00,22.066666666666666,32.0,415.4166666666667,38.583333333333336,1021.025
2024-01-28 17:00:00,22.10909090909091,32.0,422.09090909090907,38.27272727272727,1020.2272727272727
2024-01-28 18:00:00,22.108333333333334,32.0,421.0,38.416666666666664,1019.9499999999999
2024-01-28 19:00:00,22.100000000000005,31.75,422.1666666666667,38.666666666666664,1019.475
2024-01-28 20:00:00,22.100000000000005,31.0,428.5833333333333,38.5,1019.0333333333333
2024-01-28 21:00:00,22.03333333333333,31.0,425.1666666666667,38.0,1018.875
2024-01-28 22:00:00,21.899999999999995,30.666666666666668,418.6666666666667,38.666666666666664,1018.1
2024-01-28 23:00:00,21.849999999999998,30.0,417.6666666666667,38.333333333333336,1017.3583333333332
2024-01-29 00:00:00,21.84166666666667,30.0,414.9166666666667,38.5,1016.8583333333332
2024-01-29 01:00:00,21.933333333333334,30.0,418.6666666666667,38.75,1016.2666666666668
2024-01-29 02:00:00,22.0,30.0,421.0,38.45454545454545,1015.5272727272727
2024-01-29 03:00:00,22.0,30.0,419.4166666666667,38.416666666666664,1015.3416666666667
2024-01-29 04:00:00,22.0,30.0,421.1666666666667,38.333333333333336,1014.4833333333332
2024-01-29 05:00:00,22.0,30.5,424.25,38.416666666666664,1014.4666666666667
2024-01-29 06:00:00,22.041666666666668,31.0,422.9166666666667,38.416666666666664,1014.6166666666667
2024-01-29 07:00:00,22.100000000000005,31.416666666666668,422.9166666666667,38.333333333333336,1015.2583333333333
2024-01-29 08:00:00,22.100000000000005,32.0,422.5,38.25,1016.2666666666668
2024-01-29 09:00:00,22.166666666666668,32.75,426.1666666666667,38.083333333333336,1016.5749999999999
2024-01-29 10:00:00,22.2,33.0,427.1666666666667,38.25,1017.6833333333334
2024-01-29 11:00:00,22.263636363636365,33.09090909090909,423.72727272727275,38.27272727272727,1018.6
2024-01-29 12:00:00,22.3,34.0,428.9166666666667,38.25,1019.3416666666667
2024-01-29 13:00:00,22.3,34.0,432.5,38.416666666666664,1020.1750000000001
2024-01-29 14:00:00,22.308333333333334,34.0,436.9166666666667,38.5,1020.8916666666668
2024-01-29 15:00:00,22.34166666666667,34.0,434.0833333333333,38.5,1021.6999999999999
2024-01-29 16:00:00,22.333333333333332,34.0,440.0,39.833333333333336,1022.3416666666667
2024-01-29 17:00:00,22.308333333333334,34.0,467.1666666666667,39.166666666666664,1022.9083333333333
2024-01-29 18:00:00,22.391666666666666,34.0,466.1666666666667,37.916666666666664,1023.4666666666667
2024-01-29 19:00:00,22.224999999999998,33.583333333333336,451.5833333333333,37.583333333333336,1023.8833333333333
2024-01-29 20:00:00,21.95,33.0,443.5833333333333,37.75,1024.25
2024-01-29 21:00:00,21.845454545454547,33.0,443.1818181818182,37.54545454545455,1024.7181818181818
2024-01-29 22:00:00,21.916666666666668,33.0,447.3333333333333,37.916666666666664,1024.825
2024-01-29 23:00:00,22.100000000000005,33.0,454.0833333333333,37.75,1024.9833333333333
2024-01-30 00:00:00,21.925,32.416666666666664,449.75,37.416666666666664,1024.9666666666667
2024-01-30 01:00:00,21.59166666666667,32.0,442.0,37.333333333333336,1024.9583333333333
2024-01-30 02:00:00,21.46666666666667,31.333333333333332,436.6666666666667,37.25,1024.9083333333333
2024-01-30 03:00:00,21.491666666666664,31.0,432.75,37.333333333333336,1024.4916666666666
2024-01-30 04:00:00,21.733333333333334,31.0,432.9166666666667,37.416666666666664,1024.0583333333332
2024-01-30 05:00:00,21.8,31.0,432.5,37.333333333333336,1023.8416666666667
2024-01-30 06:00:00,21.8,31.0,436.27272727272725,37.36363636363637,1023.6545454545455
2024-01-30 07:00:00,21.724999999999998,31.0,434.3333333333333,37.666666666666664,1023.4083333333333
2024-01-30 08:00:00,21.366666666666664,31.0,419.0833333333333,38.0,1023.1083333333332
2024-01-30 09:00:00,21.266666666666666,31.0,421.1666666666667,37.916666666666664,1022.8083333333334
2024-01-30 10:00:00,21.275,31.0,416.5,37.75,1022.5333333333333
2024-01-30 11:00:00,21.59166666666667,31.0,417.25,37.583333333333336,1021.8249999999999
2024-01-30 12:00:00,21.59166666666667,31.0,416.75,38.0,1020.5500000000001
2024-01-30 13:00:00,21.275000000000002,31.0,406.25,37.75,1019.1999999999999
2024-01-30 14:00:00,21.2,31.0,405.0,38.166666666666664,1018.4583333333334
2024-01-30 15:00:00,21.236363636363635,31.0,403.6363636363636,37.54545454545455,1017.5181818181819
2024-01-30 16:00:00,21.53333333333333,31.083333333333332,416.6666666666667,37.583333333333336,1017.0583333333334
2024-01-30 17:00:00,21.600000000000005,32.0,422.0,38.833333333333336,1016.6
2024-01-30 18:00:00,21.600000000000005,32.0,420.4166666666667,38.083333333333336,1016.475
2024-01-30 19:00:00,21.59166666666667,32.0,418.1666666666667,37.75,1016.2416666666667
2024-01-30 20:00:00,21.5,32.0,426.1666666666667,38.583333333333336,1016.275
2024-01-30 21:00:00,21.5,32.333333333333336,426.6666666666667,37.416666666666664,1016.4416666666666
2024-01-30 22:00:00,21.5,33.0,427.1666666666667,37.5,1016.3333333333334
2024-01-30 23:00:00,21.5,32.916666666666664,425.6666666666667,37.416666666666664,1016.2333333333332
2024-01-31 00:00:00,21.5,32.0,423.9166666666667,37.333333333333336,1016.6416666666668
2024-01-31 01:00:00,21.454545454545453,32.0,417.45454545454544,37.27272727272727,1017.4636363636364
2024-01-31 02:00:00,21.399999999999995,32.0,414.9166666666667,37.083333333333336,1016.4666666666667
2024-01-31 03:00:00,21.399999999999995,32.0,418.5833333333333,37.25,1017.0500000000001
2024-01-31 04:00:00,21.375,32.0,412.8333333333333,36.75,1017.3249999999999
2024-01-31 05:00:00,21.3,31.083333333333332,407.5,36.75,1016.975
2024-01-31 06:00:00,21.3,31.0,399.3333333333333,37.25,1016.6666666666666
2024-01-31 07:00:00,21.3,31.0,403.9166666666667,37.583333333333336,1016.125
2024-01-31 08:00:00,21.3,31.0,406.5,37.25,1015.7916666666666
2024-01-31 09:00:00,21.3,31.0,401.75,37.416666666666664,1015.5
2024-01-31 10:00:00,21.3,31.0,402.45454545454544,37.18181818181818,1014.5727272727272
2024-01-31 11:00:00,21.458333333333332,31.25,408.6666666666667,38.25,1013.875
2024-01-31 12:00:00,21.724999999999998,32.833333333333336,503.0833333333333,39.5,1012.65
2024-01-31 13:00:00,22.166666666666668,36.0,638.3333333333334,40.75,1010.7666666666668
2024-01-31 14:00:00,22.2,35.583333333333336,526.5,40.0,1009.0416666666666
2024-01-31 15:00:00,22.275000000000002,35.0,531.5,42.333333333333336,1007.3666666666667
2024-01-31 16:00:00,22.849999999999998,35.0,700.9166666666666,44.166666666666664,1005.7916666666666
2024-01-31 17:00:00,23.0,34.25,737.9166666666666,44.75,1004.0083333333333
2024-01-31 18:00:00,23.3,35.0,841.75,45.75,1001.5416666666666
2024-01-31 19:00:00,23.236363636363635,35.0,842.4545454545455,41.27272727272727,1000.0272727272727
2024-01-31 20:00:00,23.316666666666666,35.666666666666664,864.1666666666666,41.333333333333336,997.5916666666667
2024-01-31 21:00:00,22.891666666666666,36.0,729.0,42.416666666666664,995.1833333333334
2024-01-31 22:00:00,22.900000000000002,36.0,667.5,40.5,994.1333333333333
2024-01-31 23:00:00,23.116666666666664,36.0,695.4166666666666,39.416666666666664,994.7583333333333
2024-02-01 00:00:00,23.15833333333333,35.083333333333336,723.0833333333334,39.75,995.5416666666666
2024-02-01 01:00:00,21.433333333333334,33.166666666666664,547.25,42.166666666666664,995.8083333333334
2024-02-01 02:00:00,22.325,38.916666666666664,702.0,40.5,996.2333333333332
2024-02-01 03:00:00,23.008333333333336,39.083333333333336,813.75,38.083333333333336,996.8166666666666
2024-02-01 04:00:00,23.0,37.27272727272727,760.1818181818181,37.18181818181818,996.9545454545455
2024-02-01 05:00:00,23.100000000000005,36.0,737.25,37.25,997.1333333333333
2024-02-01 06:00:00,23.008333333333336,35.166666666666664,734.9166666666666,37.5,997.225
2024-02-01 07:00:00,23.0,34.5,730.5833333333334,37.5,997.775
2024-02-01 08:00:00,23.0,34.0,725.8333333333334,37.666666666666664,998.3249999999999
2024-02-01 09:00:00,23.09166666666667,34.0,739.0833333333334,42.333333333333336,999.4083333333333
2024-02-01 10:00:00,23.0,33.75,685.1666666666666,38.666666666666664,1000.7416666666667
2024-02-01 11:00:00,22.983333333333334,32.666666666666664,566.75,39.75,1001.8416666666667
2024-02-01 12:00:00,23.083333333333332,32.0,597.5,40.0,1002.8083333333334
2024-02-01 13:00:00,23.2,31.666666666666668,561.9166666666666,38.583333333333336,1004.4083333333333
2024-02-01 14:00:00,23.19090909090909,31.0,488.90909090909093,38.45454545454545,1005.6363636363636
2024-02-01 15:00:00,23.100000000000005,30.166666666666668,461.5,38.416666666666664,1006.9166666666666
2024-02-01 16:00:00,23.066666666666666,29.583333333333332,451.25,38.666666666666664,1008.2083333333334
2024-02-01 17:00:00,23.016666666666666,29.0,448.3333333333333,38.416666666666664,1009.6583333333333
2024-02-01 18:00:00,23.0,29.0,446.0,39.0,1010.85
2024-02-01 19:00:00,22.974999999999998,28.0,442.75,39.166666666666664,1011.5083333333333
2024-02-01 20:00:00,22.899999999999995,28.0,439.6666666666667,39.25,1012.0916666666667
2024-02-01 21:00:00,22.899999999999995,28.0,439.6666666666667,38.333333333333336,1012.0166666666668
2024-02-01 22:00:00,22.899999999999995,28.0,435.75,38.583333333333336,1012.1833333333334
2024-02-01 23:00:00,22.9,28.0,429.6363636363636,38.27272727272727,1012.2
2024-02-02 00:00:00,22.899999999999995,28.0,434.6666666666667,38.25,1012.1416666666668
2024-02-02 01:00:00,22.899999999999995,28.666666666666668,431.8333333333333,38.0,1012.0833333333334
2024-02-02 02:00:00,22.899999999999995,29.0,436.5,38.25,1011.9916666666667
2024-02-02 03:00:00,22.875,29.0,429.9166666666667,38.083333333333336,1011.4333333333334
2024-02-02 04:00:00,22.899999999999995,29.0,433.8333333333333,38.333333333333336,1010.8166666666666
2024-02-02 05:00:00,22.833333333333332,29.0,431.25,38.166666666666664,1010.0416666666666
2024-02-02 06:00:00,22.675,29.75,425.8333333333333,37.583333333333336,1009.25
2024-02-02 07:00:00,22.600000000000005,30.0,427.25,37.833333333333336,1007.9333333333334
2024-02-02 08:00:00,22.625,30.666666666666668,427.4166666666667,38.5,1007.125
2024-02-02 09:00:00,22.8,30.583333333333332,432.3333333333333,38.25,1005.7166666666667
2024-02-02 10:00:00,22.899999999999995,30.333333333333332,438.6666666666667,38.25,1003.475
2024-02-02 11:00:00,22.958333333333332,31.0,439.75,38.5,1002.0500000000001
2024-02-02 12:00:00,23.0,31.0,440.3636363636364,38.81818181818182,1000.4272727272728
2024-02-02 13:00:00,23.09166666666667,31.916666666666668,438.8333333333333,38.416666666666664,998.775
2024-02-02 14:00:00,23.133333333333336,32.0,442.8333333333333,38.25,997.3000000000001
2024-02-02 15:00:00,23.191666666666666,32.916666666666664,440.5833333333333,38.583333333333336,996.8083333333334
2024-02-02 16:00:00,23.083333333333332,33.0,448.8333333333333,38.666666666666664,996.4333333333334
2024-02-02 17:00:00,23.0,33.0,444.5833333333333,38.75,995.9916666666667
2024-02-02 18:00:00,22.974999999999998,33.0,447.0,38.666666666666664,995.4
2024-02-02 19:00:00,23.083333333333332,33.0,452.5833333333333,38.5,995.225
2024-02-02 20:00:00,23.141666666666666,32.666666666666664,454.1666666666667,38.833333333333336,994.7916666666666
2024-02-02 21:00:00,23.2,32.0,455.0,38.833333333333336,994.1999999999999
2024-02-02 22:00:00,23.2,32.0,461.0,38.90909090909091,993.8636363636364
2024-02-02 23:00:00,23.2,32.0,463.0,38.916666666666664,993.6166666666667
2024-02-03 00:00:00,23.141666666666666,32.0,459.4166666666667,38.666666666666664,993.3666666666667
2024-02-03 01:00:00,23.100000000000005,32.0,452.25,38.416666666666664,993.5666666666666
2024-02-03 02:00:00,23.141666666666666,32.0,451.75,38.416666666666664,993.8666666666667
2024-02-03 03:00:00,23.2,31.333333333333332,452.8333333333333,38.416666666666664,994.4583333333334
2024-02-03 04:00:00,23.2,31.0,451.8333333333333,38.666666666666664,994.525
2024-02-03 05:00:00,23.233333333333334,31.0,452.8333333333333,38.75,995.0583333333334
2024-02-03 06:00:00,23.224999999999998,30.416666666666668,453.4166666666667,38.5,995.1833333333334
2024-02-03 07:00:00,23.3,30.0,449.72727272727275,38.36363636363637,995.2272727272727
2024-02-03 08:00:00,23.3,30.0,456.4166666666667,38.333333333333336,995.975
2024-02-03 09:00:00,23.349999999999998,30.0,454.5,38.416666666666664,996.525
2024-02-03 10:00:00,23.399999999999995,30.0,457.75,38.416666666666664,996.7666666666668
2024-02-03 11:00:00,23.491666666666664,30.0,459.8333333333333,38.5,997.225
2024-02-03 12:00:00,23.600000000000005,29.25,462.4166666666667,38.333333333333336,997.625
2024-02-03 13:00:00,23.625,29.0,460.0,38.666666666666664,997.9666666666667
2024-02-03 14:00:00,23.61666666666667,28.916666666666668,465.25,38.5,998.5083333333333
2024-02-03 15:00:00,23.600000000000005,28.0,461.9166666666667,38.5,998.3333333333334
2024-02-03 16:00:00,23.600000000000005,27.666666666666668,458.3333333333333,38.833333333333336,997.8583333333332
2024-02-03 17:00:00,23.518181818181816,27.0,458.1818181818182,38.63636363636363,997.8818181818183
2024-02-03 18:00:00,23.5,27.0,454.75,38.5,997.8833333333333
2024-02-03 19:00:00,23.5,27.0,459.25,38.5,997.5500000000001
2024-02-03 20:00:00,23.5,27.0,459.3333333333333,38.416666666666664,997.4416666666666
2024-02-03 21:00:00,23.5,27.0,455.8333333333333,38.583333333333336,997.7583333333333
2024-02-03 22:00:00,23.46666666666667,27.916666666666668,461.4166666666667,38.333333333333336,997.4583333333334
2024-02-03 23:00:00,23.399999999999995,28.0,457.5833333333333,38.416666666666664,997.3833333333333
2024-02-04 00:00:00,23.399999999999995,28.0,457.9166666666667,38.166666666666664,997.475
2024-02-04 01:00:00,23.308333333333334,28.0,453.3333333333333,38.333333333333336,997.5333333333333
2024-02-04 02:00:00,23.272727272727273,28.0,453.3636363636364,38.09090909090909,997.0454545454545
2024-02-04 03:00:00,23.066666666666666,28.0,446.9166666666667,37.916666666666664,996.5999999999999
2024-02-04 04:00:00,22.941666666666666,28.0,440.3333333333333,37.5,995.8166666666666
2024-02-04 05:00:00,22.916666666666668,28.0,441.5833333333333,38.0,994.8416666666667
2024-02-04 06:00:00,23.041666666666668,28.0,444.8333333333333,38.333333333333336,993.6666666666666
2024-02-04 07:00:00,23.100000000000005,28.0,445.75,38.416666666666664,992.6833333333334
2024-02-04 08:00:00,23.100000000000005,28.0,443.1666666666667,38.583333333333336,992.1
2024-02-04 09:00:00,23.133333333333336,28.0,448.75,38.333333333333336,992.1916666666666
2024-02-04 10:00:00,23.2,28.0,448.3333333333333,38.333333333333336,992.1583333333333
2024-02-04 11:00:00,23.224999999999998,28.25,447.1666666666667,38.416666666666664,992.1
2024-02-04 12:00:00,23.3,28.545454545454547,448.3636363636364,38.45454545454545,991.9727272727273
2024-02-04 13:00:00,23.38333333333333,28.0,454.5833333333333,38.833333333333336,992.1916666666666
2024-02-04 14:00:00,23.399999999999995,28.0,454.3333333333333,38.5,992.25
2024-02-04 15:00:00,23.399999999999995,28.0,454.0,38.333333333333336,992.2666666666668
2024-02-04 16:00:00,23.399999999999995,27.5,452.6666666666667,38.916666666666664,992.0166666666668
2024-02-04 17:00:00,23.341666666666665,27.0,452.5,39.916666666666664,991.8416666666667
2024-02-04 18:00:00,23.133333333333336,27.0,446.0833333333333,39.416666666666664,991.5666666666666
2024-02-04 19:00:00,23.0,26.25,438.0833333333333,38.416666666666664,991.6916666666666
2024-02-04 20:00:00,22.933333333333334,26.0,438.25,38.333333333333336,991.7083333333334
2024-02-04 21:00:00,23.075000000000003,26.0,447.25,38.5,991.8833333333333
2024-02-04 22:00:00,23.081818181818182,26.0,447.27272727272725,38.54545454545455,992.0909090909091
2024-02-04 23:00:00,23.025000000000002,26.0,445.5,38.333333333333336,991.9833333333332
2024-02-05 00:00:00,23.0,26.0,442.9166666666667,38.25,991.9583333333334
2024-02-05 01:00:00,23.0,26.0,449.25,38.25,991.8833333333333
2024-02-05 02:00:00,22.96666666666667,26.0,446.0,38.0,992.1166666666667
2024-02-05 03:00:00,22.90833333333333,26.0,449.3333333333333,38.166666666666664,992.6833333333334
2024-02-05 04:00:00,22.899999999999995,25.333333333333332,452.0833333333333,37.75,993.0833333333334
2024-02-05 05:00:00,22.899999999999995,25.0,445.6666666666667,37.666666666666664,993.5916666666667
2024-02-05 06:00:00,22.816666666666666,25.0,445.8333333333333,37.916666666666664,994.125
2024-02-05 07:00:00,22.8,25.0,441.90909090909093,38.27272727272727,994.9545454545455
2024-02-05 08:00:00,22.8,25.0,446.3333333333333,38.333333333333336,995.7416666666667
2024-02-05 09:00:00,22.858333333333334,25.0,566.9166666666666,38.833333333333336,996.5416666666666
2024-02-05 10:00:00,22.974999999999998,25.083333333333332,645.0833333333334,41.0,997.1999999999999
2024-02-05 11:00:00,23.291666666666668,28.083333333333332,682.4166666666666,41.5,997.9250000000001
2024-02-05 12:00:00,23.46666666666667,28.25,570.6666666666666,40.0,998.3666666666667
2024-02-05 13:00:00,23.53333333333333,26.75,500.3333333333333,41.166666666666664,998.6500000000001
2024-02-05 14:00:00,23.541666666666668,26.0,508.4166666666667,43.75,998.7583333333333
2024-02-05 15:00:00,23.666666666666668,25.166666666666668,578.4166666666666,46.833333333333336,998.8083333333334
2024-02-05 16:00:00,23.858333333333334,26.0,644.0,45.0,998.9583333333334
2024-02-05 17:00:00,24.0,25.90909090909091,774.0,43.45454545454545,999.2090909090908
2024-02-05 18:00:00,23.866666666666664,25.416666666666668,746.75,46.916666666666664,999.2916666666666
2024-02-05 19:00:00,23.866666666666664,25.0,804.9166666666666,47.0,999.4333333333334
2024-02-05 20:00:00,23.8,25.0,769.0833333333334,43.75,999.5
2024-02-05 21:00:00,23.733333333333334,25.0,802.75,47.666666666666664,999.4583333333334
2024-02-05 22:00:00,23.78333333333333,25.0,789.0833333333334,39.833333333333336,999.3333333333334
2024-02-05 23:00:00,23.724999999999998,25.0,778.75,39.25,999.3249999999999
2024-02-06 00:00:00,23.366666666666664,25.0,770.4166666666666,38.083333333333336,999.1750000000001
2024-02-06 01:00:00,23.224999999999998,25.0,719.25,37.666666666666664,999.0166666666668
2024-02-06 02:00:00,23.036363636363635,24.727272727272727,697.1818181818181,37.45454545454545,998.6363636363636
2024-02-06 03:00:00,22.916666666666668,24.0,680.3333333333334,37.333333333333336,998.6416666666668
2024-02-06 04:00:00,22.724999999999998,24.0,676.0,37.416666666666664,998.1916666666666
2024-02-06 05:00:00,22.666666666666668,24.0,663.75,37.916666666666664,997.6750000000001
2024-02-06 06:00:00,22.508333333333336,24.0,650.25,37.833333333333336,997.0166666666668
2024-02-06 07:00:00,22.358333333333334,23.75,644.25,38.083333333333336,996.5833333333334
2024-02-06 08:00:00,22.2,23.25,649.25,38.416666666666664,996.1166666666667
2024-02-06 09:00:00,22.175,24.0,660.9166666666666,38.25,995.7833333333333
2024-02-06 10:00:00,22.21666666666667,25.75,647.6666666666666,39.0,994.4833333333332
2024-02-06 11:00:00,22.183333333333334,26.0,520.6666666666666,38.0,993.8833333333333
2024-02-06 12:00:00,22.12727272727273,25.181818181818183,459.90909090909093,38.18181818181818,992.5909090909091
2024-02-06 13:00:00,22.11666666666667,25.0,439.6666666666667,38.25,991.3000000000001
2024-02-06 14:00:00,22.099999999999998,25.0,477.3333333333333,40.166666666666664,990.1833333333334
2024-02-06 15:00:00,22.391666666666666,25.0,594.4166666666666,39.583333333333336,989.3583333333332
2024-02-06 16:00:00,22.491666666666664,25.0,658.1666666666666,41.166666666666664,988.7416666666667
2024-02-06 17:00:00,22.600000000000005,25.25,700.4166666666666,42.0,988.4250000000001
2024-02-06 18:00:00,22.600000000000005,26.0,683.75,39.666666666666664,988.0166666666668
2024-02-06 19:00:00,22.55,26.0,653.5833333333334,41.5,987.8833333333333
2024-02-06 20:00:00,22.208333333333332,25.416666666666668,630.1666666666666,39.166666666666664,988.0666666666666
2024-02-06 21:00:00,22.1,25.0,631.7272727272727,40.45454545454545,988.2
2024-02-06 22:00:00,22.208333333333332,24.75,608.25,40.0,988.6416666666668
2024-02-06 23:00:00,22.5,24.666666666666668,607.3333333333334,39.916666666666664,989.1666666666666
2024-02-07 00:00:00,22.816666666666666,25.0,665.1666666666666,39.333333333333336,990.025
2024-02-07 01:00:00,22.599999999999998,25.0,685.5,38.25,990.5666666666666
2024-02-07 02:00:00,22.433333333333334,25.0,662.9166666666666,37.5,991.375
2024-02-07 03:00:00,22.399999999999995,25.0,647.5,37.916666666666664,992.0749999999999
2024-02-07 04:00:00,22.316666666666666,25.0,645.8333333333334,37.5,992.65
2024-02-07 05:00:00,22.233333333333334,25.0,634.1666666666666,37.416666666666664,993.1750000000001
2024-02-07 06:00:00,22.175,25.0,638.4166666666666,37.75,994.1166666666667
2024-02-07 07:00:00,22.09090909090909,25.0,627.1818181818181,37.54545454545455,994.9545454545455
2024-02-07 08:00:00,22.0,25.0,619.5833333333334,38.0,995.5749999999999
2024-02-07 09:00:00,22.016666666666666,25.5,628.25,39.5,995.9666666666667
2024-02-07 10:00:00,22.325,28.916666666666668,692.6666666666666,41.75,996.4333333333334
2024-02-07 11:00:00,22.633333333333336,28.083333333333332,701.1666666666666,41.916666666666664,996.875
2024-02-07 12:00:00,22.766666666666666,27.583333333333332,698.6666666666666,45.25,997.0583333333334
2024-02-07 13:00:00,22.858333333333334,27.083333333333332,666.5833333333334,42.083333333333336,997.225
2024-02-07 14:00:00,22.508333333333336,29.166666666666668,576.25,40.583333333333336,997.2166666666667
2024-02-07 15:00:00,22.399999999999995,30.666666666666668,485.25,41.083333333333336,997.2833333333333
2024-02-07 16:00:00,22.84166666666667,31.833333333333332,565.8333333333334,43.666666666666664,997.35
2024-02-07 17:00:00,22.954545454545453,33.0,626.1818181818181,44.90909090909091,997.2636363636364
2024-02-07 18:00:00,22.616666666666664,33.0,570.75,45.833333333333336,997.0083333333333
2024-02-07 19:00:00,22.349999999999998,33.0,479.5,44.666666666666664,997.125
2024-02-07 20:00:00,22.175,32.333333333333336,459.3333333333333,40.416666666666664,996.9833333333332
2024-02-07 21:00:00,22.008333333333336,32.0,444.0,38.916666666666664,996.9499999999999
2024-02-07 22:00:00,21.866666666666664,32.0,433.1666666666667,39.25,996.7583333333333
2024-02-07 23:00:00,21.683333333333334,32.0,427.25,38.333333333333336,996.525
2024-02-08 00:00:00,21.575000000000003,31.666666666666668,423.75,38.25,996.5083333333333
2024-02-08 01:00:00,21.308333333333334,31.5,494.5,39.666666666666664,996.4250000000001
2024-02-08 02:00:00,21.136363636363637,31.181818181818183,648.1818181818181,41.27272727272727,996.5181818181819
2024-02-08 03:00:00,20.650000000000002,31.0,620.1666666666666,37.833333333333336,996.6750000000001
2024-02-08 04:00:00,20.441666666666666,32.0,577.6666666666666,37.5,996.6166666666667
2024-02-08 05:00:00,20.266666666666666,32.0,563.4166666666666,38.0,996.8166666666666
2024-02-08 06:00:00,20.166666666666668,32.0,553.8333333333334,38.0,997.3416666666667
2024-02-08 07:00:00,20.3,32.0,576.0,39.083333333333336,997.475
2024-02-08 08:00:00,20.85833333333333,32.666666666666664,525.1666666666666,38.75,997.775
2024-02-08 09:00:00,21.09166666666667,33.0,475.1666666666667,39.083333333333336,998.2666666666668
2024-02-08 10:00:00,21.275000000000002,33.0,449.9166666666667,39.25,998.5083333333333
2024-02-08 11:00:00,21.40833333333333,33.0,439.3333333333333,39.333333333333336,998.6916666666666
2024-02-08 12:00:00,21.518181818181816,33.0,431.45454545454544,39.0,998.8818181818181
2024-02-08 13:00:00,21.625,33.0,433.0,39.083333333333336,999.0666666666666
2024-02-08 14:00:00,21.71666666666667,33.0,453.6666666666667,39.166666666666664,999.125
2024-02-08 15:00:00,21.724999999999998,32.583333333333336,768.1666666666666,38.083333333333336,999.4250000000001
2024-02-08 16:00:00,21.675,32.0,938.5833333333334,40.416666666666664,999.775
2024-02-08 17:00:00,21.758333333333336,32.0,984.25,38.333333333333336,1000.0166666666668
2024-02-08 18:00:00,21.825,32.0,977.25,38.0,1000.2833333333333
2024-02-08 19:00:00,21.941666666666666,32.0,964.8333333333334,37.666666666666664,1000.7916666666666
2024-02-08 20:00:00,22.03333333333333,32.333333333333336,1010.3333333333334,39.666666666666664,1001.2166666666667
2024-02-08 21:00:00,22.1,32.54545454545455,721.8181818181819,38.63636363636363,1001.9272727272728
2024-02-08 22:00:00,22.100000000000005,32.0,558.6666666666666,38.166666666666664,1002.4250000000001
2024-02-08 23:00:00,22.100000000000005,31.25,504.25,38.583333333333336,1002.725
2024-02-09 00:00:00,22.125,31.0,475.3333333333333,38.166666666666664,1003.15
2024-02-09 01:00:00,22.15833333333333,30.583333333333332,460.8333333333333,38.0,1003.4916666666667
2024-02-09 02:00:00,22.175,30.0,454.25,38.083333333333336,1003.8000000000001
2024-02-09 03:00:00,22.2,29.666666666666668,448.25,38.0,1003.9250000000001
2024-02-09 04:00:00,22.100000000000005,29.0,443.0833333333333,37.583333333333336,1004.0166666666668
2024-02-09 05:00:00,22.100000000000005,28.666666666666668,439.5833333333333,37.583333333333336,1004.275
2024-02-09 06:00:00,22.075000000000003,28.0,436.5833333333333,38.0,1004.6750000000001
2024-02-09 07:00:00,22.0,27.818181818181817,435.45454545454544,38.0,1004.7727272727273
2024-02-09 08:00:00,22.03333333333333,27.0,434.6666666666667,38.166666666666664,1004.6666666666666
2024-02-09 09:00:00,22.100000000000005,27.0,426.6666666666667,38.0,1005.1416666666668
2024-02-09 10:00:00,22.100000000000005,27.0,428.75,38.25,1005.475
2024-02-09 11:00:00,22.100000000000005,27.0,431.9166666666667,38.166666666666664,1005.6083333333335
2024-02-09 12:00:00,22.191666666666666,26.416666666666668,430.0833333333333,38.166666666666664,1005.4333333333334
2024-02-09 13:00:00,22.241666666666664,26.0,435.6666666666667,38.416666666666664,1004.9916666666667
2024-02-09 14:00:00,22.3,26.0,433.3333333333333,38.583333333333336,1004.7083333333334
2024-02-09 15:00:00,22.333333333333332,26.0,436.1666666666667,39.0,1004.625
2024-02-09 16:00:00,22.4,26.0,437.8181818181818,39.0,1004.5818181818181
2024-02-09 17:00:00,22.40833333333333,26.0,438.1666666666667,38.75,1004.35
2024-02-09 18:00:00,22.5,26.0,439.75,38.583333333333336,1004.5083333333333
2024-02-09 19:00:00,22.5,25.5,439.8333333333333,38.75,1004.8083333333333
2024-02-09 20:00:00,22.55,25.5,436.5833333333333,38.5,1004.7083333333334
2024-02-09 21:00:00,22.600000000000005,26.0,445.5833333333333,38.75,1004.7583333333333
2024-02-09 22:00:00,22.600000000000005,25.0,441.8333333333333,38.0,1005.0
2024-02-09 23:00:00,22.600000000000005,25.0,440.1666666666667,38.0,1005.0
2024-02-10 00:00:00,22.600000000000005,25.0,446.75,38.0,1004.8916666666665
2024-02-10 01:00:00,22.6,25.0,441.3636363636364,38.0,1005.0
2024-02-10 02:00:00,22.5,25.0,439.6363636363636,38.09090909090909,1004.9363636363636
2024-02-10 03:00:00,22.399999999999995,25.0,432.6666666666667,38.0,1004.9
2024-02-10 04:00:00,22.399999999999995,25.0,429.4166666666667,38.0,1004.8916666666665
2024-02-10 05:00:00,22.399999999999995,24.666666666666668,415.6666666666667,37.916666666666664,1004.8083333333334
2024-02-10 06:00:00,22.399999999999995,24.0,418.25,38.083333333333336,1005.0083333333333
2024-02-10 07:00:00,22.399999999999995,24.0,418.4166666666667,37.75,1005.3333333333334
2024-02-10 08:00:00,22.46666666666667,24.0,421.4166666666667,37.916666666666664,1005.8083333333334
2024-02-10 09:00:00,22.508333333333336,24.0,420.5,37.916666666666664,1005.9916666666667
2024-02-10 10:00:00,22.600000000000005,23.083333333333332,424.4166666666667,38.583333333333336,1005.9333333333334
2024-02-10 11:00:00,22.6,23.0,426.6363636363636,39.72727272727273,1005.7545454545453
2024-02-10 12:00:00,22.7,23.0,425.1666666666667,38.166666666666664,1005.8083333333333
2024-02-10 13:00:00,22.75,23.0,426.4166666666667,38.75,1005.6666666666666
2024-02-10 14:00:00,22.808333333333334,23.0,425.6666666666667,38.666666666666664,1005.4833333333332
2024-02-10 15:00:00,22.899999999999995,23.0,437.6666666666667,38.333333333333336,1005.2333333333332
2024-02-10 16:00:00,22.899999999999995,23.0,436.4166666666667,38.083333333333336,1005.4083333333333
2024-02-10 17:00:00,22.95,23.083333333333332,435.75,38.416666666666664,1005.4
2024-02-10 18:00:00,22.991666666666664,24.0,586.25,39.75,1005.6
2024-02-10 19:00:00,23.316666666666666,25.0,805.0833333333334,39.333333333333336,1005.6083333333335
2024-02-10 20:00:00,23.463636363636365,25.0,839.6363636363636,39.45454545454545,1005.5545454545455
2024-02-10 21:00:00,23.633333333333336,26.0,905.0,40.166666666666664,1005.725
2024-02-10 22:00:00,23.766666666666666,25.916666666666668,935.25,39.416666666666664,1005.9499999999999
2024-02-10 23:00:00,23.7,26.0,953.3333333333334,38.0,1005.9250000000001
2024-02-11 00:00:00,23.78333333333333,26.5,1009.8333333333334,38.25,1005.8166666666666
2024-02-11 01:00:00,23.8,26.916666666666668,996.0,38.166666666666664,1005.4
2024-02-11 02:00:00,23.75,27.0,990.5833333333334,38.083333333333336,1005.1
2024-02-11 03:00:00,23.758333333333336,27.0,988.9166666666666,38.0,1004.9333333333334
2024-02-11 04:00:00,23.741666666666664,27.0,1009.9166666666666,38.083333333333336,1004.6833333333334
2024-02-11 05:00:00,23.708333333333332,27.166666666666668,1030.9166666666667,38.166666666666664,1004.7833333333333
2024-02-11 06:00:00,23.7,28.0,1009.0,38.0,1004.5363636363636
2024-02-11 07:00:00,23.65833333333333,28.0,979.9166666666666,38.25,1005.15
2024-02-11 08:00:00,23.641666666666666,28.0,961.5,38.5,1005.5500000000001
2024-02-11 09:00:00,23.600000000000005,28.0,906.3333333333334,38.25,1005.6916666666667
2024-02-11 10:00:00,23.65833333333333,28.0,888.25,38.416666666666664,1005.8249999999999
2024-02-11 11:00:00,23.7,28.0,873.25,40.583333333333336,1005.9416666666666
2024-02-11 12:00:00,23.816666666666666,31.916666666666668,839.75,39.666666666666664,1005.475
2024-02-11 13:00:00,23.8,32.583333333333336,664.6666666666666,38.75,1005.225
2024-02-11 14:00:00,23.71666666666667,31.25,563.1666666666666,38.833333333333336,1005.0500000000001
2024-02-11 15:00:00,23.733333333333334,29.833333333333332,511.1666666666667,39.0,1005.0416666666666
2024-02-11 16:00:00,23.7,29.0,486.6363636363636,38.81818181818182,1005.0727272727272
2024-02-11 17:00:00,23.7,28.5,473.4166666666667,39.916666666666664,1004.9916666666667
2024-02-11 18:00:00,23.7,28.0,462.3333333333333,39.166666666666664,1004.8583333333332
2024-02-11 19:00:00,23.683333333333334,27.75,462.4166666666667,38.916666666666664,1004.8583333333332
2024-02-11 20:00:00,23.600000000000005,27.0,483.75,38.666666666666664,1004.8083333333333
2024-02-11 21:00:00,23.691666666666666,27.833333333333332,617.75,39.333333333333336,1004.6583333333333
2024-02-11 22:00:00,23.808333333333334,28.916666666666668,734.75,40.083333333333336,1004.7916666666666
2024-02-11 23:00:00,23.983333333333334,31.0,907.0,42.166666666666664,1004.625
2024-02-12 00:00:00,23.941666666666666,31.0,899.9166666666666,40.5,1004.3416666666667
2024-02-12 01:00:00,23.972727272727273,30.818181818181817,923.0,39.36363636363637,1003.7818181818183
2024-02-12 02:00:00,23.899999999999995,30.0,924.1666666666666,38.416666666666664,1003.6416666666668
2024-02-12 03:00:00,23.90833333333333,30.0,901.1666666666666,38.583333333333336,1002.9916666666667
2024-02-12 04:00:00,23.808333333333334,30.0,861.4166666666666,38.416666666666664,1002.8083333333333
2024-02-12 05:00:00,23.8,29.916666666666668,865.0833333333334,38.416666666666664,1002.7583333333333
2024-02-12 06:00:00,23.8,29.0,838.5,38.416666666666664,1002.6833333333334
2024-02-12 07:00:00,23.791666666666668,29.0,872.5833333333334,38.583333333333336,1002.6750000000001
2024-02-12 08:00:00,23.8,29.0,854.25,39.25,1002.8833333333333
2024-02-12 09:00:00,23.766666666666666,28.833333333333332,779.0,40.833333333333336,1003.1500000000001
2024-02-12 10:00:00,23.833333333333332,28.0,765.8333333333334,40.166666666666664,1003.1750000000001
2024-02-12 11:00:00,24.05454545454546,28.90909090909091,778.2727272727273,39.27272727272727,1003.0818181818181
2024-02-12 12:00:00,24.016666666666666,28.333333333333332,677.25,39.25,1003.1
2024-02-12 13:00:00,23.983333333333334,28.0,569.0,39.25,1003.1750000000001
2024-02-12 14:00:00,23.958333333333332,27.666666666666668,547.5833333333334,39.583333333333336,1003.0
2024-02-12 15:00:00,23.983333333333334,28.166666666666668,787.25,43.75,1003.0333333333333
2024-02-12 16:00:00,23.899999999999995,29.0,852.0833333333334,39.416666666666664,1003.4
2024-02-12 17:00:00,23.899999999999995,29.0,866.8333333333334,40.5,1003.7416666666667
2024-02-12 18:00:00,23.924999999999997,29.833333333333332,881.0,43.333333333333336,1003.9916666666667
2024-02-12 19:00:00,23.849999999999998,30.0,758.5833333333334,44.583333333333336,1004.0833333333334
2024-02-12 20:00:00,24.254545454545454,30.0,822.2727272727273,46.09090909090909,1004.4
2024-02-12 21:00:00,24.133333333333336,29.416666666666668,857.3333333333334,42.25,1004.7583333333333
2024-02-12 22:00:00,24.275000000000002,29.583333333333332,852.5,42.0,1005.1666666666666
2024-02-12 23:00:00,24.516666666666666,30.0,924.0833333333334,40.0,1005.4
2024-02-13 00:00:00,24.55,30.0,912.75,39.416666666666664,1005.7333333333332
2024-02-13 01:00:00,24.600000000000005,30.25,927.1666666666666,38.416666666666664,1005.9916666666667
2024-02-13 02:00:00,24.541666666666668,31.0,891.75,38.333333333333336,1006.0666666666666
2024-02-13 03:00:00,24.40833333333333,31.0,844.8333333333334,38.25,1006.0416666666666
2024-02-13 04:00:00,24.399999999999995,31.0,820.0833333333334,38.25,1006.1916666666666
2024-02-13 05:00:00,24.349999999999998,31.0,853.5,38.416666666666664,1006.5500000000001
2024-02-13 06:00:00,24.336363636363636,30.818181818181817,847.0,38.09090909090909,1006.6454545454545
2024-02-13 07:00:00,24.275000000000002,30.0,808.0,38.75,1006.7166666666667
2024-02-13 08:00:00,24.308333333333334,30.0,830.6666666666666,38.666666666666664,1007.0416666666666
2024-02-13 09:00:00,24.416666666666668,30.75,867.8333333333334,39.166666666666664,1007.5083333333333
2024-02-13 10:00:00,24.40833333333333,33.166666666666664,743.8333333333334,37.833333333333336,1007.8916666666665
2024-02-13 11:00:00,24.28333333333333,32.5,611.5,38.25,1007.6166666666667
2024-02-13 12:00:00,24.2,31.25,578.25,38.416666666666664,1007.3916666666668
2024-02-13 13:00:00,24.46666666666667,31.0,792.0833333333334,43.833333333333336,1007.3249999999999
2024-02-13 14:00:00,24.95,31.0,934.9166666666666,44.666666666666664,1008.0500000000001
2024-02-13 15:00:00,25.145454545454548,30.90909090909091,971.9090909090909,41.09090909090909,1008.0181818181819
2024-02-13 16:00:00,25.34166666666667,30.833333333333332,973.25,39.666666666666664,1008.1916666666666
2024-02-13 17:00:00,25.349999999999998,31.0,939.5833333333334,41.166666666666664,1008.7083333333334
2024-02-13 18:00:00,25.38333333333333,31.833333333333332,981.25,44.5,1009.2166666666667
2024-02-13 19:00:00,25.28333333333333,31.833333333333332,875.9166666666666,41.083333333333336,1009.2083333333334
2024-02-13 20:00:00,25.3,34.75,997.8333333333334,45.416666666666664,1009.2833333333333
2024-02-13 21:00:00,25.108333333333334,36.0,914.1666666666666,41.166666666666664,1009.975
2024-02-13 22:00:00,24.858333333333334,35.083333333333336,870.75,41.333333333333336,1010.3916666666665
2024-02-13 23:00:00,24.933333333333334,34.833333333333336,945.4166666666666,41.416666666666664,1010.4250000000001
2024-02-14 00:00:00,24.866666666666664,34.0,936.4166666666666,40.5,1010.3666666666667
2024-02-14 01:00:00,24.718181818181815,33.18181818181818,889.7272727272727,40.0,1010.4181818181819
2024-02-14 02:00:00,24.650000000000002,32.75,851.8333333333334,40.0,1010.4166666666666
2024-02-14 03:00:00,24.600000000000005,32.0,815.75,40.0,1010.4083333333333
2024-02-14 04:00:00,24.516666666666666,31.75,797.8333333333334,40.0,1010.5333333333333
2024-02-14 05:00:00,24.358333333333334,31.0,778.5,40.083333333333336,1010.5666666666666
2024-02-14 06:00:00,24.38333333333333,31.0,799.5833333333334,40.583333333333336,1010.6166666666667
2024-02-14 07:00:00,24.058333333333334,31.0,714.6666666666666,40.166666666666664,1011.0
2024-02-14 08:00:00,24.0,31.0,597.5833333333334,40.166666666666664,1011.4083333333333
2024-02-14 09:00:00,24.0,30.166666666666668,542.0833333333334,40.083333333333336,1011.8416666666667
2024-02-14 10:00:00,24.0,30.0,509.72727272727275,39.54545454545455,1012.3727272727273
2024-02-14 11:00:00,24.0,30.0,492.1666666666667,39.5,1012.8166666666666
2024-02-14 12:00:00,23.775000000000002,30.0,472.4166666666667,40.083333333333336,1012.8499999999999
2024-02-14 13:00:00,23.61666666666667,30.0,461.75,39.833333333333336,1012.9
2024-02-14 14:00:00,23.75,30.0,459.6666666666667,39.333333333333336,1013.0583333333334
2024-02-14 15:00:00,23.8,30.0,461.0,39.916666666666664,1013.3249999999999
2024-02-14 16:00:00,23.8,30.416666666666668,459.25,40.5,1013.6750000000001
2024-02-14 17:00:00,23.8,31.0,458.25,40.083333333333336,1013.9833333333332
2024-02-14 18:00:00,23.758333333333336,31.0,456.25,39.583333333333336,1014.375
2024-02-14 19:00:00,23.7,31.0,454.0,40.0,1014.6
2024-02-14 20:00:00,23.7,31.0,458.8181818181818,39.45454545454545,1015.1181818181817
2024-02-14 21:00:00,23.675,31.0,457.6666666666667,39.25,1015.1833333333334
2024-02-14 22:00:00,23.61666666666667,31.0,461.75,39.416666666666664,1015.4083333333333
2024-02-14 23:00:00,23.600000000000005,31.0,460.6666666666667,39.333333333333336,1015.3916666666665
2024-02-15 00:00:00,23.600000000000005,31.0,458.0,39.333333333333336,1015.4583333333334
2024-02-15 01:00:00,23.566666666666666,31.0,457.1666666666667,39.5,1015.375
2024-02-15 02:00:00,23.53333333333333,31.0,458.5833333333333,39.333333333333336,1015.4166666666666
2024-02-15 03:00:00,23.516666666666666,31.0,454.25,39.333333333333336,1015.4
2024-02-15 04:00:00,23.5,31.0,449.0833333333333,39.416666666666664,1015.4666666666667
2024-02-15 05:00:00,23.5,31.0,454.6363636363636,39.45454545454545,1015.4545454545455
2024-02-15 06:00:00,23.46666666666667,30.75,454.1666666666667,39.333333333333336,1015.5
2024-02-15 07:00:00,23.433333333333334,30.0,450.6666666666667,39.416666666666664,1015.7333333333332
2024-02-15 08:00:00,23.474999999999998,30.0,454.1666666666667,39.5,1015.8000000000001
2024-02-15 09:00:00,23.5,30.0,455.0833333333333,39.75,1016.0583333333334
2024-02-15 10:00:00,23.541666666666668,30.0,454.9166666666667,39.416666666666664,1016.1750000000001
2024-02-15 11:00:00,23.583333333333332,30.0,452.8333333333333,39.666666666666664,1016.025
2024-02-15 12:00:00,23.600000000000005,30.0,454.5833333333333,40.0,1015.75
2024-02-15 13:00:00,23.600000000000005,30.0,452.9166666666667,40.25,1015.25
2024-02-15 14:00:00,23.566666666666666,30.666666666666668,597.0,40.083333333333336,1014.8416666666667
2024-02-15 15:00:00,23.672727272727272,31.181818181818183,735.5454545454545,40.0,1014.5363636363636
2024-02-15 16:00:00,23.758333333333336,31.833333333333332,758.5833333333334,39.833333333333336,1014.1333333333333
2024-02-15 17:00:00,23.90833333333333,32.0,784.5833333333334,40.666666666666664,1013.7416666666667
2024-02-15 18:00:00,24.0,32.666666666666664,796.9166666666666,41.0,1013.1999999999999
2024-02-15 19:00:00,23.858333333333334,33.0,779.1666666666666,40.333333333333336,1012.6750000000001
2024-02-15 20:00:00,23.8,32.666666666666664,620.9166666666666,39.75,1011.8166666666666
2024-02-15 21:00:00,23.78333333333333,32.0,560.1666666666666,39.833333333333336,1011.225
2024-02-15 22:00:00,23.666666666666668,32.0,508.75,39.916666666666664,1010.3000000000001
2024-02-15 23:00:00,23.7,32.0,490.0833333333333,39.583333333333336,1008.9666666666667
2024-02-16 00:00:00,23.636363636363637,32.0,471.72727272727275,39.54545454545455,1007.9181818181819
2024-02-16 01:00:00,23.65833333333333,32.0,466.9166666666667,39.666666666666664,1007.0333333333333
2024-02-16 02:00:00,23.650000000000002,32.0,465.0,39.75,1005.875
2024-02-16 03:00:00,23.641666666666666,32.0,467.1666666666667,39.75,1005.0583333333334
2024-02-16 04:00:00,23.7,32.0,467.0833333333333,40.0,1004.5083333333333
2024-02-16 05:00:00,23.71666666666667,32.0,462.1666666666667,40.0,1003.7833333333333
2024-02-16 06:00:00,23.741666666666664,32.0,464.75,40.0,1003.475
2024-02-16 07:00:00,23.78333333333333,32.083333333333336,462.9166666666667,40.0,1003.6750000000001
2024-02-16 08:00:00,23.8,33.0,463.0,40.083333333333336,1003.5416666666666
2024-02-16 09:00:00,23.827272727272728,33.0,467.45454545454544,40.0,1003.2818181818183
2024-02-16 10:00:00,23.899999999999995,33.0,467.0,39.916666666666664,1002.9666666666667
2024-02-16 11:00:00,23.825,33.0,471.75,40.083333333333336,1002.6999999999999
2024-02-16 12:00:00,23.791666666666668,33.0,469.25,40.0,1002.125
2024-02-16 13:00:00,23.84166666666667,33.75,469.9166666666667,39.416666666666664,1001.3416666666667
2024-02-16 14:00:00,23.96666666666667,33.0,469.5,39.583333333333336,1000.9083333333333
2024-02-16 15:00:00,24.0,33.0,472.4166666666667,39.75,1000.7833333333333
2024-02-16 16:00:00,24.0,33.0,476.75,39.916666666666664,1000.5583333333334
2024-02-16 17:00:00,23.866666666666664,33.0,473.0,40.25,1000.6
2024-02-16 18:00:00,23.727272727272727,33.0,463.8181818181818,40.27272727272727,1001.1181818181817
2024-02-16 19:00:00,23.608333333333334,32.25,466.0,39.833333333333336,1002.1666666666666
2024-02-16 20:00:00,23.733333333333334,32.0,466.3333333333333,39.416666666666664,1003.2166666666667
2024-02-16 21:00:00,23.775000000000002,32.0,469.25,39.916666666666664,1004.3166666666666
2024-02-16 22:00:00,23.55,32.0,462.3333333333333,39.666666666666664,1005.5666666666666
2024-02-16 23:00:00,23.458333333333332,31.0,457.3333333333333,39.75,1006.8000000000001
2024-02-17 00:00:00,23.375,31.0,454.0,39.583333333333336,1008.15
2024-02-17 01:00:00,23.525000000000002,31.0,446.3333333333333,39.666666666666664,1009.6750000000001
2024-02-17 02:00:00,23.65833333333333,31.0,457.6666666666667,39.75,1010.9333333333334
2024-02-17 03:00:00,23.7,31.0,454.4166666666667,39.333333333333336,1012.3000000000001
2024-02-17 04:00:00,23.718181818181815,30.181818181818183,457.45454545454544,39.27272727272727,1013.8454545454545
2024-02-17 05:00:00,23.741666666666664,30.0,458.3333333333333,39.333333333333336,1015.4499999999999
2024-02-17 06:00:00,23.708333333333332,30.0,456.5833333333333,39.416666666666664,1017.1083333333332
2024-02-17 07:00:00,23.7,30.0,454.8333333333333,39.666666666666664,1018.7416666666667
2024-02-17 08:00:00,23.733333333333334,29.083333333333332,454.4166666666667,40.0,1020.2083333333334
2024-02-17 09:00:00,23.8,29.0,456.9166666666667,39.416666666666664,1021.6666666666666
2024-02-17 10:00:00,23.8,29.0,453.1666666666667,39.666666666666664,1023.3000000000001
2024-02-17 11:00:00,23.916666666666668,29.0,485.25,42.0,1024.4416666666666
2024-02-17 12:00:00,24.058333333333334,29.916666666666668,696.9166666666666,43.083333333333336,1025.1833333333334
2024-02-17 13:00:00,24.241666666666664,31.583333333333332,963.0,40.833333333333336,1025.7916666666667
2024-02-17 14:00:00,24.30909090909091,34.27272727272727,943.0909090909091,39.45454545454545,1026.4727272727273
2024-02-17 15:00:00,24.399999999999995,35.583333333333336,912.75,39.25,1026.7916666666667
2024-02-17 16:00:00,24.46666666666667,36.666666666666664,900.5833333333334,40.916666666666664,1027.1666666666667
2024-02-17 17:00:00,24.566666666666666,39.5,847.5833333333334,41.916666666666664,1027.5583333333334
2024-02-17 18:00:00,24.458333333333332,40.0,673.0833333333334,40.083333333333336,1028.2416666666666
2024-02-17 19:00:00,24.325,39.333333333333336,574.9166666666666,40.0,1028.9416666666666
2024-02-17 20:00:00,24.224999999999998,39.0,529.6666666666666,39.666666666666664,1029.1916666666666
2024-02-17 21:00:00,24.191666666666666,38.833333333333336,500.4166666666667,39.25,1029.55
2024-02-17 22:00:00,24.11666666666667,38.0,484.8333333333333,39.333333333333336,1029.7916666666667
2024-02-17 23:00:00,24.1,37.81818181818182,477.3636363636364,39.81818181818182,1029.7727272727273
2024-02-18 00:00:00,24.09166666666667,37.083333333333336,480.0,40.0,1029.4666666666667
2024-02-18 01:00:00,24.341666666666665,38.833333333333336,705.0833333333334,42.666666666666664,1029.325
2024-02-18 02:00:00,23.325,36.5,617.25,40.833333333333336,1029.0333333333333
2024-02-18 03:00:00,19.783333333333335,33.083333333333336,384.3333333333333,38.916666666666664,1028.375
2024-02-18 04:00:00,20.466666666666665,34.166666666666664,543.5,38.333333333333336,1027.75
2024-02-18 05:00:00,21.833333333333332,35.0,659.1666666666666,38.166666666666664,1027.45
2024-02-18 06:00:00,22.15833333333333,34.916666666666664,683.3333333333334,37.916666666666664,1026.8916666666667
2024-02-18 07:00:00,22.266666666666666,34.333333333333336,683.3333333333334,38.0,1026.3833333333334
2024-02-18 08:00:00,22.349999999999998,35.0,701.6666666666666,38.833333333333336,1025.8999999999999
2024-02-18 09:00:00,22.490909090909092,35.0,727.7272727272727,40.36363636363637,1025.3818181818183
2024-02-18 10:00:00,22.974999999999998,35.0,767.5833333333334,41.75,1024.8916666666667
2024-02-18 11:00:00,23.224999999999998,35.0,772.8333333333334,44.166666666666664,1024.3999999999999
2024-02-18 12:00:00,23.400000000000002,35.0,774.1666666666666,42.833333333333336,1023.3000000000001
2024-02-18 13:00:00,23.616666666666664,35.0,790.0833333333334,42.666666666666664,1022.1416666666668
2024-02-18 14:00:00,23.916666666666668,35.0,813.5833333333334,45.083333333333336,1021.2583333333333
2024-02-18 15:00:00,24.09166666666667,35.0,799.8333333333334,45.333333333333336,1020.1666666666666
2024-02-18 16:00:00,24.491666666666664,35.0,823.5,47.916666666666664,1019.3833333333333
2024-02-18 17:00:00,24.71666666666667,35.0,847.3333333333334,44.666666666666664,1018.7083333333334
2024-02-18 18:00:00,24.8,35.0,863.1818181818181,42.72727272727273,1018.1
2024-02-18 19:00:00,23.983333333333334,33.916666666666664,673.5,42.666666666666664,1017.4833333333332
2024-02-18 20:00:00,23.96666666666667,33.0,635.9166666666666,42.25,1016.7416666666667
2024-02-18 21:00:00,24.291666666666668,33.0,738.6666666666666,41.833333333333336,1016.3083333333333
2024-02-18 22:00:00,24.375,33.0,808.5833333333334,41.916666666666664,1016.0749999999999
2024-02-18 23:00:00,24.21666666666667,33.916666666666664,904.6666666666666,40.916666666666664,1015.6750000000001
2024-02-19 00:00:00,24.2,34.5,881.6666666666666,40.916666666666664,1015.5666666666666
2024-02-19 01:00:00,24.125,35.0,853.5833333333334,40.583333333333336,1015.3249999999999
2024-02-19 02:00:00,24.066666666666666,35.0,812.9166666666666,40.25,1015.0166666666668
2024-02-19 03:00:00,24.0,35.0,798.8333333333334,40.75,1014.4666666666667
2024-02-19 04:00:00,24.0,34.0,788.1818181818181,40.54545454545455,1014.1727272727272
2024-02-19 05:00:00,24.0,34.0,791.5,40.916666666666664,1013.9916666666667
2024-02-19 06:00:00,24.0,33.333333333333336,790.6666666666666,40.416666666666664,1013.8916666666665
2024-02-19 07:00:00,24.0,33.0,800.25,41.25,1013.8249999999999
2024-02-19 08:00:00,24.083333333333332,33.0,796.6666666666666,41.25,1013.975
2024-02-19 09:00:00,24.141666666666666,34.166666666666664,812.6666666666666,41.666666666666664,1014.0916666666667
2024-02-19 10:00:00,24.38333333333333,38.0,784.4166666666666,42.25,1013.9
2024-02-19 11:00:00,24.399999999999995,36.916666666666664,659.1666666666666,41.0,1013.9083333333333
2024-02-19 12:00:00,24.399999999999995,35.416666666666664,566.0833333333334,41.0,1013.7833333333333
2024-02-19 13:00:00,24.399999999999995,34.333333333333336,518.25,41.0,1013.65
2024-02-19 14:00:00,23.963636363636365,33.09090909090909,539.2727272727273,52.36363636363637,1013.3636363636364
2024-02-19 15:00:00,24.075,33.833333333333336,777.5,51.166666666666664,1013.0583333333334
2024-02-19 16:00:00,24.25,34.75,847.75,45.416666666666664,1013.375
2024-02-19 17:00:00,24.116666666666664,33.916666666666664,735.6666666666666,40.0,1013.5749999999999
2024-02-19 18:00:00,24.0,33.0,586.9166666666666,40.333333333333336,1013.7416666666667
2024-02-19 19:00:00,24.141666666666666,34.583333333333336,641.75,41.916666666666664,1013.9833333333332
2024-02-19 20:00:00,24.21666666666667,36.75,784.3333333333334,39.833333333333336,1014.0083333333333
2024-02-19 21:00:00,24.40833333333333,38.666666666666664,905.0833333333334,42.25,1013.8666666666667
2024-02-19 22:00:00,24.541666666666668,39.666666666666664,906.6666666666666,43.333333333333336,1014.1916666666667
2024-02-19 23:00:00,24.55454545454546,39.0,920.9090909090909,41.54545454545455,1014.1090909090909
2024-02-20 00:00:00,24.5,39.25,869.9166666666666,41.0,1014.125
2024-02-20 01:00:00,24.5,40.0,842.0,41.0,1013.7833333333333
2024-02-20 02:00:00,24.416666666666668,39.5,802.5833333333334,41.0,1013.6083333333332
2024-02-20 03:00:00,24.399999999999995,39.0,789.1666666666666,41.0,1013.5833333333334
2024-02-20 04:00:00,24.3,38.75,790.3333333333334,41.0,1013.5500000000001
2024-02-20 05:00:00,24.241666666666664,38.0,779.5,41.0,1013.775
2024-02-20 06:00:00,24.2,37.416666666666664,779.9166666666666,41.0,1014.0416666666666
2024-02-20 07:00:00,24.2,37.0,780.75,41.0,1013.725
2024-02-20 08:00:00,24.2,37.0,801.5833333333334,41.25,1014.0166666666668
2024-02-20 09:00:00,24.05454545454546,39.54545454545455,740.0909090909091,42.09090909090909,1013.8636363636364
2024-02-20 10:00:00,23.833333333333332,37.416666666666664,575.0,42.0,1014.1
2024-02-20 11:00:00,23.708333333333332,35.416666666666664,533.5833333333334,41.666666666666664,1013.9
2024-02-20 12:00:00,23.458333333333332,34.0,503.4166666666667,41.25,1013.5083333333333
2024-02-20 13:00:00,23.191666666666666,33.0,492.6666666666667,40.916666666666664,1013.3166666666666
2024-02-20 14:00:00,22.825,32.916666666666664,474.1666666666667,41.5,1012.9916666666667
2024-02-20 15:00:00,22.375,32.0,428.5833333333333,41.0,1012.3166666666666
2024-02-20 16:00:00,22.066666666666666,32.0,405.9166666666667,41.0,1011.6750000000001
2024-02-20 17:00:00,21.84166666666667,32.0,397.6666666666667,40.916666666666664,1010.65
2024-02-20 18:00:00,21.636363636363637,32.09090909090909,393.6363636363636,41.09090909090909,1010.0
2024-02-20 19:00:00,21.46666666666667,33.0,389.6666666666667,41.333333333333336,1009.5833333333334
2024-02-20 20:00:00,21.833333333333332,34.083333333333336,509.5,41.083333333333336,1008.8833333333333
2024-02-20 21:00:00,22.2,35.0,661.75,43.333333333333336,1007.7916666666666
2024-02-20 22:00:00,22.45,35.916666666666664,674.3333333333334,41.083333333333336,1007.0749999999999
2024-02-20 23:00:00,22.7,37.916666666666664,737.3333333333334,40.75,1006.2333333333332
2024-02-21 00:00:00,22.95,37.25,805.25,41.583333333333336,1005.3583333333332
2024-02-21 01:00:00,22.866666666666664,37.0,832.1666666666666,39.833333333333336,1004.5
2024-02-21 02:00:00,23.03333333333333,37.0,829.75,39.916666666666664,1003.6333333333333
2024-02-21 03:00:00,23.100000000000005,37.0,800.4166666666666,39.333333333333336,1002.5666666666666
2024-02-21 04:00:00,23.1,37.0,777.1818181818181,39.72727272727273,1001.9272727272728
2024-02-21 05:00:00,23.100000000000005,37.0,781.6666666666666,39.666666666666664,1001.75
2024-02-21 06:00:00,23.108333333333334,37.0,787.75,40.166666666666664,1001.6166666666667
2024-02-21 07:00:00,23.133333333333336,37.0,793.5833333333334,40.416666666666664,1001.7166666666667
2024-02-21 08:00:00,23.258333333333336,37.666666666666664,796.8333333333334,41.0,1002.1750000000001
2024-02-21 09:00:00,23.575000000000003,41.916666666666664,748.25,40.5,1002.8333333333334
2024-02-21 10:00:00,23.600000000000005,40.833333333333336,606.5833333333334,40.75,1003.3249999999999
2024-02-21 11:00:00,23.600000000000005,39.666666666666664,535.5833333333334,40.666666666666664,1003.975
2024-02-21 12:00:00,23.600000000000005,38.583333333333336,497.5833333333333,41.0,1004.5083333333333
2024-02-21 13:00:00,23.600000000000005,37.583333333333336,476.25,41.0,1003.6916666666666
2024-02-21 14:00:00,23.60909090909091,36.81818181818182,465.1818181818182,41.0,1003.3727272727273
2024-02-21 15:00:00,23.7,36.0,460.6666666666667,40.916666666666664,1003.4916666666667
2024-02-21 16:00:00,23.7,36.0,476.5833333333333,41.583333333333336,1002.8833333333333
2024-02-21 17:00:00,23.691666666666666,35.583333333333336,627.5833333333334,43.583333333333336,1002.3833333333333
2024-02-21 18:00:00,23.616666666666664,35.083333333333336,626.5833333333334,40.166666666666664,1001.7083333333334
2024-02-21 19:00:00,23.458333333333332,34.583333333333336,536.25,40.583333333333336,1000.8666666666667
2024-02-21 20:00:00,23.55,34.0,489.4166666666667,41.0,1000.3583333333332
2024-02-21 21:00:00,23.650000000000002,34.0,467.75,40.333333333333336,999.3833333333333
2024-02-21 22:00:00,23.7,34.0,463.5,40.25,998.4416666666666
2024-02-21 23:00:00,23.736363636363638,34.0,457.72727272727275,40.45454545454545,997.1909090909091
2024-02-22 00:00:00,23.791666666666668,34.0,455.4166666666667,40.666666666666664,995.9916666666667
2024-02-22 01:00:00,23.916666666666668,36.166666666666664,636.25,40.333333333333336,994.625
2024-02-22 02:00:00,23.96666666666667,37.75,717.4166666666666,40.833333333333336,993.1
2024-02-22 03:00:00,23.8,37.0,748.5833333333334,41.0,991.9166666666666
2024-02-22 04:00:00,23.724999999999998,37.0,746.5,41.083333333333336,991.0666666666666
2024-02-22 05:00:00,23.7,36.25,740.8333333333334,40.666666666666664,990.4666666666667
2024-02-22 06:00:00,23.8,36.0,757.5,39.916666666666664,989.65
2024-02-22 07:00:00,23.8,36.0,767.3333333333334,40.0,989.15
2024-02-22 08:00:00,23.875,36.916666666666664,778.75,40.0,988.6666666666666
2024-02-22 09:00:00,23.963636363636365,37.0,781.5454545454545,40.18181818181818,988.5272727272727
2024-02-22 10:00:00,24.116666666666664,39.5,841.5833333333334,42.0,988.5333333333333
2024-02-22 11:00:00,24.191666666666666,41.666666666666664,711.5833333333334,42.166666666666664,988.4083333333333
2024-02-22 12:00:00,24.05,40.583333333333336,624.8333333333334,41.5,987.775
2024-02-22 13:00:00,23.941666666666666,40.0,681.5833333333334,42.083333333333336,987.0333333333333
2024-02-22 14:00:00,24.241666666666664,40.833333333333336,756.9166666666666,46.583333333333336,986.2583333333333
2024-02-22 15:00:00,24.575,40.166666666666664,667.0833333333334,44.0,985.4416666666666
2024-02-22 16:00:00,24.808333333333334,39.833333333333336,584.1666666666666,43.833333333333336,984.75
2024-02-22 17:00:00,24.899999999999995,39.0,548.25,40.583333333333336,984.2333333333332
2024-02-22 18:00:00,24.9,38.54545454545455,518.8181818181819,39.63636363636363,983.7181818181817
2024-02-22 19:00:00,24.899999999999995,38.0,501.1666666666667,39.833333333333336,982.7083333333334
2024-02-22 20:00:00,24.899999999999995,37.583333333333336,496.5,39.833333333333336,982.0916666666667
2024-02-22 21:00:00,24.791666666666668,38.0,626.0833333333334,40.916666666666664,981.0333333333333
2024-02-22 22:00:00,24.7,37.333333333333336,671.5,41.5,980.0916666666667
2024-02-22 23:00:00,24.7,37.0,806.5,42.083333333333336,979.1416666666668
2024-02-23 00:00:00,24.733333333333334,37.916666666666664,874.0833333333334,40.75,977.9250000000001
2024-02-23 01:00:00,24.641666666666666,38.0,887.25,39.5,976.0916666666667
2024-02-23 02:00:00,24.600000000000005,38.0,854.6666666666666,38.5,974.2666666666668
2024-02-23 03:00:00,24.558333333333334,38.0,839.3333333333334,38.416666666666664,972.525
2024-02-23 04:00:00,24.5,37.09090909090909,812.9090909090909,39.54545454545455,970.6272727272727
2024-02-23 05:00:00,24.433333333333334,37.0,783.0,39.333333333333336,968.6166666666667
2024-02-23 06:00:00,24.399999999999995,37.0,789.9166666666666,39.0,966.8083333333334
2024-02-23 07:00:00,24.391666666666666,36.833333333333336,775.5,38.666666666666664,965.3249999999999
2024-02-23 08:00:00,24.3,36.0,775.5,38.916666666666664,963.725
2024-02-23 09:00:00,24.325,36.416666666666664,818.3333333333334,39.916666666666664,963.0
2024-02-23 10:00:00,24.38333333333333,36.083333333333336,708.8333333333334,39.916666666666664,963.6916666666666
2024-02-23 11:00:00,24.183333333333334,36.0,583.9166666666666,40.833333333333336,966.0916666666667
2024-02-23 12:00:00,23.891666666666666,35.166666666666664,505.4166666666667,42.083333333333336,969.875
2024-02-23 13:00:00,23.78333333333333,35.0,479.1666666666667,42.333333333333336,973.6083333333332
2024-02-23 14:00:00,23.827272727272728,34.18181818181818,462.09090909090907,41.54545454545455,976.8727272727273
2024-02-23 15:00:00,23.88333333333333,34.0,452.8333333333333,41.666666666666664,979.15
2024-02-23 16:00:00,23.891666666666666,34.0,452.3333333333333,41.75,981.1750000000001
2024-02-23 17:00:00,23.899999999999995,34.0,449.8333333333333,40.25,983.3249999999999
2024-02-23 18:00:00,23.849999999999998,34.0,444.8333333333333,44.083333333333336,985.2083333333334
2024-02-23 19:00:00,23.766666666666666,34.0,441.0,40.083333333333336,986.8166666666666
2024-02-23 20:00:00,23.741666666666664,34.0,443.75,39.916666666666664,987.9
2024-02-23 21:00:00,23.641666666666666,34.0,435.1666666666667,39.916666666666664,989.1833333333334
2024-02-23 22:00:00,23.541666666666668,33.833333333333336,437.5,40.0,989.9083333333333
2024-02-23 23:00:00,23.427272727272726,33.0,430.09090909090907,40.09090909090909,990.4181818181819
2024-02-24 00:00:00,23.358333333333334,33.0,424.0833333333333,40.083333333333336,990.85
2024-02-24 01:00:00,23.45,33.0,429.1666666666667,40.0,991.3583333333332
2024-02-24 02:00:00,23.483333333333334,33.0,433.25,40.0,992.1750000000001
2024-02-24 03:00:00,23.491666666666664,33.0,433.5833333333333,40.0,993.0416666666666
2024-02-24 04:00:00,23.46666666666667,33.0,425.8333333333333,40.0,993.85
2024-02-24 05:00:00,23.433333333333334,33.0,431.5833333333333,40.0,994.625
2024-02-24 06:00:00,23.491666666666664,33.0,437.75,40.0,995.275
2024-02-24 07:00:00,23.5,33.0,436.5,40.0,996.1166666666667
2024-02-24 08:00:00,23.525000000000002,33.0,435.5,40.0,996.65
2024-02-24 09:00:00,23.6,33.0,437.09090909090907,40.0,997.1818181818181
2024-02-24 10:00:00,23.600000000000005,33.0,439.75,40.0,997.6750000000001
2024-02-24 11:00:00,23.600000000000005,33.0,432.5833333333333,40.0,997.8583333333332
2024-02-24 12:00:00,23.575000000000003,33.0,438.4166666666667,40.0,997.7916666666666
2024-02-24 13:00:00,23.5,33.0,430.75,40.0,997.8416666666667
2024-02-24 14:00:00,23.491666666666664,33.0,427.75,40.083333333333336,997.9333333333334
2024-02-24 15:00:00,23.46666666666667,33.0,426.5833333333333,40.25,997.9666666666667
2024-02-24 16:00:00,23.5,33.0,432.0833333333333,39.916666666666664,998.0500000000001
2024-02-24 17:00:00,23.600000000000005,33.0,436.0,40.25,998.2666666666668
2024-02-24 18:00:00,23.6,33.0,430.6363636363636,41.45454545454545,998.5454545454545
2024-02-24 19:00:00,23.508333333333336,33.0,435.8333333333333,40.25,998.7083333333334
2024-02-24 20:00:00,23.5,33.0,436.0833333333333,40.0,998.8916666666665
2024-02-24 21:00:00,23.5,33.0,435.6666666666667,40.0,999.0500000000001
2024-02-24 22:00:00,23.5,33.0,439.75,40.916666666666664,999.0666666666666
2024-02-24 23:00:00,23.5,33.0,435.25,40.0,999.1833333333334
2024-02-25 00:00:00,23.5,33.0,438.5833333333333,40.0,999.2583333333333
2024-02-25 01:00:00,23.491666666666664,33.0,432.1666666666667,40.083333333333336,999.2833333333333
2024-02-25 02:00:00,23.391666666666666,33.0,430.75,40.0,999.3166666666666
2024-02-25 03:00:00,23.38333333333333,33.0,436.5833333333333,40.0,999.3499999999999
2024-02-25 04:00:00,23.37272727272727,33.0,454.90909090909093,40.0,999.2909090909089
2024-02-25 05:00:00,23.333333333333332,33.0,473.0,40.0,999.4250000000001
2024-02-25 06:00:00,23.34166666666667,33.0,477.5833333333333,40.0,999.6
2024-02-25 07:00:00,23.325,33.0,484.25,40.0,999.9083333333333
2024-02-25 08:00:00,23.333333333333332,33.0,483.0,40.0,1000.3333333333334
2024-02-25 09:00:00,23.399999999999995,33.0,483.6666666666667,40.0,1000.6333333333333
2024-02-25 10:00:00,23.399999999999995,33.0,478.8333333333333,40.0,1001.1416666666668
2024-02-25 11:00:00,23.474999999999998,33.0,478.6666666666667,40.166666666666664,1001.5333333333333
2024-02-25 12:00:00,23.5,33.0,480.0833333333333,40.0,1001.8833333333333
2024-02-25 13:00:00,23.5,33.0,481.27272727272725,40.27272727272727,1002.3454545454545
2024-02-25 14:00:00,23.5,33.0,485.8333333333333,40.583333333333336,1002.6416666666668
2024-02-25 15:00:00,23.55,33.416666666666664,619.0,44.0,1002.8583333333332
2024-02-25 16:00:00,23.650000000000002,34.5,677.5833333333334,42.25,1003.1583333333333
2024-02-25 17:00:00,23.733333333333334,34.0,637.5833333333334,42.5,1003.4916666666667
2024-02-25 18:00:00,23.875,35.0,778.0833333333334,45.0,1004.0083333333333
2024-02-25 19:00:00,24.11666666666667,35.666666666666664,954.6666666666666,45.833333333333336,1004.5416666666666
2024-02-25 20:00:00,24.266666666666666,36.0,905.25,44.75,1004.975
2024-02-25 21:00:00,24.46666666666667,37.5,925.4166666666666,43.5,1005.1583333333333
2024-02-25 22:00:00,24.625,37.333333333333336,997.0833333333334,43.166666666666664,1005.4166666666666
2024-02-25 23:00:00,24.636363636363637,37.0,980.5454545454545,41.36363636363637,1005.4818181818181
2024-02-26 00:00:00,24.625,37.0,989.9166666666666,41.083333333333336,1005.7083333333334
2024-02-26 01:00:00,24.600000000000005,37.0,994.3333333333334,40.5,1005.7666666666668
2024-02-26 02:00:00,24.575000000000003,37.0,966.0,40.5,1005.8249999999999
2024-02-26 03:00:00,24.5,36.083333333333336,924.1666666666666,40.25,1006.0916666666667
2024-02-26 04:00:00,24.491666666666664,36.0,865.5,40.416666666666664,1006.4583333333334
2024-02-26 05:00:00,24.46666666666667,36.0,843.0833333333334,40.583333333333336,1007.0
2024-02-26 06:00:00,24.399999999999995,35.0,841.6666666666666,40.583333333333336,1007.4499999999999
2024-02-26 07:00:00,24.399999999999995,35.0,832.4166666666666,40.583333333333336,1008.1333333333333
2024-02-26 08:00:00,24.436363636363637,35.90909090909091,910.9090909090909,41.81818181818182,1008.9090909090909
2024-02-26 09:00:00,24.349999999999998,36.75,748.4166666666666,41.0,1009.6750000000001
2024-02-26 10:00:00,24.208333333333332,35.583333333333336,590.75,41.083333333333336,1010.4083333333333
2024-02-26 11:00:00,24.11666666666667,34.916666666666664,536.5,41.0,1010.775
2024-02-26 12:00:00,24.100000000000005,34.0,523.5833333333334,41.083333333333336,1011.1583333333333
2024-02-26 13:00:00,24.09166666666667,34.0,629.25,43.166666666666664,1011.6416666666668
2024-02-26 14:00:00,23.974999999999998,33.916666666666664,577.4166666666666,40.0,1012.2416666666667
2024-02-26 15:00:00,23.833333333333332,33.0,520.6666666666666,40.25,1012.8416666666667
2024-02-26 16:00:00,23.766666666666666,33.0,501.75,41.666666666666664,1013.475
2024-02-26 17:00:00,23.7,33.0,581.5833333333334,42.166666666666664,1014.125
2024-02-26 18:00:00,23.7,33.0,546.8181818181819,40.90909090909091,1014.7909090909092
2024-02-26 19:00:00,23.675,33.0,512.0833333333334,41.0,1015.2583333333333
2024-02-26 20:00:00,23.566666666666666,32.5,502.25,41.416666666666664,1015.7083333333334
2024-02-26 21:00:00,23.433333333333334,32.0,495.1666666666667,42.0,1016.1916666666666
2024-02-26 22:00:00,23.275000000000002,31.333333333333332,488.1666666666667,42.0,1016.6999999999999
2024-02-26 23:00:00,23.2,31.0,479.5833333333333,41.333333333333336,1017.0749999999999
2024-02-27 00:00:00,23.2,31.0,487.8333333333333,41.0,1017.5666666666666
2024-02-27 01:00:00,23.100000000000005,31.0,486.5,41.0,1017.4833333333332
2024-02-27 02:00:00,23.100000000000005,31.0,489.25,41.0,1017.3166666666666
2024-02-27 03:00:00,23.058333333333334,31.0,489.75,41.0,1017.2666666666668
2024-02-27 04:00:00,23.0,31.0,487.72727272727275,41.0,1017.5
2024-02-27 05:00:00,22.991666666666664,31.0,481.1666666666667,41.0,1017.525
2024-02-27 06:00:00,22.916666666666668,31.0,478.25,41.0,1017.0583333333334
2024-02-27 07:00:00,22.899999999999995,30.333333333333332,470.0833333333333,41.0,1017.1583333333333
2024-02-27 08:00:00,22.899999999999995,30.0,475.1666666666667,41.0,1017.2416666666667
2024-02-27 09:00:00,22.899999999999995,30.0,470.0833333333333,41.0,1017.0
2024-02-27 10:00:00,22.891666666666666,30.0,461.25,41.0,1016.5166666666668
2024-02-27 11:00:00,22.825,30.0,461.75,41.0,1016.1833333333334
2024-02-27 12:00:00,22.875,30.0,460.5,41.0,1016.1083333333335
2024-02-27 13:00:00,22.918181818181818,30.0,466.0,41.0,1015.8454545454545
2024-02-27 14:00:00,22.958333333333332,30.0,471.4166666666667,41.0,1015.6166666666667
2024-02-27 15:00:00,23.0,30.0,473.1666666666667,41.5,1015.3583333333332
2024-02-27 16:00:00,22.974999999999998,30.0,469.75,41.083333333333336,1015.025
2024-02-27 17:00:00,22.899999999999995,30.0,464.8333333333333,41.0,1014.9
2024-02-27 18:00:00,22.899999999999995,30.75,496.0833333333333,42.166666666666664,1014.7416666666667
2024-02-27 19:00:00,22.899999999999995,31.0,505.0,42.0,1014.5583333333334
2024-02-27 20:00:00,22.899999999999995,31.0,482.4166666666667,41.5,1014.4250000000001
2024-02-27 21:00:00,22.808333333333334,31.0,462.5,41.333333333333336,1014.2999999999998
2024-02-27 22:00:00,22.8,31.0,461.75,42.0,1014.1999999999999
2024-02-27 23:00:00,22.71818181818182,31.0,457.09090909090907,42.09090909090909,1014.0636363636364
2024-02-28 00:00:00,22.7,31.0,460.1666666666667,41.666666666666664,1013.8916666666668
2024-02-28 01:00:00,22.7,31.0,456.9166666666667,41.25,1013.4916666666667
2024-02-28 02:00:00,22.7,31.0,456.25,41.0,1013.0833333333334
2024-02-28 03:00:00,22.600000000000005,31.0,453.0833333333333,41.0,1012.5333333333333
2024-02-28 04:00:00,22.608333333333334,31.0,456.6666666666667,41.0,1011.9416666666666
2024-02-28 05:00:00,22.675,31.0,458.0,41.083333333333336,1011.4499999999999
2024-02-28 06:00:00,22.7,31.0,460.4166666666667,41.0,1011.0749999999999
2024-02-28 07:00:00,22.7,31.0,458.75,41.0,1011.025
2024-02-28 08:00:00,22.7,31.0,462.45454545454544,41.0,1011.0727272727272
2024-02-28 09:00:00,22.71666666666667,31.0,461.75,41.0,1011.0833333333334
2024-02-28 10:00:00,22.708333333333332,31.0,457.6666666666667,41.083333333333336,1011.2166666666667
2024-02-28 11:00:00,22.7,31.583333333333332,458.25,41.083333333333336,1011.4666666666667
2024-02-28 12:00:00,22.691666666666666,32.0,462.5833333333333,41.666666666666664,1011.7333333333332
2024-02-28 13:00:00,22.75,32.0,487.5,41.416666666666664,1011.7916666666666
2024-02-28 14:00:00,22.899999999999995,32.25,513.5,41.25,1011.7083333333334
2024-02-28 15:00:00,22.96666666666667,33.0,668.8333333333334,41.583333333333336,1011.8000000000001
2024-02-28 16:00:00,23.0,33.0,733.5833333333334,41.416666666666664,1011.9833333333332
2024-02-28 17:00:00,22.991666666666664,33.666666666666664,734.6666666666666,40.916666666666664,1012.3666666666667
2024-02-28 18:00:00,23.12727272727273,34.0,670.8181818181819,41.54545454545455,1012.2727272727273
2024-02-28 19:00:00,23.53333333333333,34.0,717.5,43.416666666666664,1012.5333333333333
2024-02-28 20:00:00,23.558333333333334,36.083333333333336,788.5,42.083333333333336,1012.6333333333333
2024-02-28 21:00:00,23.416666666666668,37.0,817.5833333333334,42.5,1012.8166666666666
2024-02-28 22:00:00,23.108333333333334,35.833333333333336,849.75,41.75,1012.4583333333334
2024-02-28 23:00:00,22.333333333333332,35.0,677.75,39.166666666666664,1012.2416666666667
2024-02-29 00:00:00,22.416666666666668,34.75,622.25,39.083333333333336,1012.15
2024-02-29 01:00:00,22.325,34.0,603.3333333333334,38.583333333333336,1011.6416666666668
2024-02-29 02:00:00,22.28333333333333,34.0,584.0833333333334,38.5,1010.8666666666667
2024-02-29 03:00:00,22.181818181818183,34.0,571.5454545454545,38.81818181818182,1010.1181818181817
2024-02-29 04:00:00,22.09166666666667,33.5,564.1666666666666,38.416666666666664,1009.2416666666667
2024-02-29 05:00:00,21.924999999999997,33.0,566.1666666666666,38.833333333333336,1008.3416666666667
2024-02-29 06:00:00,21.84166666666667,33.0,564.5833333333334,39.0,1007.6750000000001
2024-02-29 07:00:00,21.7,33.5,571.5,39.083333333333336,1007.0333333333333
2024-02-29 08:00:00,21.583333333333332,34.083333333333336,581.5833333333334,40.083333333333336,1006.1
2024-02-29 09:00:00,21.741666666666664,36.083333333333336,551.1666666666666,39.416666666666664,1005.625
2024-02-29 10:00:00,21.675,36.0,469.0,39.416666666666664,1004.9250000000001
2024-02-29 11:00:00,21.483333333333334,36.0,438.0,40.25,1004.6999999999999
2024-02-29 12:00:00,21.291666666666668,35.833333333333336,431.8333333333333,40.25,1004.5333333333333
2024-02-29 13:00:00,21.163636363636364,35.0,424.45454545454544,40.18181818181818,1004.6454545454545
2024-02-29 14:00:00,21.125,35.666666666666664,474.1666666666667,40.0,1004.4666666666667
2024-02-29 15:00:00,21.633333333333336,37.25,606.0833333333334,43.583333333333336,1004.4833333333332
2024-02-29 16:00:00,22.383333333333336,38.75,742.6666666666666,41.916666666666664,1004.5333333333333
2024-02-29 17:00:00,22.508333333333336,38.0,645.5833333333334,41.25,1004.6750000000001
2024-02-29 18:00:00,22.600000000000005,37.416666666666664,560.6666666666666,41.083333333333336,1004.9250000000001
2024-02-29 19:00:00,22.600000000000005,37.0,514.6666666666666,40.916666666666664,1005.2666666666668
2024-02-29 20:00:00,22.46666666666667,37.0,492.75,39.666666666666664,1005.3499999999999
2024-02-29 21:00:00,22.358333333333334,36.416666666666664,477.5833333333333,39.416666666666664,1005.4499999999999
2024-02-29 22:00:00,22.3,36.0,465.8333333333333,39.583333333333336,1005.5166666666668
2024-02-29 23:00:00,22.418181818181818,36.0,467.6363636363636,41.0,1005.4909090909091
2024-03-01 00:00:00,22.525000000000002,36.0,469.9166666666667,40.916666666666664,1005.6
2024-03-01 01:00:00,22.600000000000005,36.083333333333336,472.5833333333333,41.0,1005.5833333333334
2024-03-01 02:00:00,22.600000000000005,36.0,469.0,41.0,1005.275
2024-03-01 03:00:00,22.633333333333336,36.0,476.75,41.0,1004.9166666666666
2024-03-01 04:00:00,22.641666666666666,36.0,471.4166666666667,41.0,1004.8583333333332
2024-03-01 05:00:00,22.641666666666666,36.0,468.5,39.916666666666664,1004.8833333333333
2024-03-01 06:00:00,22.400000000000002,35.666666666666664,464.8333333333333,39.25,1005.0833333333334
2024-03-01 07:00:00,22.3,35.0,464.75,39.25,1005.5916666666667
2024-03-01 08:00:00,22.327272727272728,35.0,459.0,40.18181818181818,1005.9363636363636
2024-03-01 09:00:00,22.575000000000003,34.25,466.5833333333333,41.0,1006.0916666666667
2024-03-01 10:00:00,22.683333333333334,34.0,466.4166666666667,40.666666666666664,1006.1833333333334
2024-03-01 11:00:00,22.641666666666666,34.0,472.5833333333333,39.416666666666664,1006.0833333333334
2024-03-01 12:00:00,22.53333333333333,34.0,464.0,40.083333333333336,1005.875
2024-03-01 13:00:00,22.600000000000005,34.0,462.6666666666667,40.166666666666664,1005.9166666666666
2024-03-01 14:00:00,22.7,34.0,468.5833333333333,41.0,1005.9916666666667
2024-03-01 15:00:00,22.8,34.0,469.25,41.25,1005.9
2024-03-01 16:00:00,22.891666666666666,34.0,473.1666666666667,40.916666666666664,1005.8083333333333
2024-03-01 17:00:00,22.899999999999995,34.0,481.4166666666667,41.0,1006.0416666666666
2024-03-01 18:00:00,22.972727272727273,34.0,483.0,41.09090909090909,1006.4545454545455
2024-03-01 19:00:00,23.0,34.0,499.0,41.333333333333336,1006.9083333333333
2024-03-01 20:00:00,22.974999999999998,34.583333333333336,499.0,40.5,1007.2833333333333
2024-03-01 21:00:00,22.758333333333336,34.083333333333336,485.0833333333333,39.666666666666664,1007.7666666666668
2024-03-01 22:00:00,22.675,34.25,483.5,39.583333333333336,1008.2416666666667
2024-03-01 23:00:00,22.658333333333335,35.0,480.6666666666667,40.083333333333336,1008.6
2024-03-02 00:00:00,22.875,35.0,489.5,41.0,1008.9333333333334
2024-03-02 01:00:00,22.90833333333333,35.0,491.1666666666667,41.0,1009.0166666666668
2024-03-02 02:00:00,22.983333333333334,35.0,485.5833333333333,41.0,1009.15
2024-03-02 03:00:00,23.0,35.0,488.54545454545456,41.0,1009.4545454545455
2024-03-02 04:00:00,23.0,35.0,490.8333333333333,41.0,1009.375
2024-03-02 05:00:00,23.0,35.0,496.1666666666667,41.0,1009.275
2024-03-02 06:00:00,23.03333333333333,35.0,490.25,41.0,1009.2583333333333
2024-03-02 07:00:00,23.05,35.0,492.75,40.916666666666664,1009.5
2024-03-02 08:00:00,23.100000000000005,34.833333333333336,490.6666666666667,40.583333333333336,1009.725
2024-03-02 09:00:00,22.933333333333334,34.0,483.6666666666667,39.166666666666664,1009.6500000000001
2024-03-02 10:00:00,22.899999999999995,34.0,479.25,39.166666666666664,1009.525
2024-03-02 11:00:00,22.875,34.0,485.4166666666667,40.0,1009.3333333333334
2024-03-02 12:00:00,23.05,34.0,487.75,40.333333333333336,1009.2083333333334
2024-03-02 13:00:00,23.1,34.0,492.6363636363636,40.72727272727273,1009.2454545454547
2024-03-02 14:00:00,23.15833333333333,34.0,484.5833333333333,40.833333333333336,1009.25
2024-03-02 15:00:00,23.2,34.0,489.25,40.666666666666664,1009.3083333333333
2024-03-02 16:00:00,23.2,34.0,486.8333333333333,40.916666666666664,1009.4583333333334
2024-03-02 17:00:00,23.2,34.083333333333336,488.75,41.0,1009.8333333333334
2024-03-02 18:00:00,23.15833333333333,34.166666666666664,489.8333333333333,39.666666666666664,1010.3583333333332
2024-03-02 19:00:00,22.933333333333334,34.0,480.6666666666667,39.5,1010.9416666666666
2024-03-02 20:00:00,22.84166666666667,34.0,478.8333333333333,39.5,1011.35
2024-03-02 21:00:00,22.891666666666666,34.0,475.3333333333333,41.166666666666664,1011.8249999999999
2024-03-02 22:00:00,23.072727272727274,34.0,480.3636363636364,41.0,1012.2727272727273
2024-03-02 23:00:00,23.100000000000005,34.916666666666664,486.3333333333333,41.0,1012.6666666666666
2024-03-03 00:00:00,23.100000000000005,35.0,488.9166666666667,41.0,1012.8249999999999
2024-03-03 01:00:00,23.09166666666667,34.833333333333336,490.5833333333333,40.583333333333336,1012.9499999999999
2024-03-03 02:00:00,22.90833333333333,34.0,481.6666666666667,39.333333333333336,1012.875
2024-03-03 03:00:00,22.8,34.0,480.0,39.166666666666664,1013.0333333333333
2024-03-03 04:00:00,22.733333333333334,34.0,470.75,39.666666666666664,1013.0916666666667
2024-03-03 05:00:00,22.958333333333332,34.0,481.5,41.0,1013.3583333333332
2024-03-03 06:00:00,23.0,34.0,483.9166666666667,41.0,1013.6666666666666
2024-03-03 07:00:00,23.100000000000005,34.0,482.25,41.0,1014.0583333333334
2024-03-03 08:00:00,23.1,34.0,491.3636363636364,41.0,1014.1363636363636
2024-03-03 09:00:00,23.141666666666666,34.0,485.0,40.833333333333336,1014.275
2024-03-03 10:00:00,23.2,34.0,484.3333333333333,40.333333333333336,1014.3333333333334
2024-03-03 11:00:00,23.2,34.0,491.25,40.583333333333336,1014.3916666666665
2024-03-03 12:00:00,23.2,34.0,487.4166666666667,41.083333333333336,1014.6416666666668
2024-03-03 13:00:00,23.308333333333334,34.333333333333336,616.0833333333334,41.583333333333336,1014.5
2024-03-03 14:00:00,23.541666666666668,35.0,859.0833333333334,42.666666666666664,1014.3499999999999
2024-03-03 15:00:00,23.691666666666666,35.0,886.1666666666666,41.75,1014.3000000000001
2024-03-03 16:00:00,23.71666666666667,35.75,873.75,41.416666666666664,1014.2166666666667
2024-03-03 17:00:00,23.90833333333333,36.0,922.1666666666666,47.166666666666664,1014.4333333333334
2024-03-03 18:00:00,23.981818181818184,36.0,884.2727272727273,44.54545454545455,1014.8636363636364
2024-03-03 19:00:00,23.924999999999997,36.833333333333336,865.0833333333334,43.083333333333336,1015.125
2024-03-03 20:00:00,23.983333333333334,38.0,872.0833333333334,41.5,1015.4833333333332
2024-03-03 21:00:00,24.083333333333332,39.416666666666664,851.75,41.25,1015.8666666666667
2024-03-03 22:00:00,24.2,42.5,932.5,42.833333333333336,1016.1916666666666
2024-03-03 23:00:00,24.191666666666666,43.0,893.75,41.5,1016.4499999999999
2024-03-04 00:00:00,24.258333333333336,43.0,903.0833333333334,42.75,1016.9250000000001
2024-03-04 01:00:00,24.34166666666667,42.916666666666664,944.0833333333334,42.583333333333336,1017.5333333333333
2024-03-04 02:00:00,24.266666666666666,42.0,894.5833333333334,41.0,1017.9833333333332
2024-03-04 03:00:00,24.2,42.0,861.8181818181819,41.0,1018.1727272727272
2024-03-04 04:00:00,24.108333333333334,41.416666666666664,841.25,41.0,1018.3833333333333
2024-03-04 05:00:00,24.100000000000005,41.0,818.1666666666666,41.25,1018.5916666666667
2024-03-04 06:00:00,24.100000000000005,40.166666666666664,806.0,41.0,1019.025
2024-03-04 07:00:00,24.008333333333336,40.0,797.25,41.666666666666664,1019.6999999999999
2024-03-04 08:00:00,24.0,39.416666666666664,808.0833333333334,41.583333333333336,1020.3583333333332
2024-03-04 09:00:00,23.825,41.833333333333336,765.75,46.666666666666664,1021.1416666666668
2024-03-04 10:00:00,23.166666666666668,40.0,599.3333333333334,44.5,1021.8916666666668
2024-03-04 11:00:00,23.141666666666666,38.666666666666664,531.5,40.916666666666664,1022.6166666666667
2024-03-04 12:00:00,23.025000000000002,37.5,479.9166666666667,42.0,1022.9
2024-03-04 13:00:00,23.0,36.45454545454545,464.90909090909093,43.72727272727273,1022.8090909090909
2024-03-04 14:00:00,22.96666666666667,36.0,484.5833333333333,42.583333333333336,1022.6833333333334
2024-03-04 15:00:00,22.96666666666667,36.0,576.5,43.25,1022.6500000000001
2024-03-04 16:00:00,23.108333333333334,35.166666666666664,640.3333333333334,42.25,1022.8249999999999
2024-03-04 17:00:00,23.2,35.0,700.8333333333334,42.0,1023.2666666666668
2024-03-04 18:00:00,23.224999999999998,35.0,692.8333333333334,42.416666666666664,1023.9
2024-03-04 19:00:00,23.21666666666667,35.0,678.5,42.25,1024.4583333333333
2024-03-04 20:00:00,23.2,35.0,655.9166666666666,42.083333333333336,1025.0583333333334
2024-03-04 21:00:00,23.2,35.0,666.25,41.666666666666664,1025.6583333333333
2024-03-04 22:00:00,23.154545454545453,34.09090909090909,654.7272727272727,41.18181818181818,1026.0727272727272
2024-03-04 23:00:00,23.100000000000005,34.0,653.75,41.916666666666664,1026.6166666666666
2024-03-05 00:00:00,23.041666666666668,34.0,660.0833333333334,42.25,1027.1416666666667
2024-03-05 01:00:00,23.0,33.5,655.6666666666666,41.833333333333336,1027.5083333333334
2024-03-05 02:00:00,23.008333333333336,33.0,667.4166666666666,41.833333333333336,1027.7
2024-03-05 03:00:00,22.90833333333333,33.0,724.75,41.0,1027.6083333333333
2024-03-05 04:00:00,22.683333333333334,33.0,724.75,39.416666666666664,1027.6916666666666
2024-03-05 05:00:00,22.458333333333332,32.333333333333336,713.3333333333334,38.416666666666664,1027.75
2024-03-05 06:00:00,22.358333333333334,32.0,687.8333333333334,38.833333333333336,1027.9750000000001
2024-03-05 07:00:00,22.200000000000003,32.0,661.0,38.833333333333336,1028.5333333333333
2024-03-05 08:00:00,22.1,32.0,667.9090909090909,38.90909090909091,1028.8363636363638
2024-03-05 09:00:00,22.058333333333334,32.0,660.9166666666666,38.833333333333336,1029.175
2024-03-05 10:00:00,22.258333333333336,33.333333333333336,675.5,41.5,1029.5249999999999
2024-03-05 11:00:00,22.358333333333334,34.833333333333336,558.4166666666666,41.666666666666664,1029.7916666666667
2024-03-05 12:00:00,22.458333333333332,33.583333333333336,517.1666666666666,41.916666666666664,1029.7749999999999
2024-03-05 13:00:00,22.366666666666664,32.416666666666664,458.3333333333333,41.583333333333336,1029.9750000000001
2024-03-05 14:00:00,22.233333333333334,31.5,437.5,41.333333333333336,1029.9083333333335
2024-03-05 15:00:00,22.208333333333332,31.0,428.5,41.666666666666664,1029.8416666666667
2024-03-05 16:00:00,22.208333333333332,30.166666666666668,425.8333333333333,42.0,1029.7833333333333
2024-03-05 17:00:00,22.290909090909093,30.0,428.27272727272725,42.0,1029.8727272727274
2024-03-05 18:00:00,22.3,30.0,422.8333333333333,41.75,1030.125
2024-03-05 19:00:00,22.21666666666667,30.0,421.3333333333333,41.916666666666664,1030.3916666666667
2024-03-05 20:00:00,22.11666666666667,29.166666666666668,424.3333333333333,42.0,1030.4583333333333
2024-03-05 21:00:00,21.933333333333334,29.0,420.6666666666667,42.0,1030.5833333333333
2024-03-05 22:00:00,22.166666666666668,29.416666666666668,467.4166666666667,41.333333333333336,1030.7833333333333
2024-03-05 23:00:00,22.491666666666664,30.0,708.25,42.833333333333336,1031.0166666666667
2024-03-06 00:00:00,22.433333333333334,30.0,797.6666666666666,41.916666666666664,1031.0666666666666
2024-03-06 01:00:00,22.508333333333336,30.833333333333332,916.5833333333334,42.583333333333336,1031.25
2024-03-06 02:00:00,22.572727272727274,30.545454545454547,905.4545454545455,40.0,1031.3727272727274
2024-03-06 03:00:00,22.8,30.0,863.1666666666666,39.583333333333336,1031.375
2024-03-06 04:00:00,22.899999999999995,30.0,846.0833333333334,39.583333333333336,1031.2333333333333
2024-03-06 05:00:00,22.96666666666667,30.0,849.8333333333334,39.833333333333336,1031.5
2024-03-06 06:00:00,23.0,30.0,846.1666666666666,39.75,1031.675
2024-03-06 07:00:00,23.0,30.0,809.1666666666666,39.916666666666664,1031.9583333333333
2024-03-06 08:00:00,23.083333333333332,31.25,831.5,40.916666666666664,1032.3083333333334
2024-03-06 09:00:00,23.2,34.0,744.25,40.0,1032.5666666666666
2024-03-06 10:00:00,23.125,33.083333333333336,599.5,40.0,1032.9
2024-03-06 11:00:00,23.100000000000005,32.166666666666664,526.25,40.333333333333336,1033.0083333333334
2024-03-06 12:00:00,23.1,31.363636363636363,495.6363636363636,40.81818181818182,1032.9454545454546
2024-03-06 13:00:00,23.041666666666668,31.0,515.9166666666666,40.833333333333336,1032.9750000000001
2024-03-06 14:00:00,22.916666666666668,31.0,708.8333333333334,41.666666666666664,1032.7916666666667
2024-03-06 15:00:00,23.233333333333334,37.916666666666664,866.5833333333334,42.666666666666664,1032.6916666666666
2024-03-06 16:00:00,23.99230769230769,40.0,1053.6153846153845,56.07692307692308,1032.9538461538461
2024-03-06 17:00:00,23.96666666666667,39.0,910.25,39.833333333333336,1033.1083333333333
2024-03-06 18:00:00,23.899999999999995,37.25,701.1666666666666,39.5,1033.4333333333334
2024-03-06 19:00:00,23.791666666666668,35.666666666666664,596.4166666666666,39.5,1033.6166666666666
2024-03-06 20:00:00,23.683333333333334,34.916666666666664,536.8333333333334,40.25,1033.6499999999999
2024-03-06 21:00:00,23.3,34.0,499.3333333333333,42.0,1033.9750000000001
2024-03-06 22:00:00,23.041666666666668,33.0,473.5,42.916666666666664,1034.1416666666667
2024-03-06 23:00:00,22.95,33.0,471.3333333333333,41.75,1034.1416666666667
2024-03-07 00:00:00,23.21666666666667,33.0,529.1666666666666,41.916666666666664,1034.1916666666666
2024-03-07 01:00:00,23.4,33.0,697.5454545454545,39.27272727272727,1034.2181818181818
2024-03-07 02:00:00,23.441666666666666,33.0,803.1666666666666,39.083333333333336,1033.95
2024-03-07 03:00:00,23.424999999999997,33.0,825.25,38.416666666666664,1033.6916666666666
2024-03-07 04:00:00,23.474999999999998,32.416666666666664,817.5,38.416666666666664,1033.4333333333334
2024-03-07 05:00:00,23.55,32.0,829.4166666666666,38.583333333333336,1033.1916666666666
2024-03-07 06:00:00,23.55,32.0,839.4166666666666,38.916666666666664,1033.075
2024-03-07 07:00:00,23.525000000000002,31.166666666666668,827.4166666666666,39.25,1033.375
2024-03-07 08:00:00,23.508333333333336,31.583333333333332,838.8333333333334,40.666666666666664,1033.2833333333333
2024-03-07 09:00:00,23.616666666666664,34.416666666666664,835.0833333333334,42.333333333333336,1033.1166666666666
2024-03-07 10:00:00,23.7,36.0,728.75,42.083333333333336,1032.8583333333333
2024-03-07 11:00:00,23.7,35.27272727272727,614.0909090909091,42.09090909090909,1032.5181818181818
2024-03-07 12:00:00,23.791666666666668,34.333333333333336,554.4166666666666,42.75,1032.0583333333334
2024-03-07 13:00:00,23.808333333333334,34.0,557.25,46.416666666666664,1031.5166666666667
2024-03-07 14:00:00,23.924999999999997,34.0,583.5,43.666666666666664,1030.9416666666666
2024-03-07 15:00:00,24.0,33.25,534.9166666666666,42.916666666666664,1030.3916666666667
2024-03-07 16:00:00,24.083333333333332,33.0,542.9166666666666,43.666666666666664,1029.9916666666666
2024-03-07 17:00:00,24.100000000000005,34.25,758.3333333333334,39.916666666666664,1029.8166666666666
2024-03-07 18:00:00,24.241666666666664,38.333333333333336,846.5,41.5,1029.8
2024-03-07 19:00:00,24.416666666666668,40.0,926.0833333333334,42.083333333333336,1029.6499999999999
2024-03-07 20:00:00,24.39090909090909,40.0,1002.0,40.18181818181818,1029.4818181818182
2024-03-07 21:00:00,24.333333333333332,40.0,1025.0833333333333,39.583333333333336,1029.3916666666667
2024-03-07 22:00:00,24.399999999999995,40.0,996.8333333333334,39.583333333333336,1029.2083333333333
2024-03-07 23:00:00,24.399999999999995,40.0,1006.3333333333334,39.583333333333336,1029.0166666666667
2024-03-08 00:00:00,24.325,40.0,990.0833333333334,40.166666666666664,1028.675
2024-03-08 01:00:00,24.233333333333334,40.0,965.8333333333334,39.833333333333336,1028.3999999999999
2024-03-08 02:00:00,23.65833333333333,38.5,820.1666666666666,38.916666666666664,1027.8916666666667
2024-03-08 03:00:00,23.133333333333336,37.25,695.9166666666666,38.25,1027.375
2024-03-08 04:00:00,22.849999999999998,36.083333333333336,642.6666666666666,38.166666666666664,1027.0583333333334
2024-03-08 05:00:00,22.59166666666667,35.833333333333336,642.9166666666666,38.5,1026.8916666666667
2024-03-08 06:00:00,22.354545454545455,35.0,636.8181818181819,38.72727272727273,1026.7454545454545
2024-03-08 07:00:00,22.241666666666664,34.5,644.9166666666666,38.833333333333336,1026.7083333333333
2024-03-08 08:00:00,22.59166666666667,34.083333333333336,660.75,42.916666666666664,1026.6916666666666
2024-03-08 09:00:00,22.96666666666667,37.583333333333336,708.8333333333334,39.5,1026.675
2024-03-08 10:00:00,23.099999999999998,37.5,724.3333333333334,43.166666666666664,1026.4166666666667
2024-03-08 11:00:00,23.2,35.833333333333336,713.0,42.5,1025.9166666666667
2024-03-08 12:00:00,23.383333333333336,36.416666666666664,757.1666666666666,40.333333333333336,1025.3666666666666
2024-03-08 13:00:00,23.416666666666668,36.083333333333336,737.75,41.5,1024.7416666666666
2024-03-08 14:00:00,22.191666666666666,32.0,477.5,40.833333333333336,1024.2833333333333
2024-03-08 15:00:00,21.641666666666666,30.25,463.0,42.0,1023.5166666666668
2024-03-08 16:00:00,22.481818181818184,31.0,557.9090909090909,45.0,1023.0454545454545
2024-03-08 17:00:00,22.875,31.0,689.25,42.833333333333336,1022.7666666666668
2024-03-08 18:00:00,22.899999999999995,31.0,690.4166666666666,40.0,1022.7416666666667
2024-03-08 19:00:00,22.8,31.0,754.1666666666666,41.75,1022.6166666666667
2024-03-08 20:00:00,22.233333333333334,30.416666666666668,590.0,43.416666666666664,1022.475
2024-03-08 21:00:00,22.15833333333333,30.333333333333332,620.5833333333334,43.166666666666664,1022.2166666666667
2024-03-08 22:00:00,22.358333333333334,31.0,739.9166666666666,39.666666666666664,1021.7333333333332
2024-03-08 23:00:00,22.399999999999995,31.0,720.5,38.5,1021.5916666666667
